data_status,product_instance,stage_id,stage_name,synthetic_activity_value,activity_unit,emission_factor_gCO2e_per_unit,factor_status,co2e_kg
SYNTHETIC,1,1,"Aluminium casing [SYNTHETIC]",1.207,"kg aluminium",14800,CITED,17.864
SYNTHETIC,1,2,"Circuit board (PCB, populated) [SYNTHETIC]",0.29,"kg populated board",185714,DERIVED_FROM_CITED,53.857
SYNTHETIC,1,3,"Battery (Li-ion cell production) [SYNTHETIC]",0.0761,"kWh cell capacity",74000,CITED,5.631
SYNTHETIC,1,4,"Screen (LCD module) [SYNTHETIC]",0.0548,"m2 panel area",222000,CITED,12.166
SYNTHETIC,1,5,"Assembly electricity [SYNTHETIC]",24.7,"kWh factory electricity",445,CITED,10.992
SYNTHETIC,1,6,"Packaging (cardboard) [SYNTHETIC]",1.04,"kg packaging material",1199.73,CITED,1.248
SYNTHETIC,1,7,"International shipping (sea, container) [SYNTHETIC]",53.2,"tonne-km",16.12,CITED,0.858
SYNTHETIC,1,8,"Use-phase electricity [SYNTHETIC]",122,"kWh lifetime electricity",445,CITED,54.29
SYNTHETIC,1,9,"Repair (replacement battery) [SYNTHETIC]",0.0632,"kWh replacement-battery capacity",74000,CITED,4.677
SYNTHETIC,1,10,"E-waste recycling (avoided-burden credit) [SYNTHETIC]",1.97,"kg mass processed",-1170.4,CITED,-2.306
SYNTHETIC,2,1,"Aluminium casing [SYNTHETIC]",0.992,"kg aluminium",14800,CITED,14.682
SYNTHETIC,2,2,"Circuit board (PCB, populated) [SYNTHETIC]",0.321,"kg populated board",185714,DERIVED_FROM_CITED,59.614
SYNTHETIC,2,3,"Battery (Li-ion cell production) [SYNTHETIC]",0.0488,"kWh cell capacity",74000,CITED,3.611
SYNTHETIC,2,4,"Screen (LCD module) [SYNTHETIC]",0.051,"m2 panel area",222000,CITED,11.322
SYNTHETIC,2,5,"Assembly electricity [SYNTHETIC]",27.8,"kWh factory electricity",445,CITED,12.371
SYNTHETIC,2,6,"Packaging (cardboard) [SYNTHETIC]",0.89,"kg packaging material",1199.73,CITED,1.068
SYNTHETIC,2,7,"International shipping (sea, container) [SYNTHETIC]",65.4,"tonne-km",16.12,CITED,1.054
SYNTHETIC,2,8,"Use-phase electricity [SYNTHETIC]",234,"kWh lifetime electricity",445,CITED,104.13
SYNTHETIC,2,9,"Repair (replacement battery) [SYNTHETIC]",0.0717,"kWh replacement-battery capacity",74000,CITED,5.306
SYNTHETIC,2,10,"E-waste recycling (avoided-burden credit) [SYNTHETIC]",2.1,"kg mass processed",-1170.4,CITED,-2.458
SYNTHETIC,3,1,"Aluminium casing [SYNTHETIC]",1.242,"kg aluminium",14800,CITED,18.382
SYNTHETIC,3,2,"Circuit board (PCB, populated) [SYNTHETIC]",0.328,"kg populated board",185714,DERIVED_FROM_CITED,60.914
SYNTHETIC,3,3,"Battery (Li-ion cell production) [SYNTHETIC]",0.0652,"kWh cell capacity",74000,CITED,4.825
SYNTHETIC,3,4,"Screen (LCD module) [SYNTHETIC]",0.0591,"m2 panel area",222000,CITED,13.12
SYNTHETIC,3,5,"Assembly electricity [SYNTHETIC]",18.2,"kWh factory electricity",445,CITED,8.099
SYNTHETIC,3,6,"Packaging (cardboard) [SYNTHETIC]",0.89,"kg packaging material",1199.73,CITED,1.068
SYNTHETIC,3,7,"International shipping (sea, container) [SYNTHETIC]",71.6,"tonne-km",16.12,CITED,1.154
SYNTHETIC,3,8,"Use-phase electricity [SYNTHETIC]",211,"kWh lifetime electricity",445,CITED,93.895
SYNTHETIC,3,9,"Repair (replacement battery) [SYNTHETIC]",0.0529,"kWh replacement-battery capacity",74000,CITED,3.915
SYNTHETIC,3,10,"E-waste recycling (avoided-burden credit) [SYNTHETIC]",1.86,"kg mass processed",-1170.4,CITED,-2.177
SYNTHETIC,4,1,"Aluminium casing [SYNTHETIC]",1.405,"kg aluminium",14800,CITED,20.794
SYNTHETIC,4,2,"Circuit board (PCB, populated) [SYNTHETIC]",0.387,"kg populated board",185714,DERIVED_FROM_CITED,71.871
SYNTHETIC,4,3,"Battery (Li-ion cell production) [SYNTHETIC]",0.0743,"kWh cell capacity",74000,CITED,5.498
SYNTHETIC,4,4,"Screen (LCD module) [SYNTHETIC]",0.0564,"m2 panel area",222000,CITED,12.521
SYNTHETIC,4,5,"Assembly electricity [SYNTHETIC]",26.8,"kWh factory electricity",445,CITED,11.926
SYNTHETIC,4,6,"Packaging (cardboard) [SYNTHETIC]",1.01,"kg packaging material",1199.73,CITED,1.212
SYNTHETIC,4,7,"International shipping (sea, container) [SYNTHETIC]",54.9,"tonne-km",16.12,CITED,0.885
SYNTHETIC,4,8,"Use-phase electricity [SYNTHETIC]",218,"kWh lifetime electricity",445,CITED,97.01
SYNTHETIC,4,9,"Repair (replacement battery) [SYNTHETIC]",0.0763,"kWh replacement-battery capacity",74000,CITED,5.646
SYNTHETIC,4,10,"E-waste recycling (avoided-burden credit) [SYNTHETIC]",2.11,"kg mass processed",-1170.4,CITED,-2.47
SYNTHETIC,5,1,"Aluminium casing [SYNTHETIC]",1.109,"kg aluminium",14800,CITED,16.413
SYNTHETIC,5,2,"Circuit board (PCB, populated) [SYNTHETIC]",0.389,"kg populated board",185714,DERIVED_FROM_CITED,72.243
SYNTHETIC,5,3,"Battery (Li-ion cell production) [SYNTHETIC]",0.048,"kWh cell capacity",74000,CITED,3.552
SYNTHETIC,5,4,"Screen (LCD module) [SYNTHETIC]",0.0584,"m2 panel area",222000,CITED,12.965
SYNTHETIC,5,5,"Assembly electricity [SYNTHETIC]",12.5,"kWh factory electricity",445,CITED,5.563
SYNTHETIC,5,6,"Packaging (cardboard) [SYNTHETIC]",1.02,"kg packaging material",1199.73,CITED,1.224
SYNTHETIC,5,7,"International shipping (sea, container) [SYNTHETIC]",60.8,"tonne-km",16.12,CITED,0.98
SYNTHETIC,5,8,"Use-phase electricity [SYNTHETIC]",85,"kWh lifetime electricity",445,CITED,37.825
SYNTHETIC,5,9,"Repair (replacement battery) [SYNTHETIC]",0.0511,"kWh replacement-battery capacity",74000,CITED,3.781
SYNTHETIC,5,10,"E-waste recycling (avoided-burden credit) [SYNTHETIC]",1.76,"kg mass processed",-1170.4,CITED,-2.06
SYNTHETIC,6,1,"Aluminium casing [SYNTHETIC]",1.207,"kg aluminium",14800,CITED,17.864
SYNTHETIC,6,2,"Circuit board (PCB, populated) [SYNTHETIC]",0.325,"kg populated board",185714,DERIVED_FROM_CITED,60.357
SYNTHETIC,6,3,"Battery (Li-ion cell production) [SYNTHETIC]",0.0712,"kWh cell capacity",74000,CITED,5.269
SYNTHETIC,6,4,"Screen (LCD module) [SYNTHETIC]",0.0677,"m2 panel area",222000,CITED,15.029
SYNTHETIC,6,5,"Assembly electricity [SYNTHETIC]",27.4,"kWh factory electricity",445,CITED,12.193
SYNTHETIC,6,6,"Packaging (cardboard) [SYNTHETIC]",0.86,"kg packaging material",1199.73,CITED,1.032
SYNTHETIC,6,7,"International shipping (sea, container) [SYNTHETIC]",81.5,"tonne-km",16.12,CITED,1.314
SYNTHETIC,6,8,"Use-phase electricity [SYNTHETIC]",158,"kWh lifetime electricity",445,CITED,70.31
SYNTHETIC,6,9,"Repair (replacement battery) [SYNTHETIC]",0.073,"kWh replacement-battery capacity",74000,CITED,5.402
SYNTHETIC,6,10,"E-waste recycling (avoided-burden credit) [SYNTHETIC]",1.82,"kg mass processed",-1170.4,CITED,-2.13
SYNTHETIC,7,1,"Aluminium casing [SYNTHETIC]",1.311,"kg aluminium",14800,CITED,19.403
SYNTHETIC,7,2,"Circuit board (PCB, populated) [SYNTHETIC]",0.43,"kg populated board",185714,DERIVED_FROM_CITED,79.857
SYNTHETIC,7,3,"Battery (Li-ion cell production) [SYNTHETIC]",0.0578,"kWh cell capacity",74000,CITED,4.277
SYNTHETIC,7,4,"Screen (LCD module) [SYNTHETIC]",0.0549,"m2 panel area",222000,CITED,12.188
SYNTHETIC,7,5,"Assembly electricity [SYNTHETIC]",18.9,"kWh factory electricity",445,CITED,8.411
SYNTHETIC,7,6,"Packaging (cardboard) [SYNTHETIC]",0.81,"kg packaging material",1199.73,CITED,0.972
SYNTHETIC,7,7,"International shipping (sea, container) [SYNTHETIC]",58,"tonne-km",16.12,CITED,0.935
SYNTHETIC,7,8,"Use-phase electricity [SYNTHETIC]",124,"kWh lifetime electricity",445,CITED,55.18
SYNTHETIC,7,9,"Repair (replacement battery) [SYNTHETIC]",0.0465,"kWh replacement-battery capacity",74000,CITED,3.441
SYNTHETIC,7,10,"E-waste recycling (avoided-burden credit) [SYNTHETIC]",1.81,"kg mass processed",-1170.4,CITED,-2.118
SYNTHETIC,8,1,"Aluminium casing [SYNTHETIC]",1.228,"kg aluminium",14800,CITED,18.174
SYNTHETIC,8,2,"Circuit board (PCB, populated) [SYNTHETIC]",0.33,"kg populated board",185714,DERIVED_FROM_CITED,61.286
SYNTHETIC,8,3,"Battery (Li-ion cell production) [SYNTHETIC]",0.0522,"kWh cell capacity",74000,CITED,3.863
SYNTHETIC,8,4,"Screen (LCD module) [SYNTHETIC]",0.0492,"m2 panel area",222000,CITED,10.922
SYNTHETIC,8,5,"Assembly electricity [SYNTHETIC]",31.4,"kWh factory electricity",445,CITED,13.973
SYNTHETIC,8,6,"Packaging (cardboard) [SYNTHETIC]",0.57,"kg packaging material",1199.73,CITED,0.684
SYNTHETIC,8,7,"International shipping (sea, container) [SYNTHETIC]",68.2,"tonne-km",16.12,CITED,1.099
SYNTHETIC,8,8,"Use-phase electricity [SYNTHETIC]",192,"kWh lifetime electricity",445,CITED,85.44
SYNTHETIC,8,9,"Repair (replacement battery) [SYNTHETIC]",0.0541,"kWh replacement-battery capacity",74000,CITED,4.003
SYNTHETIC,8,10,"E-waste recycling (avoided-burden credit) [SYNTHETIC]",2.07,"kg mass processed",-1170.4,CITED,-2.423
SYNTHETIC,9,1,"Aluminium casing [SYNTHETIC]",1.199,"kg aluminium",14800,CITED,17.745
SYNTHETIC,9,2,"Circuit board (PCB, populated) [SYNTHETIC]",0.319,"kg populated board",185714,DERIVED_FROM_CITED,59.243
SYNTHETIC,9,3,"Battery (Li-ion cell production) [SYNTHETIC]",0.0656,"kWh cell capacity",74000,CITED,4.854
SYNTHETIC,9,4,"Screen (LCD module) [SYNTHETIC]",0.0621,"m2 panel area",222000,CITED,13.786
SYNTHETIC,9,5,"Assembly electricity [SYNTHETIC]",31.6,"kWh factory electricity",445,CITED,14.062
SYNTHETIC,9,6,"Packaging (cardboard) [SYNTHETIC]",0.76,"kg packaging material",1199.73,CITED,0.912
SYNTHETIC,9,7,"International shipping (sea, container) [SYNTHETIC]",63.4,"tonne-km",16.12,CITED,1.022
SYNTHETIC,9,8,"Use-phase electricity [SYNTHETIC]",208,"kWh lifetime electricity",445,CITED,92.56
SYNTHETIC,9,9,"Repair (replacement battery) [SYNTHETIC]",0.0707,"kWh replacement-battery capacity",74000,CITED,5.232
SYNTHETIC,9,10,"E-waste recycling (avoided-burden credit) [SYNTHETIC]",1.97,"kg mass processed",-1170.4,CITED,-2.306
SYNTHETIC,10,1,"Aluminium casing [SYNTHETIC]",1.085,"kg aluminium",14800,CITED,16.058
SYNTHETIC,10,2,"Circuit board (PCB, populated) [SYNTHETIC]",0.4,"kg populated board",185714,DERIVED_FROM_CITED,74.286
SYNTHETIC,10,3,"Battery (Li-ion cell production) [SYNTHETIC]",0.0657,"kWh cell capacity",74000,CITED,4.862
SYNTHETIC,10,4,"Screen (LCD module) [SYNTHETIC]",0.0562,"m2 panel area",222000,CITED,12.476
SYNTHETIC,10,5,"Assembly electricity [SYNTHETIC]",34.8,"kWh factory electricity",445,CITED,15.486
SYNTHETIC,10,6,"Packaging (cardboard) [SYNTHETIC]",0.85,"kg packaging material",1199.73,CITED,1.02
SYNTHETIC,10,7,"International shipping (sea, container) [SYNTHETIC]",48.4,"tonne-km",16.12,CITED,0.78
SYNTHETIC,10,8,"Use-phase electricity [SYNTHETIC]",237,"kWh lifetime electricity",445,CITED,105.465
SYNTHETIC,10,9,"Repair (replacement battery) [SYNTHETIC]",0.0584,"kWh replacement-battery capacity",74000,CITED,4.322
SYNTHETIC,10,10,"E-waste recycling (avoided-burden credit) [SYNTHETIC]",2.33,"kg mass processed",-1170.4,CITED,-2.727
SYNTHETIC,11,1,"Aluminium casing [SYNTHETIC]",1.1,"kg aluminium",14800,CITED,16.28
SYNTHETIC,11,2,"Circuit board (PCB, populated) [SYNTHETIC]",0.399,"kg populated board",185714,DERIVED_FROM_CITED,74.1
SYNTHETIC,11,3,"Battery (Li-ion cell production) [SYNTHETIC]",0.0599,"kWh cell capacity",74000,CITED,4.433
SYNTHETIC,11,4,"Screen (LCD module) [SYNTHETIC]",0.0705,"m2 panel area",222000,CITED,15.651
SYNTHETIC,11,5,"Assembly electricity [SYNTHETIC]",21.2,"kWh factory electricity",445,CITED,9.434
SYNTHETIC,11,6,"Packaging (cardboard) [SYNTHETIC]",1.12,"kg packaging material",1199.73,CITED,1.344
SYNTHETIC,11,7,"International shipping (sea, container) [SYNTHETIC]",73.2,"tonne-km",16.12,CITED,1.18
SYNTHETIC,11,8,"Use-phase electricity [SYNTHETIC]",155,"kWh lifetime electricity",445,CITED,68.975
SYNTHETIC,11,9,"Repair (replacement battery) [SYNTHETIC]",0.0651,"kWh replacement-battery capacity",74000,CITED,4.817
SYNTHETIC,11,10,"E-waste recycling (avoided-burden credit) [SYNTHETIC]",2.01,"kg mass processed",-1170.4,CITED,-2.353
SYNTHETIC,12,1,"Aluminium casing [SYNTHETIC]",1.088,"kg aluminium",14800,CITED,16.102
SYNTHETIC,12,2,"Circuit board (PCB, populated) [SYNTHETIC]",0.319,"kg populated board",185714,DERIVED_FROM_CITED,59.243
SYNTHETIC,12,3,"Battery (Li-ion cell production) [SYNTHETIC]",0.055,"kWh cell capacity",74000,CITED,4.07
SYNTHETIC,12,4,"Screen (LCD module) [SYNTHETIC]",0.0608,"m2 panel area",222000,CITED,13.498
SYNTHETIC,12,5,"Assembly electricity [SYNTHETIC]",22.2,"kWh factory electricity",445,CITED,9.879
SYNTHETIC,12,6,"Packaging (cardboard) [SYNTHETIC]",0.93,"kg packaging material",1199.73,CITED,1.116
SYNTHETIC,12,7,"International shipping (sea, container) [SYNTHETIC]",72.8,"tonne-km",16.12,CITED,1.174
SYNTHETIC,12,8,"Use-phase electricity [SYNTHETIC]",139,"kWh lifetime electricity",445,CITED,61.855
SYNTHETIC,12,9,"Repair (replacement battery) [SYNTHETIC]",0.0569,"kWh replacement-battery capacity",74000,CITED,4.211
SYNTHETIC,12,10,"E-waste recycling (avoided-burden credit) [SYNTHETIC]",2.24,"kg mass processed",-1170.4,CITED,-2.622
SYNTHETIC,13,1,"Aluminium casing [SYNTHETIC]",1.24,"kg aluminium",14800,CITED,18.352
SYNTHETIC,13,2,"Circuit board (PCB, populated) [SYNTHETIC]",0.326,"kg populated board",185714,DERIVED_FROM_CITED,60.543
SYNTHETIC,13,3,"Battery (Li-ion cell production) [SYNTHETIC]",0.0667,"kWh cell capacity",74000,CITED,4.936
SYNTHETIC,13,4,"Screen (LCD module) [SYNTHETIC]",0.0595,"m2 panel area",222000,CITED,13.209
SYNTHETIC,13,5,"Assembly electricity [SYNTHETIC]",20.3,"kWh factory electricity",445,CITED,9.034
SYNTHETIC,13,6,"Packaging (cardboard) [SYNTHETIC]",0.91,"kg packaging material",1199.73,CITED,1.092
SYNTHETIC,13,7,"International shipping (sea, container) [SYNTHETIC]",84.4,"tonne-km",16.12,CITED,1.361
SYNTHETIC,13,8,"Use-phase electricity [SYNTHETIC]",172,"kWh lifetime electricity",445,CITED,76.54
SYNTHETIC,13,9,"Repair (replacement battery) [SYNTHETIC]",0.0618,"kWh replacement-battery capacity",74000,CITED,4.573
SYNTHETIC,13,10,"E-waste recycling (avoided-burden credit) [SYNTHETIC]",2.5,"kg mass processed",-1170.4,CITED,-2.926
SYNTHETIC,14,1,"Aluminium casing [SYNTHETIC]",1.296,"kg aluminium",14800,CITED,19.181
SYNTHETIC,14,2,"Circuit board (PCB, populated) [SYNTHETIC]",0.375,"kg populated board",185714,DERIVED_FROM_CITED,69.643
SYNTHETIC,14,3,"Battery (Li-ion cell production) [SYNTHETIC]",0.0575,"kWh cell capacity",74000,CITED,4.255
SYNTHETIC,14,4,"Screen (LCD module) [SYNTHETIC]",0.0591,"m2 panel area",222000,CITED,13.12
SYNTHETIC,14,5,"Assembly electricity [SYNTHETIC]",27.9,"kWh factory electricity",445,CITED,12.415
SYNTHETIC,14,6,"Packaging (cardboard) [SYNTHETIC]",1.19,"kg packaging material",1199.73,CITED,1.428
SYNTHETIC,14,7,"International shipping (sea, container) [SYNTHETIC]",81.4,"tonne-km",16.12,CITED,1.312
SYNTHETIC,14,8,"Use-phase electricity [SYNTHETIC]",223,"kWh lifetime electricity",445,CITED,99.235
SYNTHETIC,14,9,"Repair (replacement battery) [SYNTHETIC]",0.0577,"kWh replacement-battery capacity",74000,CITED,4.27
SYNTHETIC,14,10,"E-waste recycling (avoided-burden credit) [SYNTHETIC]",2.46,"kg mass processed",-1170.4,CITED,-2.879
SYNTHETIC,15,1,"Aluminium casing [SYNTHETIC]",0.983,"kg aluminium",14800,CITED,14.548
SYNTHETIC,15,2,"Circuit board (PCB, populated) [SYNTHETIC]",0.427,"kg populated board",185714,DERIVED_FROM_CITED,79.3
SYNTHETIC,15,3,"Battery (Li-ion cell production) [SYNTHETIC]",0.0492,"kWh cell capacity",74000,CITED,3.641
SYNTHETIC,15,4,"Screen (LCD module) [SYNTHETIC]",0.0611,"m2 panel area",222000,CITED,13.564
SYNTHETIC,15,5,"Assembly electricity [SYNTHETIC]",36.7,"kWh factory electricity",445,CITED,16.332
SYNTHETIC,15,6,"Packaging (cardboard) [SYNTHETIC]",0.82,"kg packaging material",1199.73,CITED,0.984
SYNTHETIC,15,7,"International shipping (sea, container) [SYNTHETIC]",79.6,"tonne-km",16.12,CITED,1.283
SYNTHETIC,15,8,"Use-phase electricity [SYNTHETIC]",184,"kWh lifetime electricity",445,CITED,81.88
SYNTHETIC,15,9,"Repair (replacement battery) [SYNTHETIC]",0.0549,"kWh replacement-battery capacity",74000,CITED,4.063
SYNTHETIC,15,10,"E-waste recycling (avoided-burden credit) [SYNTHETIC]",2.04,"kg mass processed",-1170.4,CITED,-2.388
SYNTHETIC,16,1,"Aluminium casing [SYNTHETIC]",0.937,"kg aluminium",14800,CITED,13.868
SYNTHETIC,16,2,"Circuit board (PCB, populated) [SYNTHETIC]",0.321,"kg populated board",185714,DERIVED_FROM_CITED,59.614
SYNTHETIC,16,3,"Battery (Li-ion cell production) [SYNTHETIC]",0.0752,"kWh cell capacity",74000,CITED,5.565
SYNTHETIC,16,4,"Screen (LCD module) [SYNTHETIC]",0.0541,"m2 panel area",222000,CITED,12.01
SYNTHETIC,16,5,"Assembly electricity [SYNTHETIC]",38.4,"kWh factory electricity",445,CITED,17.088
SYNTHETIC,16,6,"Packaging (cardboard) [SYNTHETIC]",0.85,"kg packaging material",1199.73,CITED,1.02
SYNTHETIC,16,7,"International shipping (sea, container) [SYNTHETIC]",74.5,"tonne-km",16.12,CITED,1.201
SYNTHETIC,16,8,"Use-phase electricity [SYNTHETIC]",198,"kWh lifetime electricity",445,CITED,88.11
SYNTHETIC,16,9,"Repair (replacement battery) [SYNTHETIC]",0.0455,"kWh replacement-battery capacity",74000,CITED,3.367
SYNTHETIC,16,10,"E-waste recycling (avoided-burden credit) [SYNTHETIC]",2.27,"kg mass processed",-1170.4,CITED,-2.657
SYNTHETIC,17,1,"Aluminium casing [SYNTHETIC]",1.121,"kg aluminium",14800,CITED,16.591
SYNTHETIC,17,2,"Circuit board (PCB, populated) [SYNTHETIC]",0.439,"kg populated board",185714,DERIVED_FROM_CITED,81.528
SYNTHETIC,17,3,"Battery (Li-ion cell production) [SYNTHETIC]",0.0526,"kWh cell capacity",74000,CITED,3.892
SYNTHETIC,17,4,"Screen (LCD module) [SYNTHETIC]",0.0501,"m2 panel area",222000,CITED,11.122
SYNTHETIC,17,5,"Assembly electricity [SYNTHETIC]",39.8,"kWh factory electricity",445,CITED,17.711
SYNTHETIC,17,6,"Packaging (cardboard) [SYNTHETIC]",0.83,"kg packaging material",1199.73,CITED,0.996
SYNTHETIC,17,7,"International shipping (sea, container) [SYNTHETIC]",59.3,"tonne-km",16.12,CITED,0.956
SYNTHETIC,17,8,"Use-phase electricity [SYNTHETIC]",148,"kWh lifetime electricity",445,CITED,65.86
SYNTHETIC,17,9,"Repair (replacement battery) [SYNTHETIC]",0.0759,"kWh replacement-battery capacity",74000,CITED,5.617
SYNTHETIC,17,10,"E-waste recycling (avoided-burden credit) [SYNTHETIC]",1.85,"kg mass processed",-1170.4,CITED,-2.165
SYNTHETIC,18,1,"Aluminium casing [SYNTHETIC]",1.173,"kg aluminium",14800,CITED,17.36
SYNTHETIC,18,2,"Circuit board (PCB, populated) [SYNTHETIC]",0.352,"kg populated board",185714,DERIVED_FROM_CITED,65.371
SYNTHETIC,18,3,"Battery (Li-ion cell production) [SYNTHETIC]",0.0556,"kWh cell capacity",74000,CITED,4.114
SYNTHETIC,18,4,"Screen (LCD module) [SYNTHETIC]",0.0653,"m2 panel area",222000,CITED,14.497
SYNTHETIC,18,5,"Assembly electricity [SYNTHETIC]",27.2,"kWh factory electricity",445,CITED,12.104
SYNTHETIC,18,6,"Packaging (cardboard) [SYNTHETIC]",0.78,"kg packaging material",1199.73,CITED,0.936
SYNTHETIC,18,7,"International shipping (sea, container) [SYNTHETIC]",60.1,"tonne-km",16.12,CITED,0.969
SYNTHETIC,18,8,"Use-phase electricity [SYNTHETIC]",167,"kWh lifetime electricity",445,CITED,74.315
SYNTHETIC,18,9,"Repair (replacement battery) [SYNTHETIC]",0.0603,"kWh replacement-battery capacity",74000,CITED,4.462
SYNTHETIC,18,10,"E-waste recycling (avoided-burden credit) [SYNTHETIC]",2.05,"kg mass processed",-1170.4,CITED,-2.399
SYNTHETIC,19,1,"Aluminium casing [SYNTHETIC]",1.15,"kg aluminium",14800,CITED,17.02
SYNTHETIC,19,2,"Circuit board (PCB, populated) [SYNTHETIC]",0.33,"kg populated board",185714,DERIVED_FROM_CITED,61.286
SYNTHETIC,19,3,"Battery (Li-ion cell production) [SYNTHETIC]",0.0557,"kWh cell capacity",74000,CITED,4.122
SYNTHETIC,19,4,"Screen (LCD module) [SYNTHETIC]",0.0627,"m2 panel area",222000,CITED,13.919
SYNTHETIC,19,5,"Assembly electricity [SYNTHETIC]",31,"kWh factory electricity",445,CITED,13.795
SYNTHETIC,19,6,"Packaging (cardboard) [SYNTHETIC]",1.03,"kg packaging material",1199.73,CITED,1.236
SYNTHETIC,19,7,"International shipping (sea, container) [SYNTHETIC]",72.5,"tonne-km",16.12,CITED,1.169
SYNTHETIC,19,8,"Use-phase electricity [SYNTHETIC]",164,"kWh lifetime electricity",445,CITED,72.98
SYNTHETIC,19,9,"Repair (replacement battery) [SYNTHETIC]",0.062,"kWh replacement-battery capacity",74000,CITED,4.588
SYNTHETIC,19,10,"E-waste recycling (avoided-burden credit) [SYNTHETIC]",2.09,"kg mass processed",-1170.4,CITED,-2.446
SYNTHETIC,20,1,"Aluminium casing [SYNTHETIC]",1.223,"kg aluminium",14800,CITED,18.1
SYNTHETIC,20,2,"Circuit board (PCB, populated) [SYNTHETIC]",0.373,"kg populated board",185714,DERIVED_FROM_CITED,69.271
SYNTHETIC,20,3,"Battery (Li-ion cell production) [SYNTHETIC]",0.0605,"kWh cell capacity",74000,CITED,4.477
SYNTHETIC,20,4,"Screen (LCD module) [SYNTHETIC]",0.0647,"m2 panel area",222000,CITED,14.363
SYNTHETIC,20,5,"Assembly electricity [SYNTHETIC]",17.6,"kWh factory electricity",445,CITED,7.832
SYNTHETIC,20,6,"Packaging (cardboard) [SYNTHETIC]",1.04,"kg packaging material",1199.73,CITED,1.248
SYNTHETIC,20,7,"International shipping (sea, container) [SYNTHETIC]",77,"tonne-km",16.12,CITED,1.241
SYNTHETIC,20,8,"Use-phase electricity [SYNTHETIC]",205,"kWh lifetime electricity",445,CITED,91.225
SYNTHETIC,20,9,"Repair (replacement battery) [SYNTHETIC]",0.0484,"kWh replacement-battery capacity",74000,CITED,3.582
SYNTHETIC,20,10,"E-waste recycling (avoided-burden credit) [SYNTHETIC]",2.01,"kg mass processed",-1170.4,CITED,-2.353
SYNTHETIC,21,1,"Aluminium casing [SYNTHETIC]",1.024,"kg aluminium",14800,CITED,15.155
SYNTHETIC,21,2,"Circuit board (PCB, populated) [SYNTHETIC]",0.479,"kg populated board",185714,DERIVED_FROM_CITED,88.957
SYNTHETIC,21,3,"Battery (Li-ion cell production) [SYNTHETIC]",0.058,"kWh cell capacity",74000,CITED,4.292
SYNTHETIC,21,4,"Screen (LCD module) [SYNTHETIC]",0.0633,"m2 panel area",222000,CITED,14.053
SYNTHETIC,21,5,"Assembly electricity [SYNTHETIC]",23.1,"kWh factory electricity",445,CITED,10.28
SYNTHETIC,21,6,"Packaging (cardboard) [SYNTHETIC]",0.94,"kg packaging material",1199.73,CITED,1.128
SYNTHETIC,21,7,"International shipping (sea, container) [SYNTHETIC]",59.8,"tonne-km",16.12,CITED,0.964
SYNTHETIC,21,8,"Use-phase electricity [SYNTHETIC]",143,"kWh lifetime electricity",445,CITED,63.635
SYNTHETIC,21,9,"Repair (replacement battery) [SYNTHETIC]",0.0642,"kWh replacement-battery capacity",74000,CITED,4.751
SYNTHETIC,21,10,"E-waste recycling (avoided-burden credit) [SYNTHETIC]",2.34,"kg mass processed",-1170.4,CITED,-2.739
SYNTHETIC,22,1,"Aluminium casing [SYNTHETIC]",1.099,"kg aluminium",14800,CITED,16.265
SYNTHETIC,22,2,"Circuit board (PCB, populated) [SYNTHETIC]",0.351,"kg populated board",185714,DERIVED_FROM_CITED,65.186
SYNTHETIC,22,3,"Battery (Li-ion cell production) [SYNTHETIC]",0.0579,"kWh cell capacity",74000,CITED,4.285
SYNTHETIC,22,4,"Screen (LCD module) [SYNTHETIC]",0.0573,"m2 panel area",222000,CITED,12.721
SYNTHETIC,22,5,"Assembly electricity [SYNTHETIC]",27.9,"kWh factory electricity",445,CITED,12.415
SYNTHETIC,22,6,"Packaging (cardboard) [SYNTHETIC]",1.17,"kg packaging material",1199.73,CITED,1.404
SYNTHETIC,22,7,"International shipping (sea, container) [SYNTHETIC]",74.9,"tonne-km",16.12,CITED,1.207
SYNTHETIC,22,8,"Use-phase electricity [SYNTHETIC]",179,"kWh lifetime electricity",445,CITED,79.655
SYNTHETIC,22,9,"Repair (replacement battery) [SYNTHETIC]",0.0463,"kWh replacement-battery capacity",74000,CITED,3.426
SYNTHETIC,22,10,"E-waste recycling (avoided-burden credit) [SYNTHETIC]",1.96,"kg mass processed",-1170.4,CITED,-2.294
SYNTHETIC,23,1,"Aluminium casing [SYNTHETIC]",1.037,"kg aluminium",14800,CITED,15.348
SYNTHETIC,23,2,"Circuit board (PCB, populated) [SYNTHETIC]",0.402,"kg populated board",185714,DERIVED_FROM_CITED,74.657
SYNTHETIC,23,3,"Battery (Li-ion cell production) [SYNTHETIC]",0.0489,"kWh cell capacity",74000,CITED,3.619
SYNTHETIC,23,4,"Screen (LCD module) [SYNTHETIC]",0.0589,"m2 panel area",222000,CITED,13.076
SYNTHETIC,23,5,"Assembly electricity [SYNTHETIC]",15.2,"kWh factory electricity",445,CITED,6.764
SYNTHETIC,23,6,"Packaging (cardboard) [SYNTHETIC]",0.84,"kg packaging material",1199.73,CITED,1.008
SYNTHETIC,23,7,"International shipping (sea, container) [SYNTHETIC]",59.8,"tonne-km",16.12,CITED,0.964
SYNTHETIC,23,8,"Use-phase electricity [SYNTHETIC]",195,"kWh lifetime electricity",445,CITED,86.775
SYNTHETIC,23,9,"Repair (replacement battery) [SYNTHETIC]",0.0603,"kWh replacement-battery capacity",74000,CITED,4.462
SYNTHETIC,23,10,"E-waste recycling (avoided-burden credit) [SYNTHETIC]",2.24,"kg mass processed",-1170.4,CITED,-2.622
SYNTHETIC,24,1,"Aluminium casing [SYNTHETIC]",1.047,"kg aluminium",14800,CITED,15.496
SYNTHETIC,24,2,"Circuit board (PCB, populated) [SYNTHETIC]",0.289,"kg populated board",185714,DERIVED_FROM_CITED,53.671
SYNTHETIC,24,3,"Battery (Li-ion cell production) [SYNTHETIC]",0.0481,"kWh cell capacity",74000,CITED,3.559
SYNTHETIC,24,4,"Screen (LCD module) [SYNTHETIC]",0.0617,"m2 panel area",222000,CITED,13.697
SYNTHETIC,24,5,"Assembly electricity [SYNTHETIC]",34,"kWh factory electricity",445,CITED,15.13
SYNTHETIC,24,6,"Packaging (cardboard) [SYNTHETIC]",0.66,"kg packaging material",1199.73,CITED,0.792
SYNTHETIC,24,7,"International shipping (sea, container) [SYNTHETIC]",65.5,"tonne-km",16.12,CITED,1.056
SYNTHETIC,24,8,"Use-phase electricity [SYNTHETIC]",125,"kWh lifetime electricity",445,CITED,55.625
SYNTHETIC,24,9,"Repair (replacement battery) [SYNTHETIC]",0.0709,"kWh replacement-battery capacity",74000,CITED,5.247
SYNTHETIC,24,10,"E-waste recycling (avoided-burden credit) [SYNTHETIC]",1.99,"kg mass processed",-1170.4,CITED,-2.329
SYNTHETIC,25,1,"Aluminium casing [SYNTHETIC]",1.009,"kg aluminium",14800,CITED,14.933
SYNTHETIC,25,2,"Circuit board (PCB, populated) [SYNTHETIC]",0.379,"kg populated board",185714,DERIVED_FROM_CITED,70.386
SYNTHETIC,25,3,"Battery (Li-ion cell production) [SYNTHETIC]",0.0619,"kWh cell capacity",74000,CITED,4.581
SYNTHETIC,25,4,"Screen (LCD module) [SYNTHETIC]",0.0525,"m2 panel area",222000,CITED,11.655
SYNTHETIC,25,5,"Assembly electricity [SYNTHETIC]",32.9,"kWh factory electricity",445,CITED,14.64
SYNTHETIC,25,6,"Packaging (cardboard) [SYNTHETIC]",0.86,"kg packaging material",1199.73,CITED,1.032
SYNTHETIC,25,7,"International shipping (sea, container) [SYNTHETIC]",49.1,"tonne-km",16.12,CITED,0.791
SYNTHETIC,25,8,"Use-phase electricity [SYNTHETIC]",199,"kWh lifetime electricity",445,CITED,88.555
SYNTHETIC,25,9,"Repair (replacement battery) [SYNTHETIC]",0.057,"kWh replacement-battery capacity",74000,CITED,4.218
SYNTHETIC,25,10,"E-waste recycling (avoided-burden credit) [SYNTHETIC]",1.84,"kg mass processed",-1170.4,CITED,-2.154
SYNTHETIC,26,1,"Aluminium casing [SYNTHETIC]",1.202,"kg aluminium",14800,CITED,17.79
SYNTHETIC,26,2,"Circuit board (PCB, populated) [SYNTHETIC]",0.376,"kg populated board",185714,DERIVED_FROM_CITED,69.828
SYNTHETIC,26,3,"Battery (Li-ion cell production) [SYNTHETIC]",0.0611,"kWh cell capacity",74000,CITED,4.521
SYNTHETIC,26,4,"Screen (LCD module) [SYNTHETIC]",0.0593,"m2 panel area",222000,CITED,13.165
SYNTHETIC,26,5,"Assembly electricity [SYNTHETIC]",22.8,"kWh factory electricity",445,CITED,10.146
SYNTHETIC,26,6,"Packaging (cardboard) [SYNTHETIC]",0.6,"kg packaging material",1199.73,CITED,0.72
SYNTHETIC,26,7,"International shipping (sea, container) [SYNTHETIC]",66.2,"tonne-km",16.12,CITED,1.067
SYNTHETIC,26,8,"Use-phase electricity [SYNTHETIC]",157,"kWh lifetime electricity",445,CITED,69.865
SYNTHETIC,26,9,"Repair (replacement battery) [SYNTHETIC]",0.077,"kWh replacement-battery capacity",74000,CITED,5.698
SYNTHETIC,26,10,"E-waste recycling (avoided-burden credit) [SYNTHETIC]",2.01,"kg mass processed",-1170.4,CITED,-2.353
SYNTHETIC,27,1,"Aluminium casing [SYNTHETIC]",1.255,"kg aluminium",14800,CITED,18.574
SYNTHETIC,27,2,"Circuit board (PCB, populated) [SYNTHETIC]",0.351,"kg populated board",185714,DERIVED_FROM_CITED,65.186
SYNTHETIC,27,3,"Battery (Li-ion cell production) [SYNTHETIC]",0.0528,"kWh cell capacity",74000,CITED,3.907
SYNTHETIC,27,4,"Screen (LCD module) [SYNTHETIC]",0.0582,"m2 panel area",222000,CITED,12.92
SYNTHETIC,27,5,"Assembly electricity [SYNTHETIC]",29,"kWh factory electricity",445,CITED,12.905
SYNTHETIC,27,6,"Packaging (cardboard) [SYNTHETIC]",1.16,"kg packaging material",1199.73,CITED,1.392
SYNTHETIC,27,7,"International shipping (sea, container) [SYNTHETIC]",66,"tonne-km",16.12,CITED,1.064
SYNTHETIC,27,8,"Use-phase electricity [SYNTHETIC]",222,"kWh lifetime electricity",445,CITED,98.79
SYNTHETIC,27,9,"Repair (replacement battery) [SYNTHETIC]",0.0603,"kWh replacement-battery capacity",74000,CITED,4.462
SYNTHETIC,27,10,"E-waste recycling (avoided-burden credit) [SYNTHETIC]",2,"kg mass processed",-1170.4,CITED,-2.341
SYNTHETIC,28,1,"Aluminium casing [SYNTHETIC]",1.066,"kg aluminium",14800,CITED,15.777
SYNTHETIC,28,2,"Circuit board (PCB, populated) [SYNTHETIC]",0.29,"kg populated board",185714,DERIVED_FROM_CITED,53.857
SYNTHETIC,28,3,"Battery (Li-ion cell production) [SYNTHETIC]",0.0651,"kWh cell capacity",74000,CITED,4.817
SYNTHETIC,28,4,"Screen (LCD module) [SYNTHETIC]",0.0616,"m2 panel area",222000,CITED,13.675
SYNTHETIC,28,5,"Assembly electricity [SYNTHETIC]",31.5,"kWh factory electricity",445,CITED,14.018
SYNTHETIC,28,6,"Packaging (cardboard) [SYNTHETIC]",0.73,"kg packaging material",1199.73,CITED,0.876
SYNTHETIC,28,7,"International shipping (sea, container) [SYNTHETIC]",52.8,"tonne-km",16.12,CITED,0.851
SYNTHETIC,28,8,"Use-phase electricity [SYNTHETIC]",142,"kWh lifetime electricity",445,CITED,63.19
SYNTHETIC,28,9,"Repair (replacement battery) [SYNTHETIC]",0.0734,"kWh replacement-battery capacity",74000,CITED,5.432
SYNTHETIC,28,10,"E-waste recycling (avoided-burden credit) [SYNTHETIC]",1.92,"kg mass processed",-1170.4,CITED,-2.247
SYNTHETIC,29,1,"Aluminium casing [SYNTHETIC]",1.017,"kg aluminium",14800,CITED,15.052
SYNTHETIC,29,2,"Circuit board (PCB, populated) [SYNTHETIC]",0.341,"kg populated board",185714,DERIVED_FROM_CITED,63.328
SYNTHETIC,29,3,"Battery (Li-ion cell production) [SYNTHETIC]",0.0619,"kWh cell capacity",74000,CITED,4.581
SYNTHETIC,29,4,"Screen (LCD module) [SYNTHETIC]",0.0549,"m2 panel area",222000,CITED,12.188
SYNTHETIC,29,5,"Assembly electricity [SYNTHETIC]",24.1,"kWh factory electricity",445,CITED,10.725
SYNTHETIC,29,6,"Packaging (cardboard) [SYNTHETIC]",0.78,"kg packaging material",1199.73,CITED,0.936
SYNTHETIC,29,7,"International shipping (sea, container) [SYNTHETIC]",64,"tonne-km",16.12,CITED,1.032
SYNTHETIC,29,8,"Use-phase electricity [SYNTHETIC]",133,"kWh lifetime electricity",445,CITED,59.185
SYNTHETIC,29,9,"Repair (replacement battery) [SYNTHETIC]",0.0592,"kWh replacement-battery capacity",74000,CITED,4.381
SYNTHETIC,29,10,"E-waste recycling (avoided-burden credit) [SYNTHETIC]",2.04,"kg mass processed",-1170.4,CITED,-2.388
SYNTHETIC,30,1,"Aluminium casing [SYNTHETIC]",1.304,"kg aluminium",14800,CITED,19.299
SYNTHETIC,30,2,"Circuit board (PCB, populated) [SYNTHETIC]",0.415,"kg populated board",185714,DERIVED_FROM_CITED,77.071
SYNTHETIC,30,3,"Battery (Li-ion cell production) [SYNTHETIC]",0.0651,"kWh cell capacity",74000,CITED,4.817
SYNTHETIC,30,4,"Screen (LCD module) [SYNTHETIC]",0.048,"m2 panel area",222000,CITED,10.656
SYNTHETIC,30,5,"Assembly electricity [SYNTHETIC]",16.9,"kWh factory electricity",445,CITED,7.52
SYNTHETIC,30,6,"Packaging (cardboard) [SYNTHETIC]",0.86,"kg packaging material",1199.73,CITED,1.032
SYNTHETIC,30,7,"International shipping (sea, container) [SYNTHETIC]",51.1,"tonne-km",16.12,CITED,0.824
SYNTHETIC,30,8,"Use-phase electricity [SYNTHETIC]",116,"kWh lifetime electricity",445,CITED,51.62
SYNTHETIC,30,9,"Repair (replacement battery) [SYNTHETIC]",0.0642,"kWh replacement-battery capacity",74000,CITED,4.751
SYNTHETIC,30,10,"E-waste recycling (avoided-burden credit) [SYNTHETIC]",2.16,"kg mass processed",-1170.4,CITED,-2.528
SYNTHETIC,31,1,"Aluminium casing [SYNTHETIC]",1.234,"kg aluminium",14800,CITED,18.263
SYNTHETIC,31,2,"Circuit board (PCB, populated) [SYNTHETIC]",0.355,"kg populated board",185714,DERIVED_FROM_CITED,65.928
SYNTHETIC,31,3,"Battery (Li-ion cell production) [SYNTHETIC]",0.0598,"kWh cell capacity",74000,CITED,4.425
SYNTHETIC,31,4,"Screen (LCD module) [SYNTHETIC]",0.062,"m2 panel area",222000,CITED,13.764
SYNTHETIC,31,5,"Assembly electricity [SYNTHETIC]",18.2,"kWh factory electricity",445,CITED,8.099
SYNTHETIC,31,6,"Packaging (cardboard) [SYNTHETIC]",1.19,"kg packaging material",1199.73,CITED,1.428
SYNTHETIC,31,7,"International shipping (sea, container) [SYNTHETIC]",61.6,"tonne-km",16.12,CITED,0.993
SYNTHETIC,31,8,"Use-phase electricity [SYNTHETIC]",225,"kWh lifetime electricity",445,CITED,100.125
SYNTHETIC,31,9,"Repair (replacement battery) [SYNTHETIC]",0.0663,"kWh replacement-battery capacity",74000,CITED,4.906
SYNTHETIC,31,10,"E-waste recycling (avoided-burden credit) [SYNTHETIC]",2.46,"kg mass processed",-1170.4,CITED,-2.879
SYNTHETIC,32,1,"Aluminium casing [SYNTHETIC]",1.02,"kg aluminium",14800,CITED,15.096
SYNTHETIC,32,2,"Circuit board (PCB, populated) [SYNTHETIC]",0.28,"kg populated board",185714,DERIVED_FROM_CITED,52
SYNTHETIC,32,3,"Battery (Li-ion cell production) [SYNTHETIC]",0.0709,"kWh cell capacity",74000,CITED,5.247
SYNTHETIC,32,4,"Screen (LCD module) [SYNTHETIC]",0.0604,"m2 panel area",222000,CITED,13.409
SYNTHETIC,32,5,"Assembly electricity [SYNTHETIC]",21.8,"kWh factory electricity",445,CITED,9.701
SYNTHETIC,32,6,"Packaging (cardboard) [SYNTHETIC]",0.63,"kg packaging material",1199.73,CITED,0.756
SYNTHETIC,32,7,"International shipping (sea, container) [SYNTHETIC]",63.8,"tonne-km",16.12,CITED,1.028
SYNTHETIC,32,8,"Use-phase electricity [SYNTHETIC]",190,"kWh lifetime electricity",445,CITED,84.55
SYNTHETIC,32,9,"Repair (replacement battery) [SYNTHETIC]",0.0516,"kWh replacement-battery capacity",74000,CITED,3.818
SYNTHETIC,32,10,"E-waste recycling (avoided-burden credit) [SYNTHETIC]",2.42,"kg mass processed",-1170.4,CITED,-2.832
SYNTHETIC,33,1,"Aluminium casing [SYNTHETIC]",1.259,"kg aluminium",14800,CITED,18.633
SYNTHETIC,33,2,"Circuit board (PCB, populated) [SYNTHETIC]",0.351,"kg populated board",185714,DERIVED_FROM_CITED,65.186
SYNTHETIC,33,3,"Battery (Li-ion cell production) [SYNTHETIC]",0.0521,"kWh cell capacity",74000,CITED,3.855
SYNTHETIC,33,4,"Screen (LCD module) [SYNTHETIC]",0.067,"m2 panel area",222000,CITED,14.874
SYNTHETIC,33,5,"Assembly electricity [SYNTHETIC]",31.3,"kWh factory electricity",445,CITED,13.928
SYNTHETIC,33,6,"Packaging (cardboard) [SYNTHETIC]",1.1,"kg packaging material",1199.73,CITED,1.32
SYNTHETIC,33,7,"International shipping (sea, container) [SYNTHETIC]",87,"tonne-km",16.12,CITED,1.402
SYNTHETIC,33,8,"Use-phase electricity [SYNTHETIC]",223,"kWh lifetime electricity",445,CITED,99.235
SYNTHETIC,33,9,"Repair (replacement battery) [SYNTHETIC]",0.0489,"kWh replacement-battery capacity",74000,CITED,3.619
SYNTHETIC,33,10,"E-waste recycling (avoided-burden credit) [SYNTHETIC]",1.73,"kg mass processed",-1170.4,CITED,-2.025
SYNTHETIC,34,1,"Aluminium casing [SYNTHETIC]",1.322,"kg aluminium",14800,CITED,19.566
SYNTHETIC,34,2,"Circuit board (PCB, populated) [SYNTHETIC]",0.362,"kg populated board",185714,DERIVED_FROM_CITED,67.228
SYNTHETIC,34,3,"Battery (Li-ion cell production) [SYNTHETIC]",0.054,"kWh cell capacity",74000,CITED,3.996
SYNTHETIC,34,4,"Screen (LCD module) [SYNTHETIC]",0.0581,"m2 panel area",222000,CITED,12.898
SYNTHETIC,34,5,"Assembly electricity [SYNTHETIC]",25.3,"kWh factory electricity",445,CITED,11.258
SYNTHETIC,34,6,"Packaging (cardboard) [SYNTHETIC]",0.98,"kg packaging material",1199.73,CITED,1.176
SYNTHETIC,34,7,"International shipping (sea, container) [SYNTHETIC]",61.3,"tonne-km",16.12,CITED,0.988
SYNTHETIC,34,8,"Use-phase electricity [SYNTHETIC]",170,"kWh lifetime electricity",445,CITED,75.65
SYNTHETIC,34,9,"Repair (replacement battery) [SYNTHETIC]",0.0595,"kWh replacement-battery capacity",74000,CITED,4.403
SYNTHETIC,34,10,"E-waste recycling (avoided-burden credit) [SYNTHETIC]",1.96,"kg mass processed",-1170.4,CITED,-2.294
SYNTHETIC,35,1,"Aluminium casing [SYNTHETIC]",1.369,"kg aluminium",14800,CITED,20.261
SYNTHETIC,35,2,"Circuit board (PCB, populated) [SYNTHETIC]",0.319,"kg populated board",185714,DERIVED_FROM_CITED,59.243
SYNTHETIC,35,3,"Battery (Li-ion cell production) [SYNTHETIC]",0.0623,"kWh cell capacity",74000,CITED,4.61
SYNTHETIC,35,4,"Screen (LCD module) [SYNTHETIC]",0.0548,"m2 panel area",222000,CITED,12.166
SYNTHETIC,35,5,"Assembly electricity [SYNTHETIC]",31.3,"kWh factory electricity",445,CITED,13.928
SYNTHETIC,35,6,"Packaging (cardboard) [SYNTHETIC]",0.7,"kg packaging material",1199.73,CITED,0.84
SYNTHETIC,35,7,"International shipping (sea, container) [SYNTHETIC]",62.6,"tonne-km",16.12,CITED,1.009
SYNTHETIC,35,8,"Use-phase electricity [SYNTHETIC]",138,"kWh lifetime electricity",445,CITED,61.41
SYNTHETIC,35,9,"Repair (replacement battery) [SYNTHETIC]",0.0492,"kWh replacement-battery capacity",74000,CITED,3.641
SYNTHETIC,35,10,"E-waste recycling (avoided-burden credit) [SYNTHETIC]",2.07,"kg mass processed",-1170.4,CITED,-2.423
SYNTHETIC,36,1,"Aluminium casing [SYNTHETIC]",1.183,"kg aluminium",14800,CITED,17.508
SYNTHETIC,36,2,"Circuit board (PCB, populated) [SYNTHETIC]",0.287,"kg populated board",185714,DERIVED_FROM_CITED,53.3
SYNTHETIC,36,3,"Battery (Li-ion cell production) [SYNTHETIC]",0.0719,"kWh cell capacity",74000,CITED,5.321
SYNTHETIC,36,4,"Screen (LCD module) [SYNTHETIC]",0.0717,"m2 panel area",222000,CITED,15.917
SYNTHETIC,36,5,"Assembly electricity [SYNTHETIC]",28.4,"kWh factory electricity",445,CITED,12.638
SYNTHETIC,36,6,"Packaging (cardboard) [SYNTHETIC]",0.73,"kg packaging material",1199.73,CITED,0.876
SYNTHETIC,36,7,"International shipping (sea, container) [SYNTHETIC]",66.7,"tonne-km",16.12,CITED,1.075
SYNTHETIC,36,8,"Use-phase electricity [SYNTHETIC]",165,"kWh lifetime electricity",445,CITED,73.425
SYNTHETIC,36,9,"Repair (replacement battery) [SYNTHETIC]",0.0615,"kWh replacement-battery capacity",74000,CITED,4.551
SYNTHETIC,36,10,"E-waste recycling (avoided-burden credit) [SYNTHETIC]",2.2,"kg mass processed",-1170.4,CITED,-2.575
SYNTHETIC,37,1,"Aluminium casing [SYNTHETIC]",1.02,"kg aluminium",14800,CITED,15.096
SYNTHETIC,37,2,"Circuit board (PCB, populated) [SYNTHETIC]",0.319,"kg populated board",185714,DERIVED_FROM_CITED,59.243
SYNTHETIC,37,3,"Battery (Li-ion cell production) [SYNTHETIC]",0.051,"kWh cell capacity",74000,CITED,3.774
SYNTHETIC,37,4,"Screen (LCD module) [SYNTHETIC]",0.0534,"m2 panel area",222000,CITED,11.855
SYNTHETIC,37,5,"Assembly electricity [SYNTHETIC]",21.3,"kWh factory electricity",445,CITED,9.479
SYNTHETIC,37,6,"Packaging (cardboard) [SYNTHETIC]",1.11,"kg packaging material",1199.73,CITED,1.332
SYNTHETIC,37,7,"International shipping (sea, container) [SYNTHETIC]",62.4,"tonne-km",16.12,CITED,1.006
SYNTHETIC,37,8,"Use-phase electricity [SYNTHETIC]",160,"kWh lifetime electricity",445,CITED,71.2
SYNTHETIC,37,9,"Repair (replacement battery) [SYNTHETIC]",0.0603,"kWh replacement-battery capacity",74000,CITED,4.462
SYNTHETIC,37,10,"E-waste recycling (avoided-burden credit) [SYNTHETIC]",1.95,"kg mass processed",-1170.4,CITED,-2.282
SYNTHETIC,38,1,"Aluminium casing [SYNTHETIC]",1.313,"kg aluminium",14800,CITED,19.432
SYNTHETIC,38,2,"Circuit board (PCB, populated) [SYNTHETIC]",0.392,"kg populated board",185714,DERIVED_FROM_CITED,72.8
SYNTHETIC,38,3,"Battery (Li-ion cell production) [SYNTHETIC]",0.0465,"kWh cell capacity",74000,CITED,3.441
SYNTHETIC,38,4,"Screen (LCD module) [SYNTHETIC]",0.0526,"m2 panel area",222000,CITED,11.677
SYNTHETIC,38,5,"Assembly electricity [SYNTHETIC]",27.8,"kWh factory electricity",445,CITED,12.371
SYNTHETIC,38,6,"Packaging (cardboard) [SYNTHETIC]",0.91,"kg packaging material",1199.73,CITED,1.092
SYNTHETIC,38,7,"International shipping (sea, container) [SYNTHETIC]",54.3,"tonne-km",16.12,CITED,0.875
SYNTHETIC,38,8,"Use-phase electricity [SYNTHETIC]",220,"kWh lifetime electricity",445,CITED,97.9
SYNTHETIC,38,9,"Repair (replacement battery) [SYNTHETIC]",0.0568,"kWh replacement-battery capacity",74000,CITED,4.203
SYNTHETIC,38,10,"E-waste recycling (avoided-burden credit) [SYNTHETIC]",2.08,"kg mass processed",-1170.4,CITED,-2.434
SYNTHETIC,39,1,"Aluminium casing [SYNTHETIC]",0.802,"kg aluminium",14800,CITED,11.87
SYNTHETIC,39,2,"Circuit board (PCB, populated) [SYNTHETIC]",0.307,"kg populated board",185714,DERIVED_FROM_CITED,57.014
SYNTHETIC,39,3,"Battery (Li-ion cell production) [SYNTHETIC]",0.06,"kWh cell capacity",74000,CITED,4.44
SYNTHETIC,39,4,"Screen (LCD module) [SYNTHETIC]",0.0538,"m2 panel area",222000,CITED,11.944
SYNTHETIC,39,5,"Assembly electricity [SYNTHETIC]",21.9,"kWh factory electricity",445,CITED,9.745
SYNTHETIC,39,6,"Packaging (cardboard) [SYNTHETIC]",0.66,"kg packaging material",1199.73,CITED,0.792
SYNTHETIC,39,7,"International shipping (sea, container) [SYNTHETIC]",55.1,"tonne-km",16.12,CITED,0.888
SYNTHETIC,39,8,"Use-phase electricity [SYNTHETIC]",172,"kWh lifetime electricity",445,CITED,76.54
SYNTHETIC,39,9,"Repair (replacement battery) [SYNTHETIC]",0.0638,"kWh replacement-battery capacity",74000,CITED,4.721
SYNTHETIC,39,10,"E-waste recycling (avoided-burden credit) [SYNTHETIC]",2.11,"kg mass processed",-1170.4,CITED,-2.47
SYNTHETIC,40,1,"Aluminium casing [SYNTHETIC]",0.999,"kg aluminium",14800,CITED,14.785
SYNTHETIC,40,2,"Circuit board (PCB, populated) [SYNTHETIC]",0.413,"kg populated board",185714,DERIVED_FROM_CITED,76.7
SYNTHETIC,40,3,"Battery (Li-ion cell production) [SYNTHETIC]",0.0501,"kWh cell capacity",74000,CITED,3.707
SYNTHETIC,40,4,"Screen (LCD module) [SYNTHETIC]",0.0685,"m2 panel area",222000,CITED,15.207
SYNTHETIC,40,5,"Assembly electricity [SYNTHETIC]",26.6,"kWh factory electricity",445,CITED,11.837
SYNTHETIC,40,6,"Packaging (cardboard) [SYNTHETIC]",0.81,"kg packaging material",1199.73,CITED,0.972
SYNTHETIC,40,7,"International shipping (sea, container) [SYNTHETIC]",51.1,"tonne-km",16.12,CITED,0.824
SYNTHETIC,40,8,"Use-phase electricity [SYNTHETIC]",140,"kWh lifetime electricity",445,CITED,62.3
SYNTHETIC,40,9,"Repair (replacement battery) [SYNTHETIC]",0.0612,"kWh replacement-battery capacity",74000,CITED,4.529
SYNTHETIC,40,10,"E-waste recycling (avoided-burden credit) [SYNTHETIC]",1.9,"kg mass processed",-1170.4,CITED,-2.224
SYNTHETIC,41,1,"Aluminium casing [SYNTHETIC]",1.215,"kg aluminium",14800,CITED,17.982
SYNTHETIC,41,2,"Circuit board (PCB, populated) [SYNTHETIC]",0.386,"kg populated board",185714,DERIVED_FROM_CITED,71.686
SYNTHETIC,41,3,"Battery (Li-ion cell production) [SYNTHETIC]",0.0672,"kWh cell capacity",74000,CITED,4.973
SYNTHETIC,41,4,"Screen (LCD module) [SYNTHETIC]",0.0519,"m2 panel area",222000,CITED,11.522
SYNTHETIC,41,5,"Assembly electricity [SYNTHETIC]",24.8,"kWh factory electricity",445,CITED,11.036
SYNTHETIC,41,6,"Packaging (cardboard) [SYNTHETIC]",0.81,"kg packaging material",1199.73,CITED,0.972
SYNTHETIC,41,7,"International shipping (sea, container) [SYNTHETIC]",60.8,"tonne-km",16.12,CITED,0.98
SYNTHETIC,41,8,"Use-phase electricity [SYNTHETIC]",182,"kWh lifetime electricity",445,CITED,80.99
SYNTHETIC,41,9,"Repair (replacement battery) [SYNTHETIC]",0.0615,"kWh replacement-battery capacity",74000,CITED,4.551
SYNTHETIC,41,10,"E-waste recycling (avoided-burden credit) [SYNTHETIC]",2.42,"kg mass processed",-1170.4,CITED,-2.832
SYNTHETIC,42,1,"Aluminium casing [SYNTHETIC]",1.067,"kg aluminium",14800,CITED,15.792
SYNTHETIC,42,2,"Circuit board (PCB, populated) [SYNTHETIC]",0.338,"kg populated board",185714,DERIVED_FROM_CITED,62.771
SYNTHETIC,42,3,"Battery (Li-ion cell production) [SYNTHETIC]",0.0675,"kWh cell capacity",74000,CITED,4.995
SYNTHETIC,42,4,"Screen (LCD module) [SYNTHETIC]",0.0622,"m2 panel area",222000,CITED,13.808
SYNTHETIC,42,5,"Assembly electricity [SYNTHETIC]",25.6,"kWh factory electricity",445,CITED,11.392
SYNTHETIC,42,6,"Packaging (cardboard) [SYNTHETIC]",0.81,"kg packaging material",1199.73,CITED,0.972
SYNTHETIC,42,7,"International shipping (sea, container) [SYNTHETIC]",75.3,"tonne-km",16.12,CITED,1.214
SYNTHETIC,42,8,"Use-phase electricity [SYNTHETIC]",191,"kWh lifetime electricity",445,CITED,84.995
SYNTHETIC,42,9,"Repair (replacement battery) [SYNTHETIC]",0.0609,"kWh replacement-battery capacity",74000,CITED,4.507
SYNTHETIC,42,10,"E-waste recycling (avoided-burden credit) [SYNTHETIC]",1.74,"kg mass processed",-1170.4,CITED,-2.036
SYNTHETIC,43,1,"Aluminium casing [SYNTHETIC]",0.98,"kg aluminium",14800,CITED,14.504
SYNTHETIC,43,2,"Circuit board (PCB, populated) [SYNTHETIC]",0.331,"kg populated board",185714,DERIVED_FROM_CITED,61.471
SYNTHETIC,43,3,"Battery (Li-ion cell production) [SYNTHETIC]",0.0693,"kWh cell capacity",74000,CITED,5.128
SYNTHETIC,43,4,"Screen (LCD module) [SYNTHETIC]",0.0498,"m2 panel area",222000,CITED,11.056
SYNTHETIC,43,5,"Assembly electricity [SYNTHETIC]",29.5,"kWh factory electricity",445,CITED,13.127
SYNTHETIC,43,6,"Packaging (cardboard) [SYNTHETIC]",1.1,"kg packaging material",1199.73,CITED,1.32
SYNTHETIC,43,7,"International shipping (sea, container) [SYNTHETIC]",69.7,"tonne-km",16.12,CITED,1.124
SYNTHETIC,43,8,"Use-phase electricity [SYNTHETIC]",211,"kWh lifetime electricity",445,CITED,93.895
SYNTHETIC,43,9,"Repair (replacement battery) [SYNTHETIC]",0.071,"kWh replacement-battery capacity",74000,CITED,5.254
SYNTHETIC,43,10,"E-waste recycling (avoided-burden credit) [SYNTHETIC]",1.87,"kg mass processed",-1170.4,CITED,-2.189
SYNTHETIC,44,1,"Aluminium casing [SYNTHETIC]",1.21,"kg aluminium",14800,CITED,17.908
SYNTHETIC,44,2,"Circuit board (PCB, populated) [SYNTHETIC]",0.358,"kg populated board",185714,DERIVED_FROM_CITED,66.486
SYNTHETIC,44,3,"Battery (Li-ion cell production) [SYNTHETIC]",0.056,"kWh cell capacity",74000,CITED,4.144
SYNTHETIC,44,4,"Screen (LCD module) [SYNTHETIC]",0.0596,"m2 panel area",222000,CITED,13.231
SYNTHETIC,44,5,"Assembly electricity [SYNTHETIC]",25.7,"kWh factory electricity",445,CITED,11.437
SYNTHETIC,44,6,"Packaging (cardboard) [SYNTHETIC]",1.08,"kg packaging material",1199.73,CITED,1.296
SYNTHETIC,44,7,"International shipping (sea, container) [SYNTHETIC]",66.5,"tonne-km",16.12,CITED,1.072
SYNTHETIC,44,8,"Use-phase electricity [SYNTHETIC]",153,"kWh lifetime electricity",445,CITED,68.085
SYNTHETIC,44,9,"Repair (replacement battery) [SYNTHETIC]",0.0577,"kWh replacement-battery capacity",74000,CITED,4.27
SYNTHETIC,44,10,"E-waste recycling (avoided-burden credit) [SYNTHETIC]",2.08,"kg mass processed",-1170.4,CITED,-2.434
SYNTHETIC,45,1,"Aluminium casing [SYNTHETIC]",1.075,"kg aluminium",14800,CITED,15.91
SYNTHETIC,45,2,"Circuit board (PCB, populated) [SYNTHETIC]",0.306,"kg populated board",185714,DERIVED_FROM_CITED,56.828
SYNTHETIC,45,3,"Battery (Li-ion cell production) [SYNTHETIC]",0.0627,"kWh cell capacity",74000,CITED,4.64
SYNTHETIC,45,4,"Screen (LCD module) [SYNTHETIC]",0.0651,"m2 panel area",222000,CITED,14.452
SYNTHETIC,45,5,"Assembly electricity [SYNTHETIC]",23.9,"kWh factory electricity",445,CITED,10.636
SYNTHETIC,45,6,"Packaging (cardboard) [SYNTHETIC]",0.96,"kg packaging material",1199.73,CITED,1.152
SYNTHETIC,45,7,"International shipping (sea, container) [SYNTHETIC]",80.2,"tonne-km",16.12,CITED,1.293
SYNTHETIC,45,8,"Use-phase electricity [SYNTHETIC]",190,"kWh lifetime electricity",445,CITED,84.55
SYNTHETIC,45,9,"Repair (replacement battery) [SYNTHETIC]",0.0786,"kWh replacement-battery capacity",74000,CITED,5.816
SYNTHETIC,45,10,"E-waste recycling (avoided-burden credit) [SYNTHETIC]",2.31,"kg mass processed",-1170.4,CITED,-2.704
SYNTHETIC,46,1,"Aluminium casing [SYNTHETIC]",0.991,"kg aluminium",14800,CITED,14.667
SYNTHETIC,46,2,"Circuit board (PCB, populated) [SYNTHETIC]",0.447,"kg populated board",185714,DERIVED_FROM_CITED,83.014
SYNTHETIC,46,3,"Battery (Li-ion cell production) [SYNTHETIC]",0.075,"kWh cell capacity",74000,CITED,5.55
SYNTHETIC,46,4,"Screen (LCD module) [SYNTHETIC]",0.0525,"m2 panel area",222000,CITED,11.655
SYNTHETIC,46,5,"Assembly electricity [SYNTHETIC]",21.2,"kWh factory electricity",445,CITED,9.434
SYNTHETIC,46,6,"Packaging (cardboard) [SYNTHETIC]",0.95,"kg packaging material",1199.73,CITED,1.14
SYNTHETIC,46,7,"International shipping (sea, container) [SYNTHETIC]",51.1,"tonne-km",16.12,CITED,0.824
SYNTHETIC,46,8,"Use-phase electricity [SYNTHETIC]",216,"kWh lifetime electricity",445,CITED,96.12
SYNTHETIC,46,9,"Repair (replacement battery) [SYNTHETIC]",0.0675,"kWh replacement-battery capacity",74000,CITED,4.995
SYNTHETIC,46,10,"E-waste recycling (avoided-burden credit) [SYNTHETIC]",1.78,"kg mass processed",-1170.4,CITED,-2.083
SYNTHETIC,47,1,"Aluminium casing [SYNTHETIC]",1.346,"kg aluminium",14800,CITED,19.921
SYNTHETIC,47,2,"Circuit board (PCB, populated) [SYNTHETIC]",0.398,"kg populated board",185714,DERIVED_FROM_CITED,73.914
SYNTHETIC,47,3,"Battery (Li-ion cell production) [SYNTHETIC]",0.0596,"kWh cell capacity",74000,CITED,4.41
SYNTHETIC,47,4,"Screen (LCD module) [SYNTHETIC]",0.0557,"m2 panel area",222000,CITED,12.365
SYNTHETIC,47,5,"Assembly electricity [SYNTHETIC]",29.7,"kWh factory electricity",445,CITED,13.216
SYNTHETIC,47,6,"Packaging (cardboard) [SYNTHETIC]",0.92,"kg packaging material",1199.73,CITED,1.104
SYNTHETIC,47,7,"International shipping (sea, container) [SYNTHETIC]",76.7,"tonne-km",16.12,CITED,1.236
SYNTHETIC,47,8,"Use-phase electricity [SYNTHETIC]",121,"kWh lifetime electricity",445,CITED,53.845
SYNTHETIC,47,9,"Repair (replacement battery) [SYNTHETIC]",0.0536,"kWh replacement-battery capacity",74000,CITED,3.966
SYNTHETIC,47,10,"E-waste recycling (avoided-burden credit) [SYNTHETIC]",2.39,"kg mass processed",-1170.4,CITED,-2.797
SYNTHETIC,48,1,"Aluminium casing [SYNTHETIC]",1.227,"kg aluminium",14800,CITED,18.16
SYNTHETIC,48,2,"Circuit board (PCB, populated) [SYNTHETIC]",0.366,"kg populated board",185714,DERIVED_FROM_CITED,67.971
SYNTHETIC,48,3,"Battery (Li-ion cell production) [SYNTHETIC]",0.0728,"kWh cell capacity",74000,CITED,5.387
SYNTHETIC,48,4,"Screen (LCD module) [SYNTHETIC]",0.0519,"m2 panel area",222000,CITED,11.522
SYNTHETIC,48,5,"Assembly electricity [SYNTHETIC]",17.7,"kWh factory electricity",445,CITED,7.877
SYNTHETIC,48,6,"Packaging (cardboard) [SYNTHETIC]",0.95,"kg packaging material",1199.73,CITED,1.14
SYNTHETIC,48,7,"International shipping (sea, container) [SYNTHETIC]",78.8,"tonne-km",16.12,CITED,1.27
SYNTHETIC,48,8,"Use-phase electricity [SYNTHETIC]",201,"kWh lifetime electricity",445,CITED,89.445
SYNTHETIC,48,9,"Repair (replacement battery) [SYNTHETIC]",0.0669,"kWh replacement-battery capacity",74000,CITED,4.951
SYNTHETIC,48,10,"E-waste recycling (avoided-burden credit) [SYNTHETIC]",1.82,"kg mass processed",-1170.4,CITED,-2.13
SYNTHETIC,49,1,"Aluminium casing [SYNTHETIC]",1.203,"kg aluminium",14800,CITED,17.804
SYNTHETIC,49,2,"Circuit board (PCB, populated) [SYNTHETIC]",0.377,"kg populated board",185714,DERIVED_FROM_CITED,70.014
SYNTHETIC,49,3,"Battery (Li-ion cell production) [SYNTHETIC]",0.0724,"kWh cell capacity",74000,CITED,5.358
SYNTHETIC,49,4,"Screen (LCD module) [SYNTHETIC]",0.0549,"m2 panel area",222000,CITED,12.188
SYNTHETIC,49,5,"Assembly electricity [SYNTHETIC]",28.3,"kWh factory electricity",445,CITED,12.594
SYNTHETIC,49,6,"Packaging (cardboard) [SYNTHETIC]",0.9,"kg packaging material",1199.73,CITED,1.08
SYNTHETIC,49,7,"International shipping (sea, container) [SYNTHETIC]",76.4,"tonne-km",16.12,CITED,1.232
SYNTHETIC,49,8,"Use-phase electricity [SYNTHETIC]",220,"kWh lifetime electricity",445,CITED,97.9
SYNTHETIC,49,9,"Repair (replacement battery) [SYNTHETIC]",0.0741,"kWh replacement-battery capacity",74000,CITED,5.483
SYNTHETIC,49,10,"E-waste recycling (avoided-burden credit) [SYNTHETIC]",2.06,"kg mass processed",-1170.4,CITED,-2.411
SYNTHETIC,50,1,"Aluminium casing [SYNTHETIC]",1.003,"kg aluminium",14800,CITED,14.844
SYNTHETIC,50,2,"Circuit board (PCB, populated) [SYNTHETIC]",0.372,"kg populated board",185714,DERIVED_FROM_CITED,69.086
SYNTHETIC,50,3,"Battery (Li-ion cell production) [SYNTHETIC]",0.0503,"kWh cell capacity",74000,CITED,3.722
SYNTHETIC,50,4,"Screen (LCD module) [SYNTHETIC]",0.0644,"m2 panel area",222000,CITED,14.297
SYNTHETIC,50,5,"Assembly electricity [SYNTHETIC]",26.8,"kWh factory electricity",445,CITED,11.926
SYNTHETIC,50,6,"Packaging (cardboard) [SYNTHETIC]",1.11,"kg packaging material",1199.73,CITED,1.332
SYNTHETIC,50,7,"International shipping (sea, container) [SYNTHETIC]",65.6,"tonne-km",16.12,CITED,1.057
SYNTHETIC,50,8,"Use-phase electricity [SYNTHETIC]",138,"kWh lifetime electricity",445,CITED,61.41
SYNTHETIC,50,9,"Repair (replacement battery) [SYNTHETIC]",0.047,"kWh replacement-battery capacity",74000,CITED,3.478
SYNTHETIC,50,10,"E-waste recycling (avoided-burden credit) [SYNTHETIC]",2.48,"kg mass processed",-1170.4,CITED,-2.903
SYNTHETIC,51,1,"Aluminium casing [SYNTHETIC]",1.259,"kg aluminium",14800,CITED,18.633
SYNTHETIC,51,2,"Circuit board (PCB, populated) [SYNTHETIC]",0.346,"kg populated board",185714,DERIVED_FROM_CITED,64.257
SYNTHETIC,51,3,"Battery (Li-ion cell production) [SYNTHETIC]",0.0559,"kWh cell capacity",74000,CITED,4.137
SYNTHETIC,51,4,"Screen (LCD module) [SYNTHETIC]",0.0669,"m2 panel area",222000,CITED,14.852
SYNTHETIC,51,5,"Assembly electricity [SYNTHETIC]",18,"kWh factory electricity",445,CITED,8.01
SYNTHETIC,51,6,"Packaging (cardboard) [SYNTHETIC]",0.97,"kg packaging material",1199.73,CITED,1.164
SYNTHETIC,51,7,"International shipping (sea, container) [SYNTHETIC]",71.7,"tonne-km",16.12,CITED,1.156
SYNTHETIC,51,8,"Use-phase electricity [SYNTHETIC]",164,"kWh lifetime electricity",445,CITED,72.98
SYNTHETIC,51,9,"Repair (replacement battery) [SYNTHETIC]",0.0744,"kWh replacement-battery capacity",74000,CITED,5.506
SYNTHETIC,51,10,"E-waste recycling (avoided-burden credit) [SYNTHETIC]",2.03,"kg mass processed",-1170.4,CITED,-2.376
SYNTHETIC,52,1,"Aluminium casing [SYNTHETIC]",1.351,"kg aluminium",14800,CITED,19.995
SYNTHETIC,52,2,"Circuit board (PCB, populated) [SYNTHETIC]",0.415,"kg populated board",185714,DERIVED_FROM_CITED,77.071
SYNTHETIC,52,3,"Battery (Li-ion cell production) [SYNTHETIC]",0.0648,"kWh cell capacity",74000,CITED,4.795
SYNTHETIC,52,4,"Screen (LCD module) [SYNTHETIC]",0.0578,"m2 panel area",222000,CITED,12.832
SYNTHETIC,52,5,"Assembly electricity [SYNTHETIC]",23.3,"kWh factory electricity",445,CITED,10.368
SYNTHETIC,52,6,"Packaging (cardboard) [SYNTHETIC]",0.85,"kg packaging material",1199.73,CITED,1.02
SYNTHETIC,52,7,"International shipping (sea, container) [SYNTHETIC]",75.3,"tonne-km",16.12,CITED,1.214
SYNTHETIC,52,8,"Use-phase electricity [SYNTHETIC]",149,"kWh lifetime electricity",445,CITED,66.305
SYNTHETIC,52,9,"Repair (replacement battery) [SYNTHETIC]",0.0603,"kWh replacement-battery capacity",74000,CITED,4.462
SYNTHETIC,52,10,"E-waste recycling (avoided-burden credit) [SYNTHETIC]",1.55,"kg mass processed",-1170.4,CITED,-1.814
SYNTHETIC,53,1,"Aluminium casing [SYNTHETIC]",1.357,"kg aluminium",14800,CITED,20.084
SYNTHETIC,53,2,"Circuit board (PCB, populated) [SYNTHETIC]",0.451,"kg populated board",185714,DERIVED_FROM_CITED,83.757
SYNTHETIC,53,3,"Battery (Li-ion cell production) [SYNTHETIC]",0.0533,"kWh cell capacity",74000,CITED,3.944
SYNTHETIC,53,4,"Screen (LCD module) [SYNTHETIC]",0.0491,"m2 panel area",222000,CITED,10.9
SYNTHETIC,53,5,"Assembly electricity [SYNTHETIC]",33.3,"kWh factory electricity",445,CITED,14.818
SYNTHETIC,53,6,"Packaging (cardboard) [SYNTHETIC]",0.99,"kg packaging material",1199.73,CITED,1.188
SYNTHETIC,53,7,"International shipping (sea, container) [SYNTHETIC]",59.9,"tonne-km",16.12,CITED,0.966
SYNTHETIC,53,8,"Use-phase electricity [SYNTHETIC]",198,"kWh lifetime electricity",445,CITED,88.11
SYNTHETIC,53,9,"Repair (replacement battery) [SYNTHETIC]",0.0491,"kWh replacement-battery capacity",74000,CITED,3.633
SYNTHETIC,53,10,"E-waste recycling (avoided-burden credit) [SYNTHETIC]",2.05,"kg mass processed",-1170.4,CITED,-2.399
SYNTHETIC,54,1,"Aluminium casing [SYNTHETIC]",1.247,"kg aluminium",14800,CITED,18.456
SYNTHETIC,54,2,"Circuit board (PCB, populated) [SYNTHETIC]",0.343,"kg populated board",185714,DERIVED_FROM_CITED,63.7
SYNTHETIC,54,3,"Battery (Li-ion cell production) [SYNTHETIC]",0.0611,"kWh cell capacity",74000,CITED,4.521
SYNTHETIC,54,4,"Screen (LCD module) [SYNTHETIC]",0.0618,"m2 panel area",222000,CITED,13.72
SYNTHETIC,54,5,"Assembly electricity [SYNTHETIC]",21.5,"kWh factory electricity",445,CITED,9.568
SYNTHETIC,54,6,"Packaging (cardboard) [SYNTHETIC]",0.98,"kg packaging material",1199.73,CITED,1.176
SYNTHETIC,54,7,"International shipping (sea, container) [SYNTHETIC]",58.2,"tonne-km",16.12,CITED,0.938
SYNTHETIC,54,8,"Use-phase electricity [SYNTHETIC]",176,"kWh lifetime electricity",445,CITED,78.32
SYNTHETIC,54,9,"Repair (replacement battery) [SYNTHETIC]",0.0612,"kWh replacement-battery capacity",74000,CITED,4.529
SYNTHETIC,54,10,"E-waste recycling (avoided-burden credit) [SYNTHETIC]",1.53,"kg mass processed",-1170.4,CITED,-1.791
SYNTHETIC,55,1,"Aluminium casing [SYNTHETIC]",1.047,"kg aluminium",14800,CITED,15.496
SYNTHETIC,55,2,"Circuit board (PCB, populated) [SYNTHETIC]",0.286,"kg populated board",185714,DERIVED_FROM_CITED,53.114
SYNTHETIC,55,3,"Battery (Li-ion cell production) [SYNTHETIC]",0.0516,"kWh cell capacity",74000,CITED,3.818
SYNTHETIC,55,4,"Screen (LCD module) [SYNTHETIC]",0.0628,"m2 panel area",222000,CITED,13.942
SYNTHETIC,55,5,"Assembly electricity [SYNTHETIC]",21,"kWh factory electricity",445,CITED,9.345
SYNTHETIC,55,6,"Packaging (cardboard) [SYNTHETIC]",1.04,"kg packaging material",1199.73,CITED,1.248
SYNTHETIC,55,7,"International shipping (sea, container) [SYNTHETIC]",67,"tonne-km",16.12,CITED,1.08
SYNTHETIC,55,8,"Use-phase electricity [SYNTHETIC]",198,"kWh lifetime electricity",445,CITED,88.11
SYNTHETIC,55,9,"Repair (replacement battery) [SYNTHETIC]",0.0678,"kWh replacement-battery capacity",74000,CITED,5.017
SYNTHETIC,55,10,"E-waste recycling (avoided-burden credit) [SYNTHETIC]",1.99,"kg mass processed",-1170.4,CITED,-2.329
SYNTHETIC,56,1,"Aluminium casing [SYNTHETIC]",1.151,"kg aluminium",14800,CITED,17.035
SYNTHETIC,56,2,"Circuit board (PCB, populated) [SYNTHETIC]",0.437,"kg populated board",185714,DERIVED_FROM_CITED,81.157
SYNTHETIC,56,3,"Battery (Li-ion cell production) [SYNTHETIC]",0.0709,"kWh cell capacity",74000,CITED,5.247
SYNTHETIC,56,4,"Screen (LCD module) [SYNTHETIC]",0.0576,"m2 panel area",222000,CITED,12.787
SYNTHETIC,56,5,"Assembly electricity [SYNTHETIC]",27.6,"kWh factory electricity",445,CITED,12.282
SYNTHETIC,56,6,"Packaging (cardboard) [SYNTHETIC]",0.83,"kg packaging material",1199.73,CITED,0.996
SYNTHETIC,56,7,"International shipping (sea, container) [SYNTHETIC]",59.6,"tonne-km",16.12,CITED,0.961
SYNTHETIC,56,8,"Use-phase electricity [SYNTHETIC]",190,"kWh lifetime electricity",445,CITED,84.55
SYNTHETIC,56,9,"Repair (replacement battery) [SYNTHETIC]",0.0722,"kWh replacement-battery capacity",74000,CITED,5.343
SYNTHETIC,56,10,"E-waste recycling (avoided-burden credit) [SYNTHETIC]",2.04,"kg mass processed",-1170.4,CITED,-2.388
SYNTHETIC,57,1,"Aluminium casing [SYNTHETIC]",0.864,"kg aluminium",14800,CITED,12.787
SYNTHETIC,57,2,"Circuit board (PCB, populated) [SYNTHETIC]",0.351,"kg populated board",185714,DERIVED_FROM_CITED,65.186
SYNTHETIC,57,3,"Battery (Li-ion cell production) [SYNTHETIC]",0.0494,"kWh cell capacity",74000,CITED,3.656
SYNTHETIC,57,4,"Screen (LCD module) [SYNTHETIC]",0.0601,"m2 panel area",222000,CITED,13.342
SYNTHETIC,57,5,"Assembly electricity [SYNTHETIC]",28.8,"kWh factory electricity",445,CITED,12.816
SYNTHETIC,57,6,"Packaging (cardboard) [SYNTHETIC]",0.89,"kg packaging material",1199.73,CITED,1.068
SYNTHETIC,57,7,"International shipping (sea, container) [SYNTHETIC]",53,"tonne-km",16.12,CITED,0.854
SYNTHETIC,57,8,"Use-phase electricity [SYNTHETIC]",136,"kWh lifetime electricity",445,CITED,60.52
SYNTHETIC,57,9,"Repair (replacement battery) [SYNTHETIC]",0.0494,"kWh replacement-battery capacity",74000,CITED,3.656
SYNTHETIC,57,10,"E-waste recycling (avoided-burden credit) [SYNTHETIC]",2.26,"kg mass processed",-1170.4,CITED,-2.645
SYNTHETIC,58,1,"Aluminium casing [SYNTHETIC]",1.061,"kg aluminium",14800,CITED,15.703
SYNTHETIC,58,2,"Circuit board (PCB, populated) [SYNTHETIC]",0.328,"kg populated board",185714,DERIVED_FROM_CITED,60.914
SYNTHETIC,58,3,"Battery (Li-ion cell production) [SYNTHETIC]",0.0659,"kWh cell capacity",74000,CITED,4.877
SYNTHETIC,58,4,"Screen (LCD module) [SYNTHETIC]",0.0559,"m2 panel area",222000,CITED,12.41
SYNTHETIC,58,5,"Assembly electricity [SYNTHETIC]",22,"kWh factory electricity",445,CITED,9.79
SYNTHETIC,58,6,"Packaging (cardboard) [SYNTHETIC]",0.75,"kg packaging material",1199.73,CITED,0.9
SYNTHETIC,58,7,"International shipping (sea, container) [SYNTHETIC]",70.6,"tonne-km",16.12,CITED,1.138
SYNTHETIC,58,8,"Use-phase electricity [SYNTHETIC]",196,"kWh lifetime electricity",445,CITED,87.22
SYNTHETIC,58,9,"Repair (replacement battery) [SYNTHETIC]",0.0699,"kWh replacement-battery capacity",74000,CITED,5.173
SYNTHETIC,58,10,"E-waste recycling (avoided-burden credit) [SYNTHETIC]",1.73,"kg mass processed",-1170.4,CITED,-2.025
SYNTHETIC,59,1,"Aluminium casing [SYNTHETIC]",1.01,"kg aluminium",14800,CITED,14.948
SYNTHETIC,59,2,"Circuit board (PCB, populated) [SYNTHETIC]",0.367,"kg populated board",185714,DERIVED_FROM_CITED,68.157
SYNTHETIC,59,3,"Battery (Li-ion cell production) [SYNTHETIC]",0.0589,"kWh cell capacity",74000,CITED,4.359
SYNTHETIC,59,4,"Screen (LCD module) [SYNTHETIC]",0.0538,"m2 panel area",222000,CITED,11.944
SYNTHETIC,59,5,"Assembly electricity [SYNTHETIC]",27.5,"kWh factory electricity",445,CITED,12.238
SYNTHETIC,59,6,"Packaging (cardboard) [SYNTHETIC]",0.76,"kg packaging material",1199.73,CITED,0.912
SYNTHETIC,59,7,"International shipping (sea, container) [SYNTHETIC]",61.3,"tonne-km",16.12,CITED,0.988
SYNTHETIC,59,8,"Use-phase electricity [SYNTHETIC]",144,"kWh lifetime electricity",445,CITED,64.08
SYNTHETIC,59,9,"Repair (replacement battery) [SYNTHETIC]",0.0601,"kWh replacement-battery capacity",74000,CITED,4.447
SYNTHETIC,59,10,"E-waste recycling (avoided-burden credit) [SYNTHETIC]",2.24,"kg mass processed",-1170.4,CITED,-2.622
SYNTHETIC,60,1,"Aluminium casing [SYNTHETIC]",1.181,"kg aluminium",14800,CITED,17.479
SYNTHETIC,60,2,"Circuit board (PCB, populated) [SYNTHETIC]",0.351,"kg populated board",185714,DERIVED_FROM_CITED,65.186
SYNTHETIC,60,3,"Battery (Li-ion cell production) [SYNTHETIC]",0.0574,"kWh cell capacity",74000,CITED,4.248
SYNTHETIC,60,4,"Screen (LCD module) [SYNTHETIC]",0.0499,"m2 panel area",222000,CITED,11.078
SYNTHETIC,60,5,"Assembly electricity [SYNTHETIC]",20.8,"kWh factory electricity",445,CITED,9.256
SYNTHETIC,60,6,"Packaging (cardboard) [SYNTHETIC]",1.15,"kg packaging material",1199.73,CITED,1.38
SYNTHETIC,60,7,"International shipping (sea, container) [SYNTHETIC]",70.5,"tonne-km",16.12,CITED,1.136
SYNTHETIC,60,8,"Use-phase electricity [SYNTHETIC]",130,"kWh lifetime electricity",445,CITED,57.85
SYNTHETIC,60,9,"Repair (replacement battery) [SYNTHETIC]",0.055,"kWh replacement-battery capacity",74000,CITED,4.07
SYNTHETIC,60,10,"E-waste recycling (avoided-burden credit) [SYNTHETIC]",1.72,"kg mass processed",-1170.4,CITED,-2.013
SYNTHETIC,61,1,"Aluminium casing [SYNTHETIC]",1.145,"kg aluminium",14800,CITED,16.946
SYNTHETIC,61,2,"Circuit board (PCB, populated) [SYNTHETIC]",0.272,"kg populated board",185714,DERIVED_FROM_CITED,50.514
SYNTHETIC,61,3,"Battery (Li-ion cell production) [SYNTHETIC]",0.0545,"kWh cell capacity",74000,CITED,4.033
SYNTHETIC,61,4,"Screen (LCD module) [SYNTHETIC]",0.0615,"m2 panel area",222000,CITED,13.653
SYNTHETIC,61,5,"Assembly electricity [SYNTHETIC]",28.8,"kWh factory electricity",445,CITED,12.816
SYNTHETIC,61,6,"Packaging (cardboard) [SYNTHETIC]",0.87,"kg packaging material",1199.73,CITED,1.044
SYNTHETIC,61,7,"International shipping (sea, container) [SYNTHETIC]",56.9,"tonne-km",16.12,CITED,0.917
SYNTHETIC,61,8,"Use-phase electricity [SYNTHETIC]",176,"kWh lifetime electricity",445,CITED,78.32
SYNTHETIC,61,9,"Repair (replacement battery) [SYNTHETIC]",0.0494,"kWh replacement-battery capacity",74000,CITED,3.656
SYNTHETIC,61,10,"E-waste recycling (avoided-burden credit) [SYNTHETIC]",2.12,"kg mass processed",-1170.4,CITED,-2.481
SYNTHETIC,62,1,"Aluminium casing [SYNTHETIC]",1.443,"kg aluminium",14800,CITED,21.356
SYNTHETIC,62,2,"Circuit board (PCB, populated) [SYNTHETIC]",0.416,"kg populated board",185714,DERIVED_FROM_CITED,77.257
SYNTHETIC,62,3,"Battery (Li-ion cell production) [SYNTHETIC]",0.0656,"kWh cell capacity",74000,CITED,4.854
SYNTHETIC,62,4,"Screen (LCD module) [SYNTHETIC]",0.0559,"m2 panel area",222000,CITED,12.41
SYNTHETIC,62,5,"Assembly electricity [SYNTHETIC]",26.2,"kWh factory electricity",445,CITED,11.659
SYNTHETIC,62,6,"Packaging (cardboard) [SYNTHETIC]",0.92,"kg packaging material",1199.73,CITED,1.104
SYNTHETIC,62,7,"International shipping (sea, container) [SYNTHETIC]",63,"tonne-km",16.12,CITED,1.016
SYNTHETIC,62,8,"Use-phase electricity [SYNTHETIC]",118,"kWh lifetime electricity",445,CITED,52.51
SYNTHETIC,62,9,"Repair (replacement battery) [SYNTHETIC]",0.0626,"kWh replacement-battery capacity",74000,CITED,4.632
SYNTHETIC,62,10,"E-waste recycling (avoided-burden credit) [SYNTHETIC]",1.63,"kg mass processed",-1170.4,CITED,-1.908
SYNTHETIC,63,1,"Aluminium casing [SYNTHETIC]",1.138,"kg aluminium",14800,CITED,16.842
SYNTHETIC,63,2,"Circuit board (PCB, populated) [SYNTHETIC]",0.252,"kg populated board",185714,DERIVED_FROM_CITED,46.8
SYNTHETIC,63,3,"Battery (Li-ion cell production) [SYNTHETIC]",0.0588,"kWh cell capacity",74000,CITED,4.351
SYNTHETIC,63,4,"Screen (LCD module) [SYNTHETIC]",0.056,"m2 panel area",222000,CITED,12.432
SYNTHETIC,63,5,"Assembly electricity [SYNTHETIC]",25.1,"kWh factory electricity",445,CITED,11.169
SYNTHETIC,63,6,"Packaging (cardboard) [SYNTHETIC]",0.78,"kg packaging material",1199.73,CITED,0.936
SYNTHETIC,63,7,"International shipping (sea, container) [SYNTHETIC]",67.1,"tonne-km",16.12,CITED,1.082
SYNTHETIC,63,8,"Use-phase electricity [SYNTHETIC]",146,"kWh lifetime electricity",445,CITED,64.97
SYNTHETIC,63,9,"Repair (replacement battery) [SYNTHETIC]",0.0635,"kWh replacement-battery capacity",74000,CITED,4.699
SYNTHETIC,63,10,"E-waste recycling (avoided-burden credit) [SYNTHETIC]",2.42,"kg mass processed",-1170.4,CITED,-2.832
SYNTHETIC,64,1,"Aluminium casing [SYNTHETIC]",1.255,"kg aluminium",14800,CITED,18.574
SYNTHETIC,64,2,"Circuit board (PCB, populated) [SYNTHETIC]",0.34,"kg populated board",185714,DERIVED_FROM_CITED,63.143
SYNTHETIC,64,3,"Battery (Li-ion cell production) [SYNTHETIC]",0.0537,"kWh cell capacity",74000,CITED,3.974
SYNTHETIC,64,4,"Screen (LCD module) [SYNTHETIC]",0.0555,"m2 panel area",222000,CITED,12.321
SYNTHETIC,64,5,"Assembly electricity [SYNTHETIC]",20.6,"kWh factory electricity",445,CITED,9.167
SYNTHETIC,64,6,"Packaging (cardboard) [SYNTHETIC]",0.97,"kg packaging material",1199.73,CITED,1.164
SYNTHETIC,64,7,"International shipping (sea, container) [SYNTHETIC]",90.3,"tonne-km",16.12,CITED,1.456
SYNTHETIC,64,8,"Use-phase electricity [SYNTHETIC]",144,"kWh lifetime electricity",445,CITED,64.08
SYNTHETIC,64,9,"Repair (replacement battery) [SYNTHETIC]",0.0603,"kWh replacement-battery capacity",74000,CITED,4.462
SYNTHETIC,64,10,"E-waste recycling (avoided-burden credit) [SYNTHETIC]",1.96,"kg mass processed",-1170.4,CITED,-2.294
SYNTHETIC,65,1,"Aluminium casing [SYNTHETIC]",1.048,"kg aluminium",14800,CITED,15.51
SYNTHETIC,65,2,"Circuit board (PCB, populated) [SYNTHETIC]",0.424,"kg populated board",185714,DERIVED_FROM_CITED,78.743
SYNTHETIC,65,3,"Battery (Li-ion cell production) [SYNTHETIC]",0.0569,"kWh cell capacity",74000,CITED,4.211
SYNTHETIC,65,4,"Screen (LCD module) [SYNTHETIC]",0.0573,"m2 panel area",222000,CITED,12.721
SYNTHETIC,65,5,"Assembly electricity [SYNTHETIC]",24.5,"kWh factory electricity",445,CITED,10.902
SYNTHETIC,65,6,"Packaging (cardboard) [SYNTHETIC]",0.73,"kg packaging material",1199.73,CITED,0.876
SYNTHETIC,65,7,"International shipping (sea, container) [SYNTHETIC]",62.5,"tonne-km",16.12,CITED,1.008
SYNTHETIC,65,8,"Use-phase electricity [SYNTHETIC]",207,"kWh lifetime electricity",445,CITED,92.115
SYNTHETIC,65,9,"Repair (replacement battery) [SYNTHETIC]",0.0468,"kWh replacement-battery capacity",74000,CITED,3.463
SYNTHETIC,65,10,"E-waste recycling (avoided-burden credit) [SYNTHETIC]",2.29,"kg mass processed",-1170.4,CITED,-2.68
SYNTHETIC,66,1,"Aluminium casing [SYNTHETIC]",1.078,"kg aluminium",14800,CITED,15.954
SYNTHETIC,66,2,"Circuit board (PCB, populated) [SYNTHETIC]",0.373,"kg populated board",185714,DERIVED_FROM_CITED,69.271
SYNTHETIC,66,3,"Battery (Li-ion cell production) [SYNTHETIC]",0.0637,"kWh cell capacity",74000,CITED,4.714
SYNTHETIC,66,4,"Screen (LCD module) [SYNTHETIC]",0.06,"m2 panel area",222000,CITED,13.32
SYNTHETIC,66,5,"Assembly electricity [SYNTHETIC]",23.7,"kWh factory electricity",445,CITED,10.546
SYNTHETIC,66,6,"Packaging (cardboard) [SYNTHETIC]",0.88,"kg packaging material",1199.73,CITED,1.056
SYNTHETIC,66,7,"International shipping (sea, container) [SYNTHETIC]",74.7,"tonne-km",16.12,CITED,1.204
SYNTHETIC,66,8,"Use-phase electricity [SYNTHETIC]",183,"kWh lifetime electricity",445,CITED,81.435
SYNTHETIC,66,9,"Repair (replacement battery) [SYNTHETIC]",0.0541,"kWh replacement-battery capacity",74000,CITED,4.003
SYNTHETIC,66,10,"E-waste recycling (avoided-burden credit) [SYNTHETIC]",2.34,"kg mass processed",-1170.4,CITED,-2.739
SYNTHETIC,67,1,"Aluminium casing [SYNTHETIC]",1.234,"kg aluminium",14800,CITED,18.263
SYNTHETIC,67,2,"Circuit board (PCB, populated) [SYNTHETIC]",0.315,"kg populated board",185714,DERIVED_FROM_CITED,58.5
SYNTHETIC,67,3,"Battery (Li-ion cell production) [SYNTHETIC]",0.0736,"kWh cell capacity",74000,CITED,5.446
SYNTHETIC,67,4,"Screen (LCD module) [SYNTHETIC]",0.0507,"m2 panel area",222000,CITED,11.255
SYNTHETIC,67,5,"Assembly electricity [SYNTHETIC]",25.6,"kWh factory electricity",445,CITED,11.392
SYNTHETIC,67,6,"Packaging (cardboard) [SYNTHETIC]",1.07,"kg packaging material",1199.73,CITED,1.284
SYNTHETIC,67,7,"International shipping (sea, container) [SYNTHETIC]",55.2,"tonne-km",16.12,CITED,0.89
SYNTHETIC,67,8,"Use-phase electricity [SYNTHETIC]",153,"kWh lifetime electricity",445,CITED,68.085
SYNTHETIC,67,9,"Repair (replacement battery) [SYNTHETIC]",0.0565,"kWh replacement-battery capacity",74000,CITED,4.181
SYNTHETIC,67,10,"E-waste recycling (avoided-burden credit) [SYNTHETIC]",2.02,"kg mass processed",-1170.4,CITED,-2.364
SYNTHETIC,68,1,"Aluminium casing [SYNTHETIC]",1.143,"kg aluminium",14800,CITED,16.916
SYNTHETIC,68,2,"Circuit board (PCB, populated) [SYNTHETIC]",0.389,"kg populated board",185714,DERIVED_FROM_CITED,72.243
SYNTHETIC,68,3,"Battery (Li-ion cell production) [SYNTHETIC]",0.0528,"kWh cell capacity",74000,CITED,3.907
SYNTHETIC,68,4,"Screen (LCD module) [SYNTHETIC]",0.0521,"m2 panel area",222000,CITED,11.566
SYNTHETIC,68,5,"Assembly electricity [SYNTHETIC]",26,"kWh factory electricity",445,CITED,11.57
SYNTHETIC,68,6,"Packaging (cardboard) [SYNTHETIC]",0.67,"kg packaging material",1199.73,CITED,0.804
SYNTHETIC,68,7,"International shipping (sea, container) [SYNTHETIC]",74.1,"tonne-km",16.12,CITED,1.194
SYNTHETIC,68,8,"Use-phase electricity [SYNTHETIC]",190,"kWh lifetime electricity",445,CITED,84.55
SYNTHETIC,68,9,"Repair (replacement battery) [SYNTHETIC]",0.0618,"kWh replacement-battery capacity",74000,CITED,4.573
SYNTHETIC,68,10,"E-waste recycling (avoided-burden credit) [SYNTHETIC]",2.07,"kg mass processed",-1170.4,CITED,-2.423
SYNTHETIC,69,1,"Aluminium casing [SYNTHETIC]",1.074,"kg aluminium",14800,CITED,15.895
SYNTHETIC,69,2,"Circuit board (PCB, populated) [SYNTHETIC]",0.393,"kg populated board",185714,DERIVED_FROM_CITED,72.986
SYNTHETIC,69,3,"Battery (Li-ion cell production) [SYNTHETIC]",0.0684,"kWh cell capacity",74000,CITED,5.062
SYNTHETIC,69,4,"Screen (LCD module) [SYNTHETIC]",0.0501,"m2 panel area",222000,CITED,11.122
SYNTHETIC,69,5,"Assembly electricity [SYNTHETIC]",24.3,"kWh factory electricity",445,CITED,10.813
SYNTHETIC,69,6,"Packaging (cardboard) [SYNTHETIC]",1.01,"kg packaging material",1199.73,CITED,1.212
SYNTHETIC,69,7,"International shipping (sea, container) [SYNTHETIC]",71.1,"tonne-km",16.12,CITED,1.146
SYNTHETIC,69,8,"Use-phase electricity [SYNTHETIC]",212,"kWh lifetime electricity",445,CITED,94.34
SYNTHETIC,69,9,"Repair (replacement battery) [SYNTHETIC]",0.0604,"kWh replacement-battery capacity",74000,CITED,4.47
SYNTHETIC,69,10,"E-waste recycling (avoided-burden credit) [SYNTHETIC]",1.98,"kg mass processed",-1170.4,CITED,-2.317
SYNTHETIC,70,1,"Aluminium casing [SYNTHETIC]",1.304,"kg aluminium",14800,CITED,19.299
SYNTHETIC,70,2,"Circuit board (PCB, populated) [SYNTHETIC]",0.304,"kg populated board",185714,DERIVED_FROM_CITED,56.457
SYNTHETIC,70,3,"Battery (Li-ion cell production) [SYNTHETIC]",0.0479,"kWh cell capacity",74000,CITED,3.545
SYNTHETIC,70,4,"Screen (LCD module) [SYNTHETIC]",0.0521,"m2 panel area",222000,CITED,11.566
SYNTHETIC,70,5,"Assembly electricity [SYNTHETIC]",31.4,"kWh factory electricity",445,CITED,13.973
SYNTHETIC,70,6,"Packaging (cardboard) [SYNTHETIC]",1.04,"kg packaging material",1199.73,CITED,1.248
SYNTHETIC,70,7,"International shipping (sea, container) [SYNTHETIC]",67.1,"tonne-km",16.12,CITED,1.082
SYNTHETIC,70,8,"Use-phase electricity [SYNTHETIC]",166,"kWh lifetime electricity",445,CITED,73.87
SYNTHETIC,70,9,"Repair (replacement battery) [SYNTHETIC]",0.0628,"kWh replacement-battery capacity",74000,CITED,4.647
SYNTHETIC,70,10,"E-waste recycling (avoided-burden credit) [SYNTHETIC]",2.03,"kg mass processed",-1170.4,CITED,-2.376
SYNTHETIC,71,1,"Aluminium casing [SYNTHETIC]",1.236,"kg aluminium",14800,CITED,18.293
SYNTHETIC,71,2,"Circuit board (PCB, populated) [SYNTHETIC]",0.342,"kg populated board",185714,DERIVED_FROM_CITED,63.514
SYNTHETIC,71,3,"Battery (Li-ion cell production) [SYNTHETIC]",0.0582,"kWh cell capacity",74000,CITED,4.307
SYNTHETIC,71,4,"Screen (LCD module) [SYNTHETIC]",0.053,"m2 panel area",222000,CITED,11.766
SYNTHETIC,71,5,"Assembly electricity [SYNTHETIC]",21.3,"kWh factory electricity",445,CITED,9.479
SYNTHETIC,71,6,"Packaging (cardboard) [SYNTHETIC]",0.86,"kg packaging material",1199.73,CITED,1.032
SYNTHETIC,71,7,"International shipping (sea, container) [SYNTHETIC]",56.1,"tonne-km",16.12,CITED,0.904
SYNTHETIC,71,8,"Use-phase electricity [SYNTHETIC]",191,"kWh lifetime electricity",445,CITED,84.995
SYNTHETIC,71,9,"Repair (replacement battery) [SYNTHETIC]",0.0643,"kWh replacement-battery capacity",74000,CITED,4.758
SYNTHETIC,71,10,"E-waste recycling (avoided-burden credit) [SYNTHETIC]",1.8,"kg mass processed",-1170.4,CITED,-2.107
SYNTHETIC,72,1,"Aluminium casing [SYNTHETIC]",1.294,"kg aluminium",14800,CITED,19.151
SYNTHETIC,72,2,"Circuit board (PCB, populated) [SYNTHETIC]",0.364,"kg populated board",185714,DERIVED_FROM_CITED,67.6
SYNTHETIC,72,3,"Battery (Li-ion cell production) [SYNTHETIC]",0.0529,"kWh cell capacity",74000,CITED,3.915
SYNTHETIC,72,4,"Screen (LCD module) [SYNTHETIC]",0.061,"m2 panel area",222000,CITED,13.542
SYNTHETIC,72,5,"Assembly electricity [SYNTHETIC]",35.1,"kWh factory electricity",445,CITED,15.62
SYNTHETIC,72,6,"Packaging (cardboard) [SYNTHETIC]",1.04,"kg packaging material",1199.73,CITED,1.248
SYNTHETIC,72,7,"International shipping (sea, container) [SYNTHETIC]",64.5,"tonne-km",16.12,CITED,1.04
SYNTHETIC,72,8,"Use-phase electricity [SYNTHETIC]",181,"kWh lifetime electricity",445,CITED,80.545
SYNTHETIC,72,9,"Repair (replacement battery) [SYNTHETIC]",0.0666,"kWh replacement-battery capacity",74000,CITED,4.928
SYNTHETIC,72,10,"E-waste recycling (avoided-burden credit) [SYNTHETIC]",2.43,"kg mass processed",-1170.4,CITED,-2.844
SYNTHETIC,73,1,"Aluminium casing [SYNTHETIC]",1.296,"kg aluminium",14800,CITED,19.181
SYNTHETIC,73,2,"Circuit board (PCB, populated) [SYNTHETIC]",0.392,"kg populated board",185714,DERIVED_FROM_CITED,72.8
SYNTHETIC,73,3,"Battery (Li-ion cell production) [SYNTHETIC]",0.0476,"kWh cell capacity",74000,CITED,3.522
SYNTHETIC,73,4,"Screen (LCD module) [SYNTHETIC]",0.0529,"m2 panel area",222000,CITED,11.744
SYNTHETIC,73,5,"Assembly electricity [SYNTHETIC]",15.9,"kWh factory electricity",445,CITED,7.075
SYNTHETIC,73,6,"Packaging (cardboard) [SYNTHETIC]",0.83,"kg packaging material",1199.73,CITED,0.996
SYNTHETIC,73,7,"International shipping (sea, container) [SYNTHETIC]",70.9,"tonne-km",16.12,CITED,1.143
SYNTHETIC,73,8,"Use-phase electricity [SYNTHETIC]",211,"kWh lifetime electricity",445,CITED,93.895
SYNTHETIC,73,9,"Repair (replacement battery) [SYNTHETIC]",0.0562,"kWh replacement-battery capacity",74000,CITED,4.159
SYNTHETIC,73,10,"E-waste recycling (avoided-burden credit) [SYNTHETIC]",1.63,"kg mass processed",-1170.4,CITED,-1.908
SYNTHETIC,74,1,"Aluminium casing [SYNTHETIC]",1.045,"kg aluminium",14800,CITED,15.466
SYNTHETIC,74,2,"Circuit board (PCB, populated) [SYNTHETIC]",0.313,"kg populated board",185714,DERIVED_FROM_CITED,58.128
SYNTHETIC,74,3,"Battery (Li-ion cell production) [SYNTHETIC]",0.065,"kWh cell capacity",74000,CITED,4.81
SYNTHETIC,74,4,"Screen (LCD module) [SYNTHETIC]",0.0549,"m2 panel area",222000,CITED,12.188
SYNTHETIC,74,5,"Assembly electricity [SYNTHETIC]",24.3,"kWh factory electricity",445,CITED,10.813
SYNTHETIC,74,6,"Packaging (cardboard) [SYNTHETIC]",0.74,"kg packaging material",1199.73,CITED,0.888
SYNTHETIC,74,7,"International shipping (sea, container) [SYNTHETIC]",57.6,"tonne-km",16.12,CITED,0.929
SYNTHETIC,74,8,"Use-phase electricity [SYNTHETIC]",195,"kWh lifetime electricity",445,CITED,86.775
SYNTHETIC,74,9,"Repair (replacement battery) [SYNTHETIC]",0.0485,"kWh replacement-battery capacity",74000,CITED,3.589
SYNTHETIC,74,10,"E-waste recycling (avoided-burden credit) [SYNTHETIC]",2.02,"kg mass processed",-1170.4,CITED,-2.364
SYNTHETIC,75,1,"Aluminium casing [SYNTHETIC]",1.136,"kg aluminium",14800,CITED,16.813
SYNTHETIC,75,2,"Circuit board (PCB, populated) [SYNTHETIC]",0.328,"kg populated board",185714,DERIVED_FROM_CITED,60.914
SYNTHETIC,75,3,"Battery (Li-ion cell production) [SYNTHETIC]",0.0641,"kWh cell capacity",74000,CITED,4.743
SYNTHETIC,75,4,"Screen (LCD module) [SYNTHETIC]",0.0507,"m2 panel area",222000,CITED,11.255
SYNTHETIC,75,5,"Assembly electricity [SYNTHETIC]",29,"kWh factory electricity",445,CITED,12.905
SYNTHETIC,75,6,"Packaging (cardboard) [SYNTHETIC]",0.91,"kg packaging material",1199.73,CITED,1.092
SYNTHETIC,75,7,"International shipping (sea, container) [SYNTHETIC]",57.7,"tonne-km",16.12,CITED,0.93
SYNTHETIC,75,8,"Use-phase electricity [SYNTHETIC]",280,"kWh lifetime electricity",445,CITED,124.6
SYNTHETIC,75,9,"Repair (replacement battery) [SYNTHETIC]",0.0524,"kWh replacement-battery capacity",74000,CITED,3.878
SYNTHETIC,75,10,"E-waste recycling (avoided-burden credit) [SYNTHETIC]",1.85,"kg mass processed",-1170.4,CITED,-2.165
SYNTHETIC,76,1,"Aluminium casing [SYNTHETIC]",1.174,"kg aluminium",14800,CITED,17.375
SYNTHETIC,76,2,"Circuit board (PCB, populated) [SYNTHETIC]",0.364,"kg populated board",185714,DERIVED_FROM_CITED,67.6
SYNTHETIC,76,3,"Battery (Li-ion cell production) [SYNTHETIC]",0.0618,"kWh cell capacity",74000,CITED,4.573
SYNTHETIC,76,4,"Screen (LCD module) [SYNTHETIC]",0.0606,"m2 panel area",222000,CITED,13.453
SYNTHETIC,76,5,"Assembly electricity [SYNTHETIC]",19.2,"kWh factory electricity",445,CITED,8.544
SYNTHETIC,76,6,"Packaging (cardboard) [SYNTHETIC]",0.69,"kg packaging material",1199.73,CITED,0.828
SYNTHETIC,76,7,"International shipping (sea, container) [SYNTHETIC]",76.8,"tonne-km",16.12,CITED,1.238
SYNTHETIC,76,8,"Use-phase electricity [SYNTHETIC]",186,"kWh lifetime electricity",445,CITED,82.77
SYNTHETIC,76,9,"Repair (replacement battery) [SYNTHETIC]",0.0659,"kWh replacement-battery capacity",74000,CITED,4.877
SYNTHETIC,76,10,"E-waste recycling (avoided-burden credit) [SYNTHETIC]",2.06,"kg mass processed",-1170.4,CITED,-2.411
SYNTHETIC,77,1,"Aluminium casing [SYNTHETIC]",1.189,"kg aluminium",14800,CITED,17.597
SYNTHETIC,77,2,"Circuit board (PCB, populated) [SYNTHETIC]",0.312,"kg populated board",185714,DERIVED_FROM_CITED,57.943
SYNTHETIC,77,3,"Battery (Li-ion cell production) [SYNTHETIC]",0.0711,"kWh cell capacity",74000,CITED,5.261
SYNTHETIC,77,4,"Screen (LCD module) [SYNTHETIC]",0.0595,"m2 panel area",222000,CITED,13.209
SYNTHETIC,77,5,"Assembly electricity [SYNTHETIC]",28,"kWh factory electricity",445,CITED,12.46
SYNTHETIC,77,6,"Packaging (cardboard) [SYNTHETIC]",0.99,"kg packaging material",1199.73,CITED,1.188
SYNTHETIC,77,7,"International shipping (sea, container) [SYNTHETIC]",64.6,"tonne-km",16.12,CITED,1.041
SYNTHETIC,77,8,"Use-phase electricity [SYNTHETIC]",158,"kWh lifetime electricity",445,CITED,70.31
SYNTHETIC,77,9,"Repair (replacement battery) [SYNTHETIC]",0.0568,"kWh replacement-battery capacity",74000,CITED,4.203
SYNTHETIC,77,10,"E-waste recycling (avoided-burden credit) [SYNTHETIC]",2.21,"kg mass processed",-1170.4,CITED,-2.587
SYNTHETIC,78,1,"Aluminium casing [SYNTHETIC]",1.022,"kg aluminium",14800,CITED,15.126
SYNTHETIC,78,2,"Circuit board (PCB, populated) [SYNTHETIC]",0.301,"kg populated board",185714,DERIVED_FROM_CITED,55.9
SYNTHETIC,78,3,"Battery (Li-ion cell production) [SYNTHETIC]",0.0588,"kWh cell capacity",74000,CITED,4.351
SYNTHETIC,78,4,"Screen (LCD module) [SYNTHETIC]",0.0573,"m2 panel area",222000,CITED,12.721
SYNTHETIC,78,5,"Assembly electricity [SYNTHETIC]",35.6,"kWh factory electricity",445,CITED,15.842
SYNTHETIC,78,6,"Packaging (cardboard) [SYNTHETIC]",0.85,"kg packaging material",1199.73,CITED,1.02
SYNTHETIC,78,7,"International shipping (sea, container) [SYNTHETIC]",81.6,"tonne-km",16.12,CITED,1.315
SYNTHETIC,78,8,"Use-phase electricity [SYNTHETIC]",194,"kWh lifetime electricity",445,CITED,86.33
SYNTHETIC,78,9,"Repair (replacement battery) [SYNTHETIC]",0.0689,"kWh replacement-battery capacity",74000,CITED,5.099
SYNTHETIC,78,10,"E-waste recycling (avoided-burden credit) [SYNTHETIC]",2,"kg mass processed",-1170.4,CITED,-2.341
SYNTHETIC,79,1,"Aluminium casing [SYNTHETIC]",1.172,"kg aluminium",14800,CITED,17.346
SYNTHETIC,79,2,"Circuit board (PCB, populated) [SYNTHETIC]",0.273,"kg populated board",185714,DERIVED_FROM_CITED,50.7
SYNTHETIC,79,3,"Battery (Li-ion cell production) [SYNTHETIC]",0.0601,"kWh cell capacity",74000,CITED,4.447
SYNTHETIC,79,4,"Screen (LCD module) [SYNTHETIC]",0.0676,"m2 panel area",222000,CITED,15.007
SYNTHETIC,79,5,"Assembly electricity [SYNTHETIC]",35.7,"kWh factory electricity",445,CITED,15.887
SYNTHETIC,79,6,"Packaging (cardboard) [SYNTHETIC]",1.01,"kg packaging material",1199.73,CITED,1.212
SYNTHETIC,79,7,"International shipping (sea, container) [SYNTHETIC]",73.7,"tonne-km",16.12,CITED,1.188
SYNTHETIC,79,8,"Use-phase electricity [SYNTHETIC]",115,"kWh lifetime electricity",445,CITED,51.175
SYNTHETIC,79,9,"Repair (replacement battery) [SYNTHETIC]",0.0708,"kWh replacement-battery capacity",74000,CITED,5.239
SYNTHETIC,79,10,"E-waste recycling (avoided-burden credit) [SYNTHETIC]",1.94,"kg mass processed",-1170.4,CITED,-2.271
SYNTHETIC,80,1,"Aluminium casing [SYNTHETIC]",1.116,"kg aluminium",14800,CITED,16.517
SYNTHETIC,80,2,"Circuit board (PCB, populated) [SYNTHETIC]",0.351,"kg populated board",185714,DERIVED_FROM_CITED,65.186
SYNTHETIC,80,3,"Battery (Li-ion cell production) [SYNTHETIC]",0.0567,"kWh cell capacity",74000,CITED,4.196
SYNTHETIC,80,4,"Screen (LCD module) [SYNTHETIC]",0.0618,"m2 panel area",222000,CITED,13.72
SYNTHETIC,80,5,"Assembly electricity [SYNTHETIC]",16.9,"kWh factory electricity",445,CITED,7.52
SYNTHETIC,80,6,"Packaging (cardboard) [SYNTHETIC]",0.71,"kg packaging material",1199.73,CITED,0.852
SYNTHETIC,80,7,"International shipping (sea, container) [SYNTHETIC]",50.4,"tonne-km",16.12,CITED,0.812
SYNTHETIC,80,8,"Use-phase electricity [SYNTHETIC]",196,"kWh lifetime electricity",445,CITED,87.22
SYNTHETIC,80,9,"Repair (replacement battery) [SYNTHETIC]",0.0535,"kWh replacement-battery capacity",74000,CITED,3.959
SYNTHETIC,80,10,"E-waste recycling (avoided-burden credit) [SYNTHETIC]",1.86,"kg mass processed",-1170.4,CITED,-2.177
SYNTHETIC,81,1,"Aluminium casing [SYNTHETIC]",1.33,"kg aluminium",14800,CITED,19.684
SYNTHETIC,81,2,"Circuit board (PCB, populated) [SYNTHETIC]",0.351,"kg populated board",185714,DERIVED_FROM_CITED,65.186
SYNTHETIC,81,3,"Battery (Li-ion cell production) [SYNTHETIC]",0.058,"kWh cell capacity",74000,CITED,4.292
SYNTHETIC,81,4,"Screen (LCD module) [SYNTHETIC]",0.0684,"m2 panel area",222000,CITED,15.185
SYNTHETIC,81,5,"Assembly electricity [SYNTHETIC]",18.1,"kWh factory electricity",445,CITED,8.055
SYNTHETIC,81,6,"Packaging (cardboard) [SYNTHETIC]",0.77,"kg packaging material",1199.73,CITED,0.924
SYNTHETIC,81,7,"International shipping (sea, container) [SYNTHETIC]",61.3,"tonne-km",16.12,CITED,0.988
SYNTHETIC,81,8,"Use-phase electricity [SYNTHETIC]",179,"kWh lifetime electricity",445,CITED,79.655
SYNTHETIC,81,9,"Repair (replacement battery) [SYNTHETIC]",0.0608,"kWh replacement-battery capacity",74000,CITED,4.499
SYNTHETIC,81,10,"E-waste recycling (avoided-burden credit) [SYNTHETIC]",1.93,"kg mass processed",-1170.4,CITED,-2.259
SYNTHETIC,82,1,"Aluminium casing [SYNTHETIC]",1.245,"kg aluminium",14800,CITED,18.426
SYNTHETIC,82,2,"Circuit board (PCB, populated) [SYNTHETIC]",0.384,"kg populated board",185714,DERIVED_FROM_CITED,71.314
SYNTHETIC,82,3,"Battery (Li-ion cell production) [SYNTHETIC]",0.0638,"kWh cell capacity",74000,CITED,4.721
SYNTHETIC,82,4,"Screen (LCD module) [SYNTHETIC]",0.0646,"m2 panel area",222000,CITED,14.341
SYNTHETIC,82,5,"Assembly electricity [SYNTHETIC]",17,"kWh factory electricity",445,CITED,7.565
SYNTHETIC,82,6,"Packaging (cardboard) [SYNTHETIC]",0.78,"kg packaging material",1199.73,CITED,0.936
SYNTHETIC,82,7,"International shipping (sea, container) [SYNTHETIC]",58,"tonne-km",16.12,CITED,0.935
SYNTHETIC,82,8,"Use-phase electricity [SYNTHETIC]",217,"kWh lifetime electricity",445,CITED,96.565
SYNTHETIC,82,9,"Repair (replacement battery) [SYNTHETIC]",0.0566,"kWh replacement-battery capacity",74000,CITED,4.188
SYNTHETIC,82,10,"E-waste recycling (avoided-burden credit) [SYNTHETIC]",2,"kg mass processed",-1170.4,CITED,-2.341
SYNTHETIC,83,1,"Aluminium casing [SYNTHETIC]",1.108,"kg aluminium",14800,CITED,16.398
SYNTHETIC,83,2,"Circuit board (PCB, populated) [SYNTHETIC]",0.369,"kg populated board",185714,DERIVED_FROM_CITED,68.528
SYNTHETIC,83,3,"Battery (Li-ion cell production) [SYNTHETIC]",0.0639,"kWh cell capacity",74000,CITED,4.729
SYNTHETIC,83,4,"Screen (LCD module) [SYNTHETIC]",0.0594,"m2 panel area",222000,CITED,13.187
SYNTHETIC,83,5,"Assembly electricity [SYNTHETIC]",22.3,"kWh factory electricity",445,CITED,9.924
SYNTHETIC,83,6,"Packaging (cardboard) [SYNTHETIC]",1.26,"kg packaging material",1199.73,CITED,1.512
SYNTHETIC,83,7,"International shipping (sea, container) [SYNTHETIC]",76.5,"tonne-km",16.12,CITED,1.233
SYNTHETIC,83,8,"Use-phase electricity [SYNTHETIC]",155,"kWh lifetime electricity",445,CITED,68.975
SYNTHETIC,83,9,"Repair (replacement battery) [SYNTHETIC]",0.0611,"kWh replacement-battery capacity",74000,CITED,4.521
SYNTHETIC,83,10,"E-waste recycling (avoided-burden credit) [SYNTHETIC]",1.86,"kg mass processed",-1170.4,CITED,-2.177
SYNTHETIC,84,1,"Aluminium casing [SYNTHETIC]",0.943,"kg aluminium",14800,CITED,13.956
SYNTHETIC,84,2,"Circuit board (PCB, populated) [SYNTHETIC]",0.326,"kg populated board",185714,DERIVED_FROM_CITED,60.543
SYNTHETIC,84,3,"Battery (Li-ion cell production) [SYNTHETIC]",0.0677,"kWh cell capacity",74000,CITED,5.01
SYNTHETIC,84,4,"Screen (LCD module) [SYNTHETIC]",0.0705,"m2 panel area",222000,CITED,15.651
SYNTHETIC,84,5,"Assembly electricity [SYNTHETIC]",20.9,"kWh factory electricity",445,CITED,9.3
SYNTHETIC,84,6,"Packaging (cardboard) [SYNTHETIC]",0.8,"kg packaging material",1199.73,CITED,0.96
SYNTHETIC,84,7,"International shipping (sea, container) [SYNTHETIC]",87.2,"tonne-km",16.12,CITED,1.406
SYNTHETIC,84,8,"Use-phase electricity [SYNTHETIC]",129,"kWh lifetime electricity",445,CITED,57.405
SYNTHETIC,84,9,"Repair (replacement battery) [SYNTHETIC]",0.0578,"kWh replacement-battery capacity",74000,CITED,4.277
SYNTHETIC,84,10,"E-waste recycling (avoided-burden credit) [SYNTHETIC]",1.9,"kg mass processed",-1170.4,CITED,-2.224
SYNTHETIC,85,1,"Aluminium casing [SYNTHETIC]",1.308,"kg aluminium",14800,CITED,19.358
SYNTHETIC,85,2,"Circuit board (PCB, populated) [SYNTHETIC]",0.39,"kg populated board",185714,DERIVED_FROM_CITED,72.428
SYNTHETIC,85,3,"Battery (Li-ion cell production) [SYNTHETIC]",0.0454,"kWh cell capacity",74000,CITED,3.36
SYNTHETIC,85,4,"Screen (LCD module) [SYNTHETIC]",0.0496,"m2 panel area",222000,CITED,11.011
SYNTHETIC,85,5,"Assembly electricity [SYNTHETIC]",31.9,"kWh factory electricity",445,CITED,14.195
SYNTHETIC,85,6,"Packaging (cardboard) [SYNTHETIC]",0.82,"kg packaging material",1199.73,CITED,0.984
SYNTHETIC,85,7,"International shipping (sea, container) [SYNTHETIC]",76.4,"tonne-km",16.12,CITED,1.232
SYNTHETIC,85,8,"Use-phase electricity [SYNTHETIC]",181,"kWh lifetime electricity",445,CITED,80.545
SYNTHETIC,85,9,"Repair (replacement battery) [SYNTHETIC]",0.0536,"kWh replacement-battery capacity",74000,CITED,3.966
SYNTHETIC,85,10,"E-waste recycling (avoided-burden credit) [SYNTHETIC]",2.06,"kg mass processed",-1170.4,CITED,-2.411
SYNTHETIC,86,1,"Aluminium casing [SYNTHETIC]",1.107,"kg aluminium",14800,CITED,16.384
SYNTHETIC,86,2,"Circuit board (PCB, populated) [SYNTHETIC]",0.422,"kg populated board",185714,DERIVED_FROM_CITED,78.371
SYNTHETIC,86,3,"Battery (Li-ion cell production) [SYNTHETIC]",0.076,"kWh cell capacity",74000,CITED,5.624
SYNTHETIC,86,4,"Screen (LCD module) [SYNTHETIC]",0.0664,"m2 panel area",222000,CITED,14.741
SYNTHETIC,86,5,"Assembly electricity [SYNTHETIC]",32.8,"kWh factory electricity",445,CITED,14.596
SYNTHETIC,86,6,"Packaging (cardboard) [SYNTHETIC]",1,"kg packaging material",1199.73,CITED,1.2
SYNTHETIC,86,7,"International shipping (sea, container) [SYNTHETIC]",64.8,"tonne-km",16.12,CITED,1.045
SYNTHETIC,86,8,"Use-phase electricity [SYNTHETIC]",165,"kWh lifetime electricity",445,CITED,73.425
SYNTHETIC,86,9,"Repair (replacement battery) [SYNTHETIC]",0.0569,"kWh replacement-battery capacity",74000,CITED,4.211
SYNTHETIC,86,10,"E-waste recycling (avoided-burden credit) [SYNTHETIC]",1.7,"kg mass processed",-1170.4,CITED,-1.99
SYNTHETIC,87,1,"Aluminium casing [SYNTHETIC]",1.423,"kg aluminium",14800,CITED,21.06
SYNTHETIC,87,2,"Circuit board (PCB, populated) [SYNTHETIC]",0.362,"kg populated board",185714,DERIVED_FROM_CITED,67.228
SYNTHETIC,87,3,"Battery (Li-ion cell production) [SYNTHETIC]",0.0611,"kWh cell capacity",74000,CITED,4.521
SYNTHETIC,87,4,"Screen (LCD module) [SYNTHETIC]",0.0644,"m2 panel area",222000,CITED,14.297
SYNTHETIC,87,5,"Assembly electricity [SYNTHETIC]",14,"kWh factory electricity",445,CITED,6.23
SYNTHETIC,87,6,"Packaging (cardboard) [SYNTHETIC]",1.23,"kg packaging material",1199.73,CITED,1.476
SYNTHETIC,87,7,"International shipping (sea, container) [SYNTHETIC]",82.1,"tonne-km",16.12,CITED,1.323
SYNTHETIC,87,8,"Use-phase electricity [SYNTHETIC]",204,"kWh lifetime electricity",445,CITED,90.78
SYNTHETIC,87,9,"Repair (replacement battery) [SYNTHETIC]",0.0602,"kWh replacement-battery capacity",74000,CITED,4.455
SYNTHETIC,87,10,"E-waste recycling (avoided-burden credit) [SYNTHETIC]",1.83,"kg mass processed",-1170.4,CITED,-2.142
SYNTHETIC,88,1,"Aluminium casing [SYNTHETIC]",1.354,"kg aluminium",14800,CITED,20.039
SYNTHETIC,88,2,"Circuit board (PCB, populated) [SYNTHETIC]",0.427,"kg populated board",185714,DERIVED_FROM_CITED,79.3
SYNTHETIC,88,3,"Battery (Li-ion cell production) [SYNTHETIC]",0.0533,"kWh cell capacity",74000,CITED,3.944
SYNTHETIC,88,4,"Screen (LCD module) [SYNTHETIC]",0.061,"m2 panel area",222000,CITED,13.542
SYNTHETIC,88,5,"Assembly electricity [SYNTHETIC]",18.9,"kWh factory electricity",445,CITED,8.411
SYNTHETIC,88,6,"Packaging (cardboard) [SYNTHETIC]",1.07,"kg packaging material",1199.73,CITED,1.284
SYNTHETIC,88,7,"International shipping (sea, container) [SYNTHETIC]",73.4,"tonne-km",16.12,CITED,1.183
SYNTHETIC,88,8,"Use-phase electricity [SYNTHETIC]",117,"kWh lifetime electricity",445,CITED,52.065
SYNTHETIC,88,9,"Repair (replacement battery) [SYNTHETIC]",0.058,"kWh replacement-battery capacity",74000,CITED,4.292
SYNTHETIC,88,10,"E-waste recycling (avoided-burden credit) [SYNTHETIC]",2.13,"kg mass processed",-1170.4,CITED,-2.493
SYNTHETIC,89,1,"Aluminium casing [SYNTHETIC]",1.145,"kg aluminium",14800,CITED,16.946
SYNTHETIC,89,2,"Circuit board (PCB, populated) [SYNTHETIC]",0.372,"kg populated board",185714,DERIVED_FROM_CITED,69.086
SYNTHETIC,89,3,"Battery (Li-ion cell production) [SYNTHETIC]",0.0631,"kWh cell capacity",74000,CITED,4.669
SYNTHETIC,89,4,"Screen (LCD module) [SYNTHETIC]",0.0551,"m2 panel area",222000,CITED,12.232
SYNTHETIC,89,5,"Assembly electricity [SYNTHETIC]",36.5,"kWh factory electricity",445,CITED,16.242
SYNTHETIC,89,6,"Packaging (cardboard) [SYNTHETIC]",0.59,"kg packaging material",1199.73,CITED,0.708
SYNTHETIC,89,7,"International shipping (sea, container) [SYNTHETIC]",50.6,"tonne-km",16.12,CITED,0.816
SYNTHETIC,89,8,"Use-phase electricity [SYNTHETIC]",201,"kWh lifetime electricity",445,CITED,89.445
SYNTHETIC,89,9,"Repair (replacement battery) [SYNTHETIC]",0.0502,"kWh replacement-battery capacity",74000,CITED,3.715
SYNTHETIC,89,10,"E-waste recycling (avoided-burden credit) [SYNTHETIC]",2.04,"kg mass processed",-1170.4,CITED,-2.388
SYNTHETIC,90,1,"Aluminium casing [SYNTHETIC]",1.076,"kg aluminium",14800,CITED,15.925
SYNTHETIC,90,2,"Circuit board (PCB, populated) [SYNTHETIC]",0.405,"kg populated board",185714,DERIVED_FROM_CITED,75.214
SYNTHETIC,90,3,"Battery (Li-ion cell production) [SYNTHETIC]",0.0641,"kWh cell capacity",74000,CITED,4.743
SYNTHETIC,90,4,"Screen (LCD module) [SYNTHETIC]",0.0588,"m2 panel area",222000,CITED,13.054
SYNTHETIC,90,5,"Assembly electricity [SYNTHETIC]",24.6,"kWh factory electricity",445,CITED,10.947
SYNTHETIC,90,6,"Packaging (cardboard) [SYNTHETIC]",0.89,"kg packaging material",1199.73,CITED,1.068
SYNTHETIC,90,7,"International shipping (sea, container) [SYNTHETIC]",66.3,"tonne-km",16.12,CITED,1.069
SYNTHETIC,90,8,"Use-phase electricity [SYNTHETIC]",229,"kWh lifetime electricity",445,CITED,101.905
SYNTHETIC,90,9,"Repair (replacement battery) [SYNTHETIC]",0.0465,"kWh replacement-battery capacity",74000,CITED,3.441
SYNTHETIC,90,10,"E-waste recycling (avoided-burden credit) [SYNTHETIC]",1.69,"kg mass processed",-1170.4,CITED,-1.978
SYNTHETIC,91,1,"Aluminium casing [SYNTHETIC]",1.104,"kg aluminium",14800,CITED,16.339
SYNTHETIC,91,2,"Circuit board (PCB, populated) [SYNTHETIC]",0.305,"kg populated board",185714,DERIVED_FROM_CITED,56.643
SYNTHETIC,91,3,"Battery (Li-ion cell production) [SYNTHETIC]",0.0652,"kWh cell capacity",74000,CITED,4.825
SYNTHETIC,91,4,"Screen (LCD module) [SYNTHETIC]",0.0524,"m2 panel area",222000,CITED,11.633
SYNTHETIC,91,5,"Assembly electricity [SYNTHETIC]",29.7,"kWh factory electricity",445,CITED,13.216
SYNTHETIC,91,6,"Packaging (cardboard) [SYNTHETIC]",0.87,"kg packaging material",1199.73,CITED,1.044
SYNTHETIC,91,7,"International shipping (sea, container) [SYNTHETIC]",53.2,"tonne-km",16.12,CITED,0.858
SYNTHETIC,91,8,"Use-phase electricity [SYNTHETIC]",130,"kWh lifetime electricity",445,CITED,57.85
SYNTHETIC,91,9,"Repair (replacement battery) [SYNTHETIC]",0.0636,"kWh replacement-battery capacity",74000,CITED,4.706
SYNTHETIC,91,10,"E-waste recycling (avoided-burden credit) [SYNTHETIC]",2.08,"kg mass processed",-1170.4,CITED,-2.434
SYNTHETIC,92,1,"Aluminium casing [SYNTHETIC]",1.369,"kg aluminium",14800,CITED,20.261
SYNTHETIC,92,2,"Circuit board (PCB, populated) [SYNTHETIC]",0.317,"kg populated board",185714,DERIVED_FROM_CITED,58.871
SYNTHETIC,92,3,"Battery (Li-ion cell production) [SYNTHETIC]",0.0637,"kWh cell capacity",74000,CITED,4.714
SYNTHETIC,92,4,"Screen (LCD module) [SYNTHETIC]",0.0496,"m2 panel area",222000,CITED,11.011
SYNTHETIC,92,5,"Assembly electricity [SYNTHETIC]",21.2,"kWh factory electricity",445,CITED,9.434
SYNTHETIC,92,6,"Packaging (cardboard) [SYNTHETIC]",0.82,"kg packaging material",1199.73,CITED,0.984
SYNTHETIC,92,7,"International shipping (sea, container) [SYNTHETIC]",70.3,"tonne-km",16.12,CITED,1.133
SYNTHETIC,92,8,"Use-phase electricity [SYNTHETIC]",159,"kWh lifetime electricity",445,CITED,70.755
SYNTHETIC,92,9,"Repair (replacement battery) [SYNTHETIC]",0.0618,"kWh replacement-battery capacity",74000,CITED,4.573
SYNTHETIC,92,10,"E-waste recycling (avoided-burden credit) [SYNTHETIC]",2.01,"kg mass processed",-1170.4,CITED,-2.353
SYNTHETIC,93,1,"Aluminium casing [SYNTHETIC]",1.212,"kg aluminium",14800,CITED,17.938
SYNTHETIC,93,2,"Circuit board (PCB, populated) [SYNTHETIC]",0.359,"kg populated board",185714,DERIVED_FROM_CITED,66.671
SYNTHETIC,93,3,"Battery (Li-ion cell production) [SYNTHETIC]",0.0578,"kWh cell capacity",74000,CITED,4.277
SYNTHETIC,93,4,"Screen (LCD module) [SYNTHETIC]",0.0504,"m2 panel area",222000,CITED,11.189
SYNTHETIC,93,5,"Assembly electricity [SYNTHETIC]",23,"kWh factory electricity",445,CITED,10.235
SYNTHETIC,93,6,"Packaging (cardboard) [SYNTHETIC]",0.81,"kg packaging material",1199.73,CITED,0.972
SYNTHETIC,93,7,"International shipping (sea, container) [SYNTHETIC]",51.8,"tonne-km",16.12,CITED,0.835
SYNTHETIC,93,8,"Use-phase electricity [SYNTHETIC]",174,"kWh lifetime electricity",445,CITED,77.43
SYNTHETIC,93,9,"Repair (replacement battery) [SYNTHETIC]",0.067,"kWh replacement-battery capacity",74000,CITED,4.958
SYNTHETIC,93,10,"E-waste recycling (avoided-burden credit) [SYNTHETIC]",2.11,"kg mass processed",-1170.4,CITED,-2.47
SYNTHETIC,94,1,"Aluminium casing [SYNTHETIC]",0.927,"kg aluminium",14800,CITED,13.72
SYNTHETIC,94,2,"Circuit board (PCB, populated) [SYNTHETIC]",0.405,"kg populated board",185714,DERIVED_FROM_CITED,75.214
SYNTHETIC,94,3,"Battery (Li-ion cell production) [SYNTHETIC]",0.0684,"kWh cell capacity",74000,CITED,5.062
SYNTHETIC,94,4,"Screen (LCD module) [SYNTHETIC]",0.0562,"m2 panel area",222000,CITED,12.476
SYNTHETIC,94,5,"Assembly electricity [SYNTHETIC]",20.7,"kWh factory electricity",445,CITED,9.211
SYNTHETIC,94,6,"Packaging (cardboard) [SYNTHETIC]",0.93,"kg packaging material",1199.73,CITED,1.116
SYNTHETIC,94,7,"International shipping (sea, container) [SYNTHETIC]",57.6,"tonne-km",16.12,CITED,0.929
SYNTHETIC,94,8,"Use-phase electricity [SYNTHETIC]",196,"kWh lifetime electricity",445,CITED,87.22
SYNTHETIC,94,9,"Repair (replacement battery) [SYNTHETIC]",0.0645,"kWh replacement-battery capacity",74000,CITED,4.773
SYNTHETIC,94,10,"E-waste recycling (avoided-burden credit) [SYNTHETIC]",2.17,"kg mass processed",-1170.4,CITED,-2.54
SYNTHETIC,95,1,"Aluminium casing [SYNTHETIC]",1.302,"kg aluminium",14800,CITED,19.27
SYNTHETIC,95,2,"Circuit board (PCB, populated) [SYNTHETIC]",0.312,"kg populated board",185714,DERIVED_FROM_CITED,57.943
SYNTHETIC,95,3,"Battery (Li-ion cell production) [SYNTHETIC]",0.0538,"kWh cell capacity",74000,CITED,3.981
SYNTHETIC,95,4,"Screen (LCD module) [SYNTHETIC]",0.0579,"m2 panel area",222000,CITED,12.854
SYNTHETIC,95,5,"Assembly electricity [SYNTHETIC]",31.7,"kWh factory electricity",445,CITED,14.107
SYNTHETIC,95,6,"Packaging (cardboard) [SYNTHETIC]",0.55,"kg packaging material",1199.73,CITED,0.66
SYNTHETIC,95,7,"International shipping (sea, container) [SYNTHETIC]",71.3,"tonne-km",16.12,CITED,1.149
SYNTHETIC,95,8,"Use-phase electricity [SYNTHETIC]",122,"kWh lifetime electricity",445,CITED,54.29
SYNTHETIC,95,9,"Repair (replacement battery) [SYNTHETIC]",0.0639,"kWh replacement-battery capacity",74000,CITED,4.729
SYNTHETIC,95,10,"E-waste recycling (avoided-burden credit) [SYNTHETIC]",1.95,"kg mass processed",-1170.4,CITED,-2.282
SYNTHETIC,96,1,"Aluminium casing [SYNTHETIC]",0.983,"kg aluminium",14800,CITED,14.548
SYNTHETIC,96,2,"Circuit board (PCB, populated) [SYNTHETIC]",0.457,"kg populated board",185714,DERIVED_FROM_CITED,84.871
SYNTHETIC,96,3,"Battery (Li-ion cell production) [SYNTHETIC]",0.0591,"kWh cell capacity",74000,CITED,4.373
SYNTHETIC,96,4,"Screen (LCD module) [SYNTHETIC]",0.0597,"m2 panel area",222000,CITED,13.253
SYNTHETIC,96,5,"Assembly electricity [SYNTHETIC]",34.2,"kWh factory electricity",445,CITED,15.219
SYNTHETIC,96,6,"Packaging (cardboard) [SYNTHETIC]",0.62,"kg packaging material",1199.73,CITED,0.744
SYNTHETIC,96,7,"International shipping (sea, container) [SYNTHETIC]",78,"tonne-km",16.12,CITED,1.257
SYNTHETIC,96,8,"Use-phase electricity [SYNTHETIC]",229,"kWh lifetime electricity",445,CITED,101.905
SYNTHETIC,96,9,"Repair (replacement battery) [SYNTHETIC]",0.0623,"kWh replacement-battery capacity",74000,CITED,4.61
SYNTHETIC,96,10,"E-waste recycling (avoided-burden credit) [SYNTHETIC]",1.82,"kg mass processed",-1170.4,CITED,-2.13
SYNTHETIC,97,1,"Aluminium casing [SYNTHETIC]",1.17,"kg aluminium",14800,CITED,17.316
SYNTHETIC,97,2,"Circuit board (PCB, populated) [SYNTHETIC]",0.371,"kg populated board",185714,DERIVED_FROM_CITED,68.9
SYNTHETIC,97,3,"Battery (Li-ion cell production) [SYNTHETIC]",0.0567,"kWh cell capacity",74000,CITED,4.196
SYNTHETIC,97,4,"Screen (LCD module) [SYNTHETIC]",0.0519,"m2 panel area",222000,CITED,11.522
SYNTHETIC,97,5,"Assembly electricity [SYNTHETIC]",33.2,"kWh factory electricity",445,CITED,14.774
SYNTHETIC,97,6,"Packaging (cardboard) [SYNTHETIC]",0.69,"kg packaging material",1199.73,CITED,0.828
SYNTHETIC,97,7,"International shipping (sea, container) [SYNTHETIC]",63.1,"tonne-km",16.12,CITED,1.017
SYNTHETIC,97,8,"Use-phase electricity [SYNTHETIC]",182,"kWh lifetime electricity",445,CITED,80.99
SYNTHETIC,97,9,"Repair (replacement battery) [SYNTHETIC]",0.0635,"kWh replacement-battery capacity",74000,CITED,4.699
SYNTHETIC,97,10,"E-waste recycling (avoided-burden credit) [SYNTHETIC]",1.78,"kg mass processed",-1170.4,CITED,-2.083
SYNTHETIC,98,1,"Aluminium casing [SYNTHETIC]",0.896,"kg aluminium",14800,CITED,13.261
SYNTHETIC,98,2,"Circuit board (PCB, populated) [SYNTHETIC]",0.292,"kg populated board",185714,DERIVED_FROM_CITED,54.228
SYNTHETIC,98,3,"Battery (Li-ion cell production) [SYNTHETIC]",0.0502,"kWh cell capacity",74000,CITED,3.715
SYNTHETIC,98,4,"Screen (LCD module) [SYNTHETIC]",0.0533,"m2 panel area",222000,CITED,11.833
SYNTHETIC,98,5,"Assembly electricity [SYNTHETIC]",17.7,"kWh factory electricity",445,CITED,7.877
SYNTHETIC,98,6,"Packaging (cardboard) [SYNTHETIC]",0.84,"kg packaging material",1199.73,CITED,1.008
SYNTHETIC,98,7,"International shipping (sea, container) [SYNTHETIC]",76.4,"tonne-km",16.12,CITED,1.232
SYNTHETIC,98,8,"Use-phase electricity [SYNTHETIC]",182,"kWh lifetime electricity",445,CITED,80.99
SYNTHETIC,98,9,"Repair (replacement battery) [SYNTHETIC]",0.0569,"kWh replacement-battery capacity",74000,CITED,4.211
SYNTHETIC,98,10,"E-waste recycling (avoided-burden credit) [SYNTHETIC]",1.78,"kg mass processed",-1170.4,CITED,-2.083
SYNTHETIC,99,1,"Aluminium casing [SYNTHETIC]",1.164,"kg aluminium",14800,CITED,17.227
SYNTHETIC,99,2,"Circuit board (PCB, populated) [SYNTHETIC]",0.276,"kg populated board",185714,DERIVED_FROM_CITED,51.257
SYNTHETIC,99,3,"Battery (Li-ion cell production) [SYNTHETIC]",0.0627,"kWh cell capacity",74000,CITED,4.64
SYNTHETIC,99,4,"Screen (LCD module) [SYNTHETIC]",0.0613,"m2 panel area",222000,CITED,13.609
SYNTHETIC,99,5,"Assembly electricity [SYNTHETIC]",15.8,"kWh factory electricity",445,CITED,7.031
SYNTHETIC,99,6,"Packaging (cardboard) [SYNTHETIC]",0.65,"kg packaging material",1199.73,CITED,0.78
SYNTHETIC,99,7,"International shipping (sea, container) [SYNTHETIC]",48.6,"tonne-km",16.12,CITED,0.783
SYNTHETIC,99,8,"Use-phase electricity [SYNTHETIC]",215,"kWh lifetime electricity",445,CITED,95.675
SYNTHETIC,99,9,"Repair (replacement battery) [SYNTHETIC]",0.049,"kWh replacement-battery capacity",74000,CITED,3.626
SYNTHETIC,99,10,"E-waste recycling (avoided-burden credit) [SYNTHETIC]",1.97,"kg mass processed",-1170.4,CITED,-2.306
SYNTHETIC,100,1,"Aluminium casing [SYNTHETIC]",1.32,"kg aluminium",14800,CITED,19.536
SYNTHETIC,100,2,"Circuit board (PCB, populated) [SYNTHETIC]",0.356,"kg populated board",185714,DERIVED_FROM_CITED,66.114
SYNTHETIC,100,3,"Battery (Li-ion cell production) [SYNTHETIC]",0.0759,"kWh cell capacity",74000,CITED,5.617
SYNTHETIC,100,4,"Screen (LCD module) [SYNTHETIC]",0.0569,"m2 panel area",222000,CITED,12.632
SYNTHETIC,100,5,"Assembly electricity [SYNTHETIC]",19.6,"kWh factory electricity",445,CITED,8.722
SYNTHETIC,100,6,"Packaging (cardboard) [SYNTHETIC]",0.92,"kg packaging material",1199.73,CITED,1.104
SYNTHETIC,100,7,"International shipping (sea, container) [SYNTHETIC]",60.2,"tonne-km",16.12,CITED,0.97
SYNTHETIC,100,8,"Use-phase electricity [SYNTHETIC]",165,"kWh lifetime electricity",445,CITED,73.425
SYNTHETIC,100,9,"Repair (replacement battery) [SYNTHETIC]",0.0514,"kWh replacement-battery capacity",74000,CITED,3.804
SYNTHETIC,100,10,"E-waste recycling (avoided-burden credit) [SYNTHETIC]",1.81,"kg mass processed",-1170.4,CITED,-2.118
SYNTHETIC,101,1,"Aluminium casing [SYNTHETIC]",0.897,"kg aluminium",14800,CITED,13.276
SYNTHETIC,101,2,"Circuit board (PCB, populated) [SYNTHETIC]",0.33,"kg populated board",185714,DERIVED_FROM_CITED,61.286
SYNTHETIC,101,3,"Battery (Li-ion cell production) [SYNTHETIC]",0.0599,"kWh cell capacity",74000,CITED,4.433
SYNTHETIC,101,4,"Screen (LCD module) [SYNTHETIC]",0.0641,"m2 panel area",222000,CITED,14.23
SYNTHETIC,101,5,"Assembly electricity [SYNTHETIC]",25.1,"kWh factory electricity",445,CITED,11.169
SYNTHETIC,101,6,"Packaging (cardboard) [SYNTHETIC]",0.76,"kg packaging material",1199.73,CITED,0.912
SYNTHETIC,101,7,"International shipping (sea, container) [SYNTHETIC]",79.2,"tonne-km",16.12,CITED,1.277
SYNTHETIC,101,8,"Use-phase electricity [SYNTHETIC]",171,"kWh lifetime electricity",445,CITED,76.095
SYNTHETIC,101,9,"Repair (replacement battery) [SYNTHETIC]",0.0668,"kWh replacement-battery capacity",74000,CITED,4.943
SYNTHETIC,101,10,"E-waste recycling (avoided-burden credit) [SYNTHETIC]",2.16,"kg mass processed",-1170.4,CITED,-2.528
SYNTHETIC,102,1,"Aluminium casing [SYNTHETIC]",1.28,"kg aluminium",14800,CITED,18.944
SYNTHETIC,102,2,"Circuit board (PCB, populated) [SYNTHETIC]",0.36,"kg populated board",185714,DERIVED_FROM_CITED,66.857
SYNTHETIC,102,3,"Battery (Li-ion cell production) [SYNTHETIC]",0.0613,"kWh cell capacity",74000,CITED,4.536
SYNTHETIC,102,4,"Screen (LCD module) [SYNTHETIC]",0.0658,"m2 panel area",222000,CITED,14.608
SYNTHETIC,102,5,"Assembly electricity [SYNTHETIC]",19.3,"kWh factory electricity",445,CITED,8.588
SYNTHETIC,102,6,"Packaging (cardboard) [SYNTHETIC]",0.75,"kg packaging material",1199.73,CITED,0.9
SYNTHETIC,102,7,"International shipping (sea, container) [SYNTHETIC]",54.1,"tonne-km",16.12,CITED,0.872
SYNTHETIC,102,8,"Use-phase electricity [SYNTHETIC]",171,"kWh lifetime electricity",445,CITED,76.095
SYNTHETIC,102,9,"Repair (replacement battery) [SYNTHETIC]",0.0701,"kWh replacement-battery capacity",74000,CITED,5.187
SYNTHETIC,102,10,"E-waste recycling (avoided-burden credit) [SYNTHETIC]",2.24,"kg mass processed",-1170.4,CITED,-2.622
SYNTHETIC,103,1,"Aluminium casing [SYNTHETIC]",1.307,"kg aluminium",14800,CITED,19.344
SYNTHETIC,103,2,"Circuit board (PCB, populated) [SYNTHETIC]",0.361,"kg populated board",185714,DERIVED_FROM_CITED,67.043
SYNTHETIC,103,3,"Battery (Li-ion cell production) [SYNTHETIC]",0.0691,"kWh cell capacity",74000,CITED,5.113
SYNTHETIC,103,4,"Screen (LCD module) [SYNTHETIC]",0.0517,"m2 panel area",222000,CITED,11.477
SYNTHETIC,103,5,"Assembly electricity [SYNTHETIC]",25.5,"kWh factory electricity",445,CITED,11.348
SYNTHETIC,103,6,"Packaging (cardboard) [SYNTHETIC]",0.89,"kg packaging material",1199.73,CITED,1.068
SYNTHETIC,103,7,"International shipping (sea, container) [SYNTHETIC]",66.2,"tonne-km",16.12,CITED,1.067
SYNTHETIC,103,8,"Use-phase electricity [SYNTHETIC]",201,"kWh lifetime electricity",445,CITED,89.445
SYNTHETIC,103,9,"Repair (replacement battery) [SYNTHETIC]",0.0661,"kWh replacement-battery capacity",74000,CITED,4.891
SYNTHETIC,103,10,"E-waste recycling (avoided-burden credit) [SYNTHETIC]",2.29,"kg mass processed",-1170.4,CITED,-2.68
SYNTHETIC,104,1,"Aluminium casing [SYNTHETIC]",1.168,"kg aluminium",14800,CITED,17.286
SYNTHETIC,104,2,"Circuit board (PCB, populated) [SYNTHETIC]",0.384,"kg populated board",185714,DERIVED_FROM_CITED,71.314
SYNTHETIC,104,3,"Battery (Li-ion cell production) [SYNTHETIC]",0.0612,"kWh cell capacity",74000,CITED,4.529
SYNTHETIC,104,4,"Screen (LCD module) [SYNTHETIC]",0.0553,"m2 panel area",222000,CITED,12.277
SYNTHETIC,104,5,"Assembly electricity [SYNTHETIC]",32.1,"kWh factory electricity",445,CITED,14.284
SYNTHETIC,104,6,"Packaging (cardboard) [SYNTHETIC]",0.81,"kg packaging material",1199.73,CITED,0.972
SYNTHETIC,104,7,"International shipping (sea, container) [SYNTHETIC]",79.4,"tonne-km",16.12,CITED,1.28
SYNTHETIC,104,8,"Use-phase electricity [SYNTHETIC]",167,"kWh lifetime electricity",445,CITED,74.315
SYNTHETIC,104,9,"Repair (replacement battery) [SYNTHETIC]",0.0614,"kWh replacement-battery capacity",74000,CITED,4.544
SYNTHETIC,104,10,"E-waste recycling (avoided-burden credit) [SYNTHETIC]",1.87,"kg mass processed",-1170.4,CITED,-2.189
SYNTHETIC,105,1,"Aluminium casing [SYNTHETIC]",0.959,"kg aluminium",14800,CITED,14.193
SYNTHETIC,105,2,"Circuit board (PCB, populated) [SYNTHETIC]",0.328,"kg populated board",185714,DERIVED_FROM_CITED,60.914
SYNTHETIC,105,3,"Battery (Li-ion cell production) [SYNTHETIC]",0.0544,"kWh cell capacity",74000,CITED,4.026
SYNTHETIC,105,4,"Screen (LCD module) [SYNTHETIC]",0.0603,"m2 panel area",222000,CITED,13.387
SYNTHETIC,105,5,"Assembly electricity [SYNTHETIC]",27,"kWh factory electricity",445,CITED,12.015
SYNTHETIC,105,6,"Packaging (cardboard) [SYNTHETIC]",1.13,"kg packaging material",1199.73,CITED,1.356
SYNTHETIC,105,7,"International shipping (sea, container) [SYNTHETIC]",85.9,"tonne-km",16.12,CITED,1.385
SYNTHETIC,105,8,"Use-phase electricity [SYNTHETIC]",168,"kWh lifetime electricity",445,CITED,74.76
SYNTHETIC,105,9,"Repair (replacement battery) [SYNTHETIC]",0.0523,"kWh replacement-battery capacity",74000,CITED,3.87
SYNTHETIC,105,10,"E-waste recycling (avoided-burden credit) [SYNTHETIC]",1.85,"kg mass processed",-1170.4,CITED,-2.165
SYNTHETIC,106,1,"Aluminium casing [SYNTHETIC]",1.001,"kg aluminium",14800,CITED,14.815
SYNTHETIC,106,2,"Circuit board (PCB, populated) [SYNTHETIC]",0.355,"kg populated board",185714,DERIVED_FROM_CITED,65.928
SYNTHETIC,106,3,"Battery (Li-ion cell production) [SYNTHETIC]",0.0683,"kWh cell capacity",74000,CITED,5.054
SYNTHETIC,106,4,"Screen (LCD module) [SYNTHETIC]",0.0654,"m2 panel area",222000,CITED,14.519
SYNTHETIC,106,5,"Assembly electricity [SYNTHETIC]",27.7,"kWh factory electricity",445,CITED,12.326
SYNTHETIC,106,6,"Packaging (cardboard) [SYNTHETIC]",1.18,"kg packaging material",1199.73,CITED,1.416
SYNTHETIC,106,7,"International shipping (sea, container) [SYNTHETIC]",69.3,"tonne-km",16.12,CITED,1.117
SYNTHETIC,106,8,"Use-phase electricity [SYNTHETIC]",228,"kWh lifetime electricity",445,CITED,101.46
SYNTHETIC,106,9,"Repair (replacement battery) [SYNTHETIC]",0.0738,"kWh replacement-battery capacity",74000,CITED,5.461
SYNTHETIC,106,10,"E-waste recycling (avoided-burden credit) [SYNTHETIC]",2.05,"kg mass processed",-1170.4,CITED,-2.399
SYNTHETIC,107,1,"Aluminium casing [SYNTHETIC]",0.971,"kg aluminium",14800,CITED,14.371
SYNTHETIC,107,2,"Circuit board (PCB, populated) [SYNTHETIC]",0.313,"kg populated board",185714,DERIVED_FROM_CITED,58.128
SYNTHETIC,107,3,"Battery (Li-ion cell production) [SYNTHETIC]",0.0554,"kWh cell capacity",74000,CITED,4.1
SYNTHETIC,107,4,"Screen (LCD module) [SYNTHETIC]",0.0522,"m2 panel area",222000,CITED,11.588
SYNTHETIC,107,5,"Assembly electricity [SYNTHETIC]",22.8,"kWh factory electricity",445,CITED,10.146
SYNTHETIC,107,6,"Packaging (cardboard) [SYNTHETIC]",0.83,"kg packaging material",1199.73,CITED,0.996
SYNTHETIC,107,7,"International shipping (sea, container) [SYNTHETIC]",67.2,"tonne-km",16.12,CITED,1.083
SYNTHETIC,107,8,"Use-phase electricity [SYNTHETIC]",195,"kWh lifetime electricity",445,CITED,86.775
SYNTHETIC,107,9,"Repair (replacement battery) [SYNTHETIC]",0.0542,"kWh replacement-battery capacity",74000,CITED,4.011
SYNTHETIC,107,10,"E-waste recycling (avoided-burden credit) [SYNTHETIC]",1.8,"kg mass processed",-1170.4,CITED,-2.107
SYNTHETIC,108,1,"Aluminium casing [SYNTHETIC]",1.351,"kg aluminium",14800,CITED,19.995
SYNTHETIC,108,2,"Circuit board (PCB, populated) [SYNTHETIC]",0.346,"kg populated board",185714,DERIVED_FROM_CITED,64.257
SYNTHETIC,108,3,"Battery (Li-ion cell production) [SYNTHETIC]",0.0644,"kWh cell capacity",74000,CITED,4.766
SYNTHETIC,108,4,"Screen (LCD module) [SYNTHETIC]",0.061,"m2 panel area",222000,CITED,13.542
SYNTHETIC,108,5,"Assembly electricity [SYNTHETIC]",36,"kWh factory electricity",445,CITED,16.02
SYNTHETIC,108,6,"Packaging (cardboard) [SYNTHETIC]",0.83,"kg packaging material",1199.73,CITED,0.996
SYNTHETIC,108,7,"International shipping (sea, container) [SYNTHETIC]",82.1,"tonne-km",16.12,CITED,1.323
SYNTHETIC,108,8,"Use-phase electricity [SYNTHETIC]",171,"kWh lifetime electricity",445,CITED,76.095
SYNTHETIC,108,9,"Repair (replacement battery) [SYNTHETIC]",0.0554,"kWh replacement-battery capacity",74000,CITED,4.1
SYNTHETIC,108,10,"E-waste recycling (avoided-burden credit) [SYNTHETIC]",2.07,"kg mass processed",-1170.4,CITED,-2.423
SYNTHETIC,109,1,"Aluminium casing [SYNTHETIC]",1.379,"kg aluminium",14800,CITED,20.409
SYNTHETIC,109,2,"Circuit board (PCB, populated) [SYNTHETIC]",0.385,"kg populated board",185714,DERIVED_FROM_CITED,71.5
SYNTHETIC,109,3,"Battery (Li-ion cell production) [SYNTHETIC]",0.0544,"kWh cell capacity",74000,CITED,4.026
SYNTHETIC,109,4,"Screen (LCD module) [SYNTHETIC]",0.0522,"m2 panel area",222000,CITED,11.588
SYNTHETIC,109,5,"Assembly electricity [SYNTHETIC]",25.5,"kWh factory electricity",445,CITED,11.348
SYNTHETIC,109,6,"Packaging (cardboard) [SYNTHETIC]",0.96,"kg packaging material",1199.73,CITED,1.152
SYNTHETIC,109,7,"International shipping (sea, container) [SYNTHETIC]",59.1,"tonne-km",16.12,CITED,0.953
SYNTHETIC,109,8,"Use-phase electricity [SYNTHETIC]",252,"kWh lifetime electricity",445,CITED,112.14
SYNTHETIC,109,9,"Repair (replacement battery) [SYNTHETIC]",0.0731,"kWh replacement-battery capacity",74000,CITED,5.409
SYNTHETIC,109,10,"E-waste recycling (avoided-burden credit) [SYNTHETIC]",2.18,"kg mass processed",-1170.4,CITED,-2.551
SYNTHETIC,110,1,"Aluminium casing [SYNTHETIC]",1.309,"kg aluminium",14800,CITED,19.373
SYNTHETIC,110,2,"Circuit board (PCB, populated) [SYNTHETIC]",0.363,"kg populated board",185714,DERIVED_FROM_CITED,67.414
SYNTHETIC,110,3,"Battery (Li-ion cell production) [SYNTHETIC]",0.0569,"kWh cell capacity",74000,CITED,4.211
SYNTHETIC,110,4,"Screen (LCD module) [SYNTHETIC]",0.0531,"m2 panel area",222000,CITED,11.788
SYNTHETIC,110,5,"Assembly electricity [SYNTHETIC]",28,"kWh factory electricity",445,CITED,12.46
SYNTHETIC,110,6,"Packaging (cardboard) [SYNTHETIC]",0.7,"kg packaging material",1199.73,CITED,0.84
SYNTHETIC,110,7,"International shipping (sea, container) [SYNTHETIC]",58,"tonne-km",16.12,CITED,0.935
SYNTHETIC,110,8,"Use-phase electricity [SYNTHETIC]",187,"kWh lifetime electricity",445,CITED,83.215
SYNTHETIC,110,9,"Repair (replacement battery) [SYNTHETIC]",0.0547,"kWh replacement-battery capacity",74000,CITED,4.048
SYNTHETIC,110,10,"E-waste recycling (avoided-burden credit) [SYNTHETIC]",2.18,"kg mass processed",-1170.4,CITED,-2.551
SYNTHETIC,111,1,"Aluminium casing [SYNTHETIC]",0.812,"kg aluminium",14800,CITED,12.018
SYNTHETIC,111,2,"Circuit board (PCB, populated) [SYNTHETIC]",0.364,"kg populated board",185714,DERIVED_FROM_CITED,67.6
SYNTHETIC,111,3,"Battery (Li-ion cell production) [SYNTHETIC]",0.0689,"kWh cell capacity",74000,CITED,5.099
SYNTHETIC,111,4,"Screen (LCD module) [SYNTHETIC]",0.0485,"m2 panel area",222000,CITED,10.767
SYNTHETIC,111,5,"Assembly electricity [SYNTHETIC]",28.5,"kWh factory electricity",445,CITED,12.682
SYNTHETIC,111,6,"Packaging (cardboard) [SYNTHETIC]",0.82,"kg packaging material",1199.73,CITED,0.984
SYNTHETIC,111,7,"International shipping (sea, container) [SYNTHETIC]",61.7,"tonne-km",16.12,CITED,0.995
SYNTHETIC,111,8,"Use-phase electricity [SYNTHETIC]",208,"kWh lifetime electricity",445,CITED,92.56
SYNTHETIC,111,9,"Repair (replacement battery) [SYNTHETIC]",0.0622,"kWh replacement-battery capacity",74000,CITED,4.603
SYNTHETIC,111,10,"E-waste recycling (avoided-burden credit) [SYNTHETIC]",1.99,"kg mass processed",-1170.4,CITED,-2.329
SYNTHETIC,112,1,"Aluminium casing [SYNTHETIC]",1.28,"kg aluminium",14800,CITED,18.944
SYNTHETIC,112,2,"Circuit board (PCB, populated) [SYNTHETIC]",0.267,"kg populated board",185714,DERIVED_FROM_CITED,49.586
SYNTHETIC,112,3,"Battery (Li-ion cell production) [SYNTHETIC]",0.0613,"kWh cell capacity",74000,CITED,4.536
SYNTHETIC,112,4,"Screen (LCD module) [SYNTHETIC]",0.0593,"m2 panel area",222000,CITED,13.165
SYNTHETIC,112,5,"Assembly electricity [SYNTHETIC]",24.2,"kWh factory electricity",445,CITED,10.769
SYNTHETIC,112,6,"Packaging (cardboard) [SYNTHETIC]",1.02,"kg packaging material",1199.73,CITED,1.224
SYNTHETIC,112,7,"International shipping (sea, container) [SYNTHETIC]",73,"tonne-km",16.12,CITED,1.177
SYNTHETIC,112,8,"Use-phase electricity [SYNTHETIC]",200,"kWh lifetime electricity",445,CITED,89
SYNTHETIC,112,9,"Repair (replacement battery) [SYNTHETIC]",0.0515,"kWh replacement-battery capacity",74000,CITED,3.811
SYNTHETIC,112,10,"E-waste recycling (avoided-burden credit) [SYNTHETIC]",1.81,"kg mass processed",-1170.4,CITED,-2.118
SYNTHETIC,113,1,"Aluminium casing [SYNTHETIC]",0.884,"kg aluminium",14800,CITED,13.083
SYNTHETIC,113,2,"Circuit board (PCB, populated) [SYNTHETIC]",0.434,"kg populated board",185714,DERIVED_FROM_CITED,80.6
SYNTHETIC,113,3,"Battery (Li-ion cell production) [SYNTHETIC]",0.0606,"kWh cell capacity",74000,CITED,4.484
SYNTHETIC,113,4,"Screen (LCD module) [SYNTHETIC]",0.0608,"m2 panel area",222000,CITED,13.498
SYNTHETIC,113,5,"Assembly electricity [SYNTHETIC]",21.4,"kWh factory electricity",445,CITED,9.523
SYNTHETIC,113,6,"Packaging (cardboard) [SYNTHETIC]",0.84,"kg packaging material",1199.73,CITED,1.008
SYNTHETIC,113,7,"International shipping (sea, container) [SYNTHETIC]",67.8,"tonne-km",16.12,CITED,1.093
SYNTHETIC,113,8,"Use-phase electricity [SYNTHETIC]",196,"kWh lifetime electricity",445,CITED,87.22
SYNTHETIC,113,9,"Repair (replacement battery) [SYNTHETIC]",0.0524,"kWh replacement-battery capacity",74000,CITED,3.878
SYNTHETIC,113,10,"E-waste recycling (avoided-burden credit) [SYNTHETIC]",1.79,"kg mass processed",-1170.4,CITED,-2.095
SYNTHETIC,114,1,"Aluminium casing [SYNTHETIC]",1.165,"kg aluminium",14800,CITED,17.242
SYNTHETIC,114,2,"Circuit board (PCB, populated) [SYNTHETIC]",0.314,"kg populated board",185714,DERIVED_FROM_CITED,58.314
SYNTHETIC,114,3,"Battery (Li-ion cell production) [SYNTHETIC]",0.0618,"kWh cell capacity",74000,CITED,4.573
SYNTHETIC,114,4,"Screen (LCD module) [SYNTHETIC]",0.0647,"m2 panel area",222000,CITED,14.363
SYNTHETIC,114,5,"Assembly electricity [SYNTHETIC]",24.7,"kWh factory electricity",445,CITED,10.992
SYNTHETIC,114,6,"Packaging (cardboard) [SYNTHETIC]",1.08,"kg packaging material",1199.73,CITED,1.296
SYNTHETIC,114,7,"International shipping (sea, container) [SYNTHETIC]",70.3,"tonne-km",16.12,CITED,1.133
SYNTHETIC,114,8,"Use-phase electricity [SYNTHETIC]",198,"kWh lifetime electricity",445,CITED,88.11
SYNTHETIC,114,9,"Repair (replacement battery) [SYNTHETIC]",0.0576,"kWh replacement-battery capacity",74000,CITED,4.262
SYNTHETIC,114,10,"E-waste recycling (avoided-burden credit) [SYNTHETIC]",1.99,"kg mass processed",-1170.4,CITED,-2.329
SYNTHETIC,115,1,"Aluminium casing [SYNTHETIC]",0.925,"kg aluminium",14800,CITED,13.69
SYNTHETIC,115,2,"Circuit board (PCB, populated) [SYNTHETIC]",0.358,"kg populated board",185714,DERIVED_FROM_CITED,66.486
SYNTHETIC,115,3,"Battery (Li-ion cell production) [SYNTHETIC]",0.054,"kWh cell capacity",74000,CITED,3.996
SYNTHETIC,115,4,"Screen (LCD module) [SYNTHETIC]",0.0517,"m2 panel area",222000,CITED,11.477
SYNTHETIC,115,5,"Assembly electricity [SYNTHETIC]",24.6,"kWh factory electricity",445,CITED,10.947
SYNTHETIC,115,6,"Packaging (cardboard) [SYNTHETIC]",1.02,"kg packaging material",1199.73,CITED,1.224
SYNTHETIC,115,7,"International shipping (sea, container) [SYNTHETIC]",73.3,"tonne-km",16.12,CITED,1.182
SYNTHETIC,115,8,"Use-phase electricity [SYNTHETIC]",118,"kWh lifetime electricity",445,CITED,52.51
SYNTHETIC,115,9,"Repair (replacement battery) [SYNTHETIC]",0.0643,"kWh replacement-battery capacity",74000,CITED,4.758
SYNTHETIC,115,10,"E-waste recycling (avoided-burden credit) [SYNTHETIC]",1.99,"kg mass processed",-1170.4,CITED,-2.329
SYNTHETIC,116,1,"Aluminium casing [SYNTHETIC]",1.231,"kg aluminium",14800,CITED,18.219
SYNTHETIC,116,2,"Circuit board (PCB, populated) [SYNTHETIC]",0.383,"kg populated board",185714,DERIVED_FROM_CITED,71.128
SYNTHETIC,116,3,"Battery (Li-ion cell production) [SYNTHETIC]",0.058,"kWh cell capacity",74000,CITED,4.292
SYNTHETIC,116,4,"Screen (LCD module) [SYNTHETIC]",0.0606,"m2 panel area",222000,CITED,13.453
SYNTHETIC,116,5,"Assembly electricity [SYNTHETIC]",24.4,"kWh factory electricity",445,CITED,10.858
SYNTHETIC,116,6,"Packaging (cardboard) [SYNTHETIC]",0.68,"kg packaging material",1199.73,CITED,0.816
SYNTHETIC,116,7,"International shipping (sea, container) [SYNTHETIC]",66.6,"tonne-km",16.12,CITED,1.074
SYNTHETIC,116,8,"Use-phase electricity [SYNTHETIC]",148,"kWh lifetime electricity",445,CITED,65.86
SYNTHETIC,116,9,"Repair (replacement battery) [SYNTHETIC]",0.0625,"kWh replacement-battery capacity",74000,CITED,4.625
SYNTHETIC,116,10,"E-waste recycling (avoided-burden credit) [SYNTHETIC]",2.04,"kg mass processed",-1170.4,CITED,-2.388
SYNTHETIC,117,1,"Aluminium casing [SYNTHETIC]",1.35,"kg aluminium",14800,CITED,19.98
SYNTHETIC,117,2,"Circuit board (PCB, populated) [SYNTHETIC]",0.376,"kg populated board",185714,DERIVED_FROM_CITED,69.828
SYNTHETIC,117,3,"Battery (Li-ion cell production) [SYNTHETIC]",0.0737,"kWh cell capacity",74000,CITED,5.454
SYNTHETIC,117,4,"Screen (LCD module) [SYNTHETIC]",0.0611,"m2 panel area",222000,CITED,13.564
SYNTHETIC,117,5,"Assembly electricity [SYNTHETIC]",26.9,"kWh factory electricity",445,CITED,11.97
SYNTHETIC,117,6,"Packaging (cardboard) [SYNTHETIC]",0.98,"kg packaging material",1199.73,CITED,1.176
SYNTHETIC,117,7,"International shipping (sea, container) [SYNTHETIC]",65.9,"tonne-km",16.12,CITED,1.062
SYNTHETIC,117,8,"Use-phase electricity [SYNTHETIC]",235,"kWh lifetime electricity",445,CITED,104.575
SYNTHETIC,117,9,"Repair (replacement battery) [SYNTHETIC]",0.0676,"kWh replacement-battery capacity",74000,CITED,5.002
SYNTHETIC,117,10,"E-waste recycling (avoided-burden credit) [SYNTHETIC]",2.04,"kg mass processed",-1170.4,CITED,-2.388
SYNTHETIC,118,1,"Aluminium casing [SYNTHETIC]",0.933,"kg aluminium",14800,CITED,13.808
SYNTHETIC,118,2,"Circuit board (PCB, populated) [SYNTHETIC]",0.396,"kg populated board",185714,DERIVED_FROM_CITED,73.543
SYNTHETIC,118,3,"Battery (Li-ion cell production) [SYNTHETIC]",0.0516,"kWh cell capacity",74000,CITED,3.818
SYNTHETIC,118,4,"Screen (LCD module) [SYNTHETIC]",0.0623,"m2 panel area",222000,CITED,13.831
SYNTHETIC,118,5,"Assembly electricity [SYNTHETIC]",22.8,"kWh factory electricity",445,CITED,10.146
SYNTHETIC,118,6,"Packaging (cardboard) [SYNTHETIC]",1.08,"kg packaging material",1199.73,CITED,1.296
SYNTHETIC,118,7,"International shipping (sea, container) [SYNTHETIC]",69.8,"tonne-km",16.12,CITED,1.125
SYNTHETIC,118,8,"Use-phase electricity [SYNTHETIC]",104,"kWh lifetime electricity",445,CITED,46.28
SYNTHETIC,118,9,"Repair (replacement battery) [SYNTHETIC]",0.0655,"kWh replacement-battery capacity",74000,CITED,4.847
SYNTHETIC,118,10,"E-waste recycling (avoided-burden credit) [SYNTHETIC]",2.16,"kg mass processed",-1170.4,CITED,-2.528
SYNTHETIC,119,1,"Aluminium casing [SYNTHETIC]",1.154,"kg aluminium",14800,CITED,17.079
SYNTHETIC,119,2,"Circuit board (PCB, populated) [SYNTHETIC]",0.293,"kg populated board",185714,DERIVED_FROM_CITED,54.414
SYNTHETIC,119,3,"Battery (Li-ion cell production) [SYNTHETIC]",0.053,"kWh cell capacity",74000,CITED,3.922
SYNTHETIC,119,4,"Screen (LCD module) [SYNTHETIC]",0.057,"m2 panel area",222000,CITED,12.654
SYNTHETIC,119,5,"Assembly electricity [SYNTHETIC]",26.9,"kWh factory electricity",445,CITED,11.97
SYNTHETIC,119,6,"Packaging (cardboard) [SYNTHETIC]",0.95,"kg packaging material",1199.73,CITED,1.14
SYNTHETIC,119,7,"International shipping (sea, container) [SYNTHETIC]",74.6,"tonne-km",16.12,CITED,1.203
SYNTHETIC,119,8,"Use-phase electricity [SYNTHETIC]",162,"kWh lifetime electricity",445,CITED,72.09
SYNTHETIC,119,9,"Repair (replacement battery) [SYNTHETIC]",0.0682,"kWh replacement-battery capacity",74000,CITED,5.047
SYNTHETIC,119,10,"E-waste recycling (avoided-burden credit) [SYNTHETIC]",2.05,"kg mass processed",-1170.4,CITED,-2.399
SYNTHETIC,120,1,"Aluminium casing [SYNTHETIC]",1.193,"kg aluminium",14800,CITED,17.656
SYNTHETIC,120,2,"Circuit board (PCB, populated) [SYNTHETIC]",0.348,"kg populated board",185714,DERIVED_FROM_CITED,64.628
SYNTHETIC,120,3,"Battery (Li-ion cell production) [SYNTHETIC]",0.0724,"kWh cell capacity",74000,CITED,5.358
SYNTHETIC,120,4,"Screen (LCD module) [SYNTHETIC]",0.0554,"m2 panel area",222000,CITED,12.299
SYNTHETIC,120,5,"Assembly electricity [SYNTHETIC]",34.8,"kWh factory electricity",445,CITED,15.486
SYNTHETIC,120,6,"Packaging (cardboard) [SYNTHETIC]",1.06,"kg packaging material",1199.73,CITED,1.272
SYNTHETIC,120,7,"International shipping (sea, container) [SYNTHETIC]",57.5,"tonne-km",16.12,CITED,0.927
SYNTHETIC,120,8,"Use-phase electricity [SYNTHETIC]",136,"kWh lifetime electricity",445,CITED,60.52
SYNTHETIC,120,9,"Repair (replacement battery) [SYNTHETIC]",0.0582,"kWh replacement-battery capacity",74000,CITED,4.307
SYNTHETIC,120,10,"E-waste recycling (avoided-burden credit) [SYNTHETIC]",2.04,"kg mass processed",-1170.4,CITED,-2.388
SYNTHETIC,121,1,"Aluminium casing [SYNTHETIC]",1.021,"kg aluminium",14800,CITED,15.111
SYNTHETIC,121,2,"Circuit board (PCB, populated) [SYNTHETIC]",0.471,"kg populated board",185714,DERIVED_FROM_CITED,87.471
SYNTHETIC,121,3,"Battery (Li-ion cell production) [SYNTHETIC]",0.0619,"kWh cell capacity",74000,CITED,4.581
SYNTHETIC,121,4,"Screen (LCD module) [SYNTHETIC]",0.0603,"m2 panel area",222000,CITED,13.387
SYNTHETIC,121,5,"Assembly electricity [SYNTHETIC]",33.2,"kWh factory electricity",445,CITED,14.774
SYNTHETIC,121,6,"Packaging (cardboard) [SYNTHETIC]",0.91,"kg packaging material",1199.73,CITED,1.092
SYNTHETIC,121,7,"International shipping (sea, container) [SYNTHETIC]",71.3,"tonne-km",16.12,CITED,1.149
SYNTHETIC,121,8,"Use-phase electricity [SYNTHETIC]",191,"kWh lifetime electricity",445,CITED,84.995
SYNTHETIC,121,9,"Repair (replacement battery) [SYNTHETIC]",0.0524,"kWh replacement-battery capacity",74000,CITED,3.878
SYNTHETIC,121,10,"E-waste recycling (avoided-burden credit) [SYNTHETIC]",1.8,"kg mass processed",-1170.4,CITED,-2.107
SYNTHETIC,122,1,"Aluminium casing [SYNTHETIC]",1.008,"kg aluminium",14800,CITED,14.918
SYNTHETIC,122,2,"Circuit board (PCB, populated) [SYNTHETIC]",0.385,"kg populated board",185714,DERIVED_FROM_CITED,71.5
SYNTHETIC,122,3,"Battery (Li-ion cell production) [SYNTHETIC]",0.0504,"kWh cell capacity",74000,CITED,3.73
SYNTHETIC,122,4,"Screen (LCD module) [SYNTHETIC]",0.0597,"m2 panel area",222000,CITED,13.253
SYNTHETIC,122,5,"Assembly electricity [SYNTHETIC]",25.2,"kWh factory electricity",445,CITED,11.214
SYNTHETIC,122,6,"Packaging (cardboard) [SYNTHETIC]",0.71,"kg packaging material",1199.73,CITED,0.852
SYNTHETIC,122,7,"International shipping (sea, container) [SYNTHETIC]",68.7,"tonne-km",16.12,CITED,1.107
SYNTHETIC,122,8,"Use-phase electricity [SYNTHETIC]",195,"kWh lifetime electricity",445,CITED,86.775
SYNTHETIC,122,9,"Repair (replacement battery) [SYNTHETIC]",0.0566,"kWh replacement-battery capacity",74000,CITED,4.188
SYNTHETIC,122,10,"E-waste recycling (avoided-burden credit) [SYNTHETIC]",2.1,"kg mass processed",-1170.4,CITED,-2.458
SYNTHETIC,123,1,"Aluminium casing [SYNTHETIC]",1.302,"kg aluminium",14800,CITED,19.27
SYNTHETIC,123,2,"Circuit board (PCB, populated) [SYNTHETIC]",0.41,"kg populated board",185714,DERIVED_FROM_CITED,76.143
SYNTHETIC,123,3,"Battery (Li-ion cell production) [SYNTHETIC]",0.0502,"kWh cell capacity",74000,CITED,3.715
SYNTHETIC,123,4,"Screen (LCD module) [SYNTHETIC]",0.0564,"m2 panel area",222000,CITED,12.521
SYNTHETIC,123,5,"Assembly electricity [SYNTHETIC]",20.3,"kWh factory electricity",445,CITED,9.034
SYNTHETIC,123,6,"Packaging (cardboard) [SYNTHETIC]",0.59,"kg packaging material",1199.73,CITED,0.708
SYNTHETIC,123,7,"International shipping (sea, container) [SYNTHETIC]",59.3,"tonne-km",16.12,CITED,0.956
SYNTHETIC,123,8,"Use-phase electricity [SYNTHETIC]",177,"kWh lifetime electricity",445,CITED,78.765
SYNTHETIC,123,9,"Repair (replacement battery) [SYNTHETIC]",0.0698,"kWh replacement-battery capacity",74000,CITED,5.165
SYNTHETIC,123,10,"E-waste recycling (avoided-burden credit) [SYNTHETIC]",1.92,"kg mass processed",-1170.4,CITED,-2.247
SYNTHETIC,124,1,"Aluminium casing [SYNTHETIC]",1.171,"kg aluminium",14800,CITED,17.331
SYNTHETIC,124,2,"Circuit board (PCB, populated) [SYNTHETIC]",0.318,"kg populated board",185714,DERIVED_FROM_CITED,59.057
SYNTHETIC,124,3,"Battery (Li-ion cell production) [SYNTHETIC]",0.0604,"kWh cell capacity",74000,CITED,4.47
SYNTHETIC,124,4,"Screen (LCD module) [SYNTHETIC]",0.0542,"m2 panel area",222000,CITED,12.032
SYNTHETIC,124,5,"Assembly electricity [SYNTHETIC]",20.3,"kWh factory electricity",445,CITED,9.034
SYNTHETIC,124,6,"Packaging (cardboard) [SYNTHETIC]",0.89,"kg packaging material",1199.73,CITED,1.068
SYNTHETIC,124,7,"International shipping (sea, container) [SYNTHETIC]",75.3,"tonne-km",16.12,CITED,1.214
SYNTHETIC,124,8,"Use-phase electricity [SYNTHETIC]",182,"kWh lifetime electricity",445,CITED,80.99
SYNTHETIC,124,9,"Repair (replacement battery) [SYNTHETIC]",0.0594,"kWh replacement-battery capacity",74000,CITED,4.396
SYNTHETIC,124,10,"E-waste recycling (avoided-burden credit) [SYNTHETIC]",2.16,"kg mass processed",-1170.4,CITED,-2.528
SYNTHETIC,125,1,"Aluminium casing [SYNTHETIC]",1.259,"kg aluminium",14800,CITED,18.633
SYNTHETIC,125,2,"Circuit board (PCB, populated) [SYNTHETIC]",0.386,"kg populated board",185714,DERIVED_FROM_CITED,71.686
SYNTHETIC,125,3,"Battery (Li-ion cell production) [SYNTHETIC]",0.0741,"kWh cell capacity",74000,CITED,5.483
SYNTHETIC,125,4,"Screen (LCD module) [SYNTHETIC]",0.0617,"m2 panel area",222000,CITED,13.697
SYNTHETIC,125,5,"Assembly electricity [SYNTHETIC]",32.2,"kWh factory electricity",445,CITED,14.329
SYNTHETIC,125,6,"Packaging (cardboard) [SYNTHETIC]",0.77,"kg packaging material",1199.73,CITED,0.924
SYNTHETIC,125,7,"International shipping (sea, container) [SYNTHETIC]",72.4,"tonne-km",16.12,CITED,1.167
SYNTHETIC,125,8,"Use-phase electricity [SYNTHETIC]",165,"kWh lifetime electricity",445,CITED,73.425
SYNTHETIC,125,9,"Repair (replacement battery) [SYNTHETIC]",0.0639,"kWh replacement-battery capacity",74000,CITED,4.729
SYNTHETIC,125,10,"E-waste recycling (avoided-burden credit) [SYNTHETIC]",2.32,"kg mass processed",-1170.4,CITED,-2.715
SYNTHETIC,126,1,"Aluminium casing [SYNTHETIC]",1.179,"kg aluminium",14800,CITED,17.449
SYNTHETIC,126,2,"Circuit board (PCB, populated) [SYNTHETIC]",0.432,"kg populated board",185714,DERIVED_FROM_CITED,80.228
SYNTHETIC,126,3,"Battery (Li-ion cell production) [SYNTHETIC]",0.0518,"kWh cell capacity",74000,CITED,3.833
SYNTHETIC,126,4,"Screen (LCD module) [SYNTHETIC]",0.0594,"m2 panel area",222000,CITED,13.187
SYNTHETIC,126,5,"Assembly electricity [SYNTHETIC]",25.4,"kWh factory electricity",445,CITED,11.303
SYNTHETIC,126,6,"Packaging (cardboard) [SYNTHETIC]",0.92,"kg packaging material",1199.73,CITED,1.104
SYNTHETIC,126,7,"International shipping (sea, container) [SYNTHETIC]",55.6,"tonne-km",16.12,CITED,0.896
SYNTHETIC,126,8,"Use-phase electricity [SYNTHETIC]",162,"kWh lifetime electricity",445,CITED,72.09
SYNTHETIC,126,9,"Repair (replacement battery) [SYNTHETIC]",0.0664,"kWh replacement-battery capacity",74000,CITED,4.914
SYNTHETIC,126,10,"E-waste recycling (avoided-burden credit) [SYNTHETIC]",2.18,"kg mass processed",-1170.4,CITED,-2.551
SYNTHETIC,127,1,"Aluminium casing [SYNTHETIC]",0.958,"kg aluminium",14800,CITED,14.178
SYNTHETIC,127,2,"Circuit board (PCB, populated) [SYNTHETIC]",0.391,"kg populated board",185714,DERIVED_FROM_CITED,72.614
SYNTHETIC,127,3,"Battery (Li-ion cell production) [SYNTHETIC]",0.0484,"kWh cell capacity",74000,CITED,3.582
SYNTHETIC,127,4,"Screen (LCD module) [SYNTHETIC]",0.0579,"m2 panel area",222000,CITED,12.854
SYNTHETIC,127,5,"Assembly electricity [SYNTHETIC]",30.4,"kWh factory electricity",445,CITED,13.528
SYNTHETIC,127,6,"Packaging (cardboard) [SYNTHETIC]",0.88,"kg packaging material",1199.73,CITED,1.056
SYNTHETIC,127,7,"International shipping (sea, container) [SYNTHETIC]",76,"tonne-km",16.12,CITED,1.225
SYNTHETIC,127,8,"Use-phase electricity [SYNTHETIC]",136,"kWh lifetime electricity",445,CITED,60.52
SYNTHETIC,127,9,"Repair (replacement battery) [SYNTHETIC]",0.0722,"kWh replacement-battery capacity",74000,CITED,5.343
SYNTHETIC,127,10,"E-waste recycling (avoided-burden credit) [SYNTHETIC]",2.29,"kg mass processed",-1170.4,CITED,-2.68
SYNTHETIC,128,1,"Aluminium casing [SYNTHETIC]",1.371,"kg aluminium",14800,CITED,20.291
SYNTHETIC,128,2,"Circuit board (PCB, populated) [SYNTHETIC]",0.408,"kg populated board",185714,DERIVED_FROM_CITED,75.771
SYNTHETIC,128,3,"Battery (Li-ion cell production) [SYNTHETIC]",0.0688,"kWh cell capacity",74000,CITED,5.091
SYNTHETIC,128,4,"Screen (LCD module) [SYNTHETIC]",0.0533,"m2 panel area",222000,CITED,11.833
SYNTHETIC,128,5,"Assembly electricity [SYNTHETIC]",20.2,"kWh factory electricity",445,CITED,8.989
SYNTHETIC,128,6,"Packaging (cardboard) [SYNTHETIC]",0.76,"kg packaging material",1199.73,CITED,0.912
SYNTHETIC,128,7,"International shipping (sea, container) [SYNTHETIC]",69.8,"tonne-km",16.12,CITED,1.125
SYNTHETIC,128,8,"Use-phase electricity [SYNTHETIC]",196,"kWh lifetime electricity",445,CITED,87.22
SYNTHETIC,128,9,"Repair (replacement battery) [SYNTHETIC]",0.0623,"kWh replacement-battery capacity",74000,CITED,4.61
SYNTHETIC,128,10,"E-waste recycling (avoided-burden credit) [SYNTHETIC]",2.12,"kg mass processed",-1170.4,CITED,-2.481
SYNTHETIC,129,1,"Aluminium casing [SYNTHETIC]",1.283,"kg aluminium",14800,CITED,18.988
SYNTHETIC,129,2,"Circuit board (PCB, populated) [SYNTHETIC]",0.311,"kg populated board",185714,DERIVED_FROM_CITED,57.757
SYNTHETIC,129,3,"Battery (Li-ion cell production) [SYNTHETIC]",0.0634,"kWh cell capacity",74000,CITED,4.692
SYNTHETIC,129,4,"Screen (LCD module) [SYNTHETIC]",0.0592,"m2 panel area",222000,CITED,13.142
SYNTHETIC,129,5,"Assembly electricity [SYNTHETIC]",27.8,"kWh factory electricity",445,CITED,12.371
SYNTHETIC,129,6,"Packaging (cardboard) [SYNTHETIC]",0.89,"kg packaging material",1199.73,CITED,1.068
SYNTHETIC,129,7,"International shipping (sea, container) [SYNTHETIC]",71.7,"tonne-km",16.12,CITED,1.156
SYNTHETIC,129,8,"Use-phase electricity [SYNTHETIC]",152,"kWh lifetime electricity",445,CITED,67.64
SYNTHETIC,129,9,"Repair (replacement battery) [SYNTHETIC]",0.0727,"kWh replacement-battery capacity",74000,CITED,5.38
SYNTHETIC,129,10,"E-waste recycling (avoided-burden credit) [SYNTHETIC]",2.21,"kg mass processed",-1170.4,CITED,-2.587
SYNTHETIC,130,1,"Aluminium casing [SYNTHETIC]",1.277,"kg aluminium",14800,CITED,18.9
SYNTHETIC,130,2,"Circuit board (PCB, populated) [SYNTHETIC]",0.314,"kg populated board",185714,DERIVED_FROM_CITED,58.314
SYNTHETIC,130,3,"Battery (Li-ion cell production) [SYNTHETIC]",0.0725,"kWh cell capacity",74000,CITED,5.365
SYNTHETIC,130,4,"Screen (LCD module) [SYNTHETIC]",0.0626,"m2 panel area",222000,CITED,13.897
SYNTHETIC,130,5,"Assembly electricity [SYNTHETIC]",32.1,"kWh factory electricity",445,CITED,14.284
SYNTHETIC,130,6,"Packaging (cardboard) [SYNTHETIC]",0.78,"kg packaging material",1199.73,CITED,0.936
SYNTHETIC,130,7,"International shipping (sea, container) [SYNTHETIC]",68.6,"tonne-km",16.12,CITED,1.106
SYNTHETIC,130,8,"Use-phase electricity [SYNTHETIC]",151,"kWh lifetime electricity",445,CITED,67.195
SYNTHETIC,130,9,"Repair (replacement battery) [SYNTHETIC]",0.0638,"kWh replacement-battery capacity",74000,CITED,4.721
SYNTHETIC,130,10,"E-waste recycling (avoided-burden credit) [SYNTHETIC]",1.86,"kg mass processed",-1170.4,CITED,-2.177
SYNTHETIC,131,1,"Aluminium casing [SYNTHETIC]",1.092,"kg aluminium",14800,CITED,16.162
SYNTHETIC,131,2,"Circuit board (PCB, populated) [SYNTHETIC]",0.422,"kg populated board",185714,DERIVED_FROM_CITED,78.371
SYNTHETIC,131,3,"Battery (Li-ion cell production) [SYNTHETIC]",0.0583,"kWh cell capacity",74000,CITED,4.314
SYNTHETIC,131,4,"Screen (LCD module) [SYNTHETIC]",0.0664,"m2 panel area",222000,CITED,14.741
SYNTHETIC,131,5,"Assembly electricity [SYNTHETIC]",17,"kWh factory electricity",445,CITED,7.565
SYNTHETIC,131,6,"Packaging (cardboard) [SYNTHETIC]",0.85,"kg packaging material",1199.73,CITED,1.02
SYNTHETIC,131,7,"International shipping (sea, container) [SYNTHETIC]",75.5,"tonne-km",16.12,CITED,1.217
SYNTHETIC,131,8,"Use-phase electricity [SYNTHETIC]",212,"kWh lifetime electricity",445,CITED,94.34
SYNTHETIC,131,9,"Repair (replacement battery) [SYNTHETIC]",0.0608,"kWh replacement-battery capacity",74000,CITED,4.499
SYNTHETIC,131,10,"E-waste recycling (avoided-burden credit) [SYNTHETIC]",2.17,"kg mass processed",-1170.4,CITED,-2.54
SYNTHETIC,132,1,"Aluminium casing [SYNTHETIC]",1.177,"kg aluminium",14800,CITED,17.42
SYNTHETIC,132,2,"Circuit board (PCB, populated) [SYNTHETIC]",0.38,"kg populated board",185714,DERIVED_FROM_CITED,70.571
SYNTHETIC,132,3,"Battery (Li-ion cell production) [SYNTHETIC]",0.0636,"kWh cell capacity",74000,CITED,4.706
SYNTHETIC,132,4,"Screen (LCD module) [SYNTHETIC]",0.0552,"m2 panel area",222000,CITED,12.254
SYNTHETIC,132,5,"Assembly electricity [SYNTHETIC]",16.5,"kWh factory electricity",445,CITED,7.343
SYNTHETIC,132,6,"Packaging (cardboard) [SYNTHETIC]",0.97,"kg packaging material",1199.73,CITED,1.164
SYNTHETIC,132,7,"International shipping (sea, container) [SYNTHETIC]",78.4,"tonne-km",16.12,CITED,1.264
SYNTHETIC,132,8,"Use-phase electricity [SYNTHETIC]",229,"kWh lifetime electricity",445,CITED,101.905
SYNTHETIC,132,9,"Repair (replacement battery) [SYNTHETIC]",0.0525,"kWh replacement-battery capacity",74000,CITED,3.885
SYNTHETIC,132,10,"E-waste recycling (avoided-burden credit) [SYNTHETIC]",1.94,"kg mass processed",-1170.4,CITED,-2.271
SYNTHETIC,133,1,"Aluminium casing [SYNTHETIC]",1.08,"kg aluminium",14800,CITED,15.984
SYNTHETIC,133,2,"Circuit board (PCB, populated) [SYNTHETIC]",0.369,"kg populated board",185714,DERIVED_FROM_CITED,68.528
SYNTHETIC,133,3,"Battery (Li-ion cell production) [SYNTHETIC]",0.0607,"kWh cell capacity",74000,CITED,4.492
SYNTHETIC,133,4,"Screen (LCD module) [SYNTHETIC]",0.0586,"m2 panel area",222000,CITED,13.009
SYNTHETIC,133,5,"Assembly electricity [SYNTHETIC]",21,"kWh factory electricity",445,CITED,9.345
SYNTHETIC,133,6,"Packaging (cardboard) [SYNTHETIC]",0.75,"kg packaging material",1199.73,CITED,0.9
SYNTHETIC,133,7,"International shipping (sea, container) [SYNTHETIC]",73.7,"tonne-km",16.12,CITED,1.188
SYNTHETIC,133,8,"Use-phase electricity [SYNTHETIC]",141,"kWh lifetime electricity",445,CITED,62.745
SYNTHETIC,133,9,"Repair (replacement battery) [SYNTHETIC]",0.0523,"kWh replacement-battery capacity",74000,CITED,3.87
SYNTHETIC,133,10,"E-waste recycling (avoided-burden credit) [SYNTHETIC]",1.97,"kg mass processed",-1170.4,CITED,-2.306
SYNTHETIC,134,1,"Aluminium casing [SYNTHETIC]",1.043,"kg aluminium",14800,CITED,15.436
SYNTHETIC,134,2,"Circuit board (PCB, populated) [SYNTHETIC]",0.359,"kg populated board",185714,DERIVED_FROM_CITED,66.671
SYNTHETIC,134,3,"Battery (Li-ion cell production) [SYNTHETIC]",0.0607,"kWh cell capacity",74000,CITED,4.492
SYNTHETIC,134,4,"Screen (LCD module) [SYNTHETIC]",0.0568,"m2 panel area",222000,CITED,12.61
SYNTHETIC,134,5,"Assembly electricity [SYNTHETIC]",24.7,"kWh factory electricity",445,CITED,10.992
SYNTHETIC,134,6,"Packaging (cardboard) [SYNTHETIC]",0.97,"kg packaging material",1199.73,CITED,1.164
SYNTHETIC,134,7,"International shipping (sea, container) [SYNTHETIC]",73.6,"tonne-km",16.12,CITED,1.186
SYNTHETIC,134,8,"Use-phase electricity [SYNTHETIC]",178,"kWh lifetime electricity",445,CITED,79.21
SYNTHETIC,134,9,"Repair (replacement battery) [SYNTHETIC]",0.073,"kWh replacement-battery capacity",74000,CITED,5.402
SYNTHETIC,134,10,"E-waste recycling (avoided-burden credit) [SYNTHETIC]",1.84,"kg mass processed",-1170.4,CITED,-2.154
SYNTHETIC,135,1,"Aluminium casing [SYNTHETIC]",1.216,"kg aluminium",14800,CITED,17.997
SYNTHETIC,135,2,"Circuit board (PCB, populated) [SYNTHETIC]",0.304,"kg populated board",185714,DERIVED_FROM_CITED,56.457
SYNTHETIC,135,3,"Battery (Li-ion cell production) [SYNTHETIC]",0.0648,"kWh cell capacity",74000,CITED,4.795
SYNTHETIC,135,4,"Screen (LCD module) [SYNTHETIC]",0.0558,"m2 panel area",222000,CITED,12.388
SYNTHETIC,135,5,"Assembly electricity [SYNTHETIC]",28.2,"kWh factory electricity",445,CITED,12.549
SYNTHETIC,135,6,"Packaging (cardboard) [SYNTHETIC]",0.81,"kg packaging material",1199.73,CITED,0.972
SYNTHETIC,135,7,"International shipping (sea, container) [SYNTHETIC]",80.5,"tonne-km",16.12,CITED,1.298
SYNTHETIC,135,8,"Use-phase electricity [SYNTHETIC]",153,"kWh lifetime electricity",445,CITED,68.085
SYNTHETIC,135,9,"Repair (replacement battery) [SYNTHETIC]",0.0644,"kWh replacement-battery capacity",74000,CITED,4.766
SYNTHETIC,135,10,"E-waste recycling (avoided-burden credit) [SYNTHETIC]",2.02,"kg mass processed",-1170.4,CITED,-2.364
SYNTHETIC,136,1,"Aluminium casing [SYNTHETIC]",1.249,"kg aluminium",14800,CITED,18.485
SYNTHETIC,136,2,"Circuit board (PCB, populated) [SYNTHETIC]",0.312,"kg populated board",185714,DERIVED_FROM_CITED,57.943
SYNTHETIC,136,3,"Battery (Li-ion cell production) [SYNTHETIC]",0.0539,"kWh cell capacity",74000,CITED,3.989
SYNTHETIC,136,4,"Screen (LCD module) [SYNTHETIC]",0.0604,"m2 panel area",222000,CITED,13.409
SYNTHETIC,136,5,"Assembly electricity [SYNTHETIC]",13.3,"kWh factory electricity",445,CITED,5.918
SYNTHETIC,136,6,"Packaging (cardboard) [SYNTHETIC]",0.89,"kg packaging material",1199.73,CITED,1.068
SYNTHETIC,136,7,"International shipping (sea, container) [SYNTHETIC]",66.4,"tonne-km",16.12,CITED,1.07
SYNTHETIC,136,8,"Use-phase electricity [SYNTHETIC]",229,"kWh lifetime electricity",445,CITED,101.905
SYNTHETIC,136,9,"Repair (replacement battery) [SYNTHETIC]",0.0502,"kWh replacement-battery capacity",74000,CITED,3.715
SYNTHETIC,136,10,"E-waste recycling (avoided-burden credit) [SYNTHETIC]",2.05,"kg mass processed",-1170.4,CITED,-2.399
SYNTHETIC,137,1,"Aluminium casing [SYNTHETIC]",1.411,"kg aluminium",14800,CITED,20.883
SYNTHETIC,137,2,"Circuit board (PCB, populated) [SYNTHETIC]",0.347,"kg populated board",185714,DERIVED_FROM_CITED,64.443
SYNTHETIC,137,3,"Battery (Li-ion cell production) [SYNTHETIC]",0.065,"kWh cell capacity",74000,CITED,4.81
SYNTHETIC,137,4,"Screen (LCD module) [SYNTHETIC]",0.0602,"m2 panel area",222000,CITED,13.364
SYNTHETIC,137,5,"Assembly electricity [SYNTHETIC]",24,"kWh factory electricity",445,CITED,10.68
SYNTHETIC,137,6,"Packaging (cardboard) [SYNTHETIC]",1.03,"kg packaging material",1199.73,CITED,1.236
SYNTHETIC,137,7,"International shipping (sea, container) [SYNTHETIC]",60.3,"tonne-km",16.12,CITED,0.972
SYNTHETIC,137,8,"Use-phase electricity [SYNTHETIC]",194,"kWh lifetime electricity",445,CITED,86.33
SYNTHETIC,137,9,"Repair (replacement battery) [SYNTHETIC]",0.0512,"kWh replacement-battery capacity",74000,CITED,3.789
SYNTHETIC,137,10,"E-waste recycling (avoided-burden credit) [SYNTHETIC]",2.02,"kg mass processed",-1170.4,CITED,-2.364
SYNTHETIC,138,1,"Aluminium casing [SYNTHETIC]",1.099,"kg aluminium",14800,CITED,16.265
SYNTHETIC,138,2,"Circuit board (PCB, populated) [SYNTHETIC]",0.347,"kg populated board",185714,DERIVED_FROM_CITED,64.443
SYNTHETIC,138,3,"Battery (Li-ion cell production) [SYNTHETIC]",0.0548,"kWh cell capacity",74000,CITED,4.055
SYNTHETIC,138,4,"Screen (LCD module) [SYNTHETIC]",0.0585,"m2 panel area",222000,CITED,12.987
SYNTHETIC,138,5,"Assembly electricity [SYNTHETIC]",21.3,"kWh factory electricity",445,CITED,9.479
SYNTHETIC,138,6,"Packaging (cardboard) [SYNTHETIC]",0.82,"kg packaging material",1199.73,CITED,0.984
SYNTHETIC,138,7,"International shipping (sea, container) [SYNTHETIC]",66.6,"tonne-km",16.12,CITED,1.074
SYNTHETIC,138,8,"Use-phase electricity [SYNTHETIC]",191,"kWh lifetime electricity",445,CITED,84.995
SYNTHETIC,138,9,"Repair (replacement battery) [SYNTHETIC]",0.066,"kWh replacement-battery capacity",74000,CITED,4.884
SYNTHETIC,138,10,"E-waste recycling (avoided-burden credit) [SYNTHETIC]",1.86,"kg mass processed",-1170.4,CITED,-2.177
SYNTHETIC,139,1,"Aluminium casing [SYNTHETIC]",1.27,"kg aluminium",14800,CITED,18.796
SYNTHETIC,139,2,"Circuit board (PCB, populated) [SYNTHETIC]",0.379,"kg populated board",185714,DERIVED_FROM_CITED,70.386
SYNTHETIC,139,3,"Battery (Li-ion cell production) [SYNTHETIC]",0.0608,"kWh cell capacity",74000,CITED,4.499
SYNTHETIC,139,4,"Screen (LCD module) [SYNTHETIC]",0.0672,"m2 panel area",222000,CITED,14.918
SYNTHETIC,139,5,"Assembly electricity [SYNTHETIC]",22.9,"kWh factory electricity",445,CITED,10.191
SYNTHETIC,139,6,"Packaging (cardboard) [SYNTHETIC]",1.08,"kg packaging material",1199.73,CITED,1.296
SYNTHETIC,139,7,"International shipping (sea, container) [SYNTHETIC]",91,"tonne-km",16.12,CITED,1.467
SYNTHETIC,139,8,"Use-phase electricity [SYNTHETIC]",218,"kWh lifetime electricity",445,CITED,97.01
SYNTHETIC,139,9,"Repair (replacement battery) [SYNTHETIC]",0.0668,"kWh replacement-battery capacity",74000,CITED,4.943
SYNTHETIC,139,10,"E-waste recycling (avoided-burden credit) [SYNTHETIC]",2.04,"kg mass processed",-1170.4,CITED,-2.388
SYNTHETIC,140,1,"Aluminium casing [SYNTHETIC]",1.157,"kg aluminium",14800,CITED,17.124
SYNTHETIC,140,2,"Circuit board (PCB, populated) [SYNTHETIC]",0.387,"kg populated board",185714,DERIVED_FROM_CITED,71.871
SYNTHETIC,140,3,"Battery (Li-ion cell production) [SYNTHETIC]",0.0657,"kWh cell capacity",74000,CITED,4.862
SYNTHETIC,140,4,"Screen (LCD module) [SYNTHETIC]",0.0626,"m2 panel area",222000,CITED,13.897
SYNTHETIC,140,5,"Assembly electricity [SYNTHETIC]",23.8,"kWh factory electricity",445,CITED,10.591
SYNTHETIC,140,6,"Packaging (cardboard) [SYNTHETIC]",0.95,"kg packaging material",1199.73,CITED,1.14
SYNTHETIC,140,7,"International shipping (sea, container) [SYNTHETIC]",75.3,"tonne-km",16.12,CITED,1.214
SYNTHETIC,140,8,"Use-phase electricity [SYNTHETIC]",166,"kWh lifetime electricity",445,CITED,73.87
SYNTHETIC,140,9,"Repair (replacement battery) [SYNTHETIC]",0.0658,"kWh replacement-battery capacity",74000,CITED,4.869
SYNTHETIC,140,10,"E-waste recycling (avoided-burden credit) [SYNTHETIC]",2.49,"kg mass processed",-1170.4,CITED,-2.914
SYNTHETIC,141,1,"Aluminium casing [SYNTHETIC]",1.193,"kg aluminium",14800,CITED,17.656
SYNTHETIC,141,2,"Circuit board (PCB, populated) [SYNTHETIC]",0.312,"kg populated board",185714,DERIVED_FROM_CITED,57.943
SYNTHETIC,141,3,"Battery (Li-ion cell production) [SYNTHETIC]",0.0602,"kWh cell capacity",74000,CITED,4.455
SYNTHETIC,141,4,"Screen (LCD module) [SYNTHETIC]",0.0481,"m2 panel area",222000,CITED,10.678
SYNTHETIC,141,5,"Assembly electricity [SYNTHETIC]",16.1,"kWh factory electricity",445,CITED,7.165
SYNTHETIC,141,6,"Packaging (cardboard) [SYNTHETIC]",0.85,"kg packaging material",1199.73,CITED,1.02
SYNTHETIC,141,7,"International shipping (sea, container) [SYNTHETIC]",67,"tonne-km",16.12,CITED,1.08
SYNTHETIC,141,8,"Use-phase electricity [SYNTHETIC]",202,"kWh lifetime electricity",445,CITED,89.89
SYNTHETIC,141,9,"Repair (replacement battery) [SYNTHETIC]",0.0551,"kWh replacement-battery capacity",74000,CITED,4.077
SYNTHETIC,141,10,"E-waste recycling (avoided-burden credit) [SYNTHETIC]",2.37,"kg mass processed",-1170.4,CITED,-2.774
SYNTHETIC,142,1,"Aluminium casing [SYNTHETIC]",1.029,"kg aluminium",14800,CITED,15.229
SYNTHETIC,142,2,"Circuit board (PCB, populated) [SYNTHETIC]",0.367,"kg populated board",185714,DERIVED_FROM_CITED,68.157
SYNTHETIC,142,3,"Battery (Li-ion cell production) [SYNTHETIC]",0.0586,"kWh cell capacity",74000,CITED,4.336
SYNTHETIC,142,4,"Screen (LCD module) [SYNTHETIC]",0.0619,"m2 panel area",222000,CITED,13.742
SYNTHETIC,142,5,"Assembly electricity [SYNTHETIC]",25.9,"kWh factory electricity",445,CITED,11.525
SYNTHETIC,142,6,"Packaging (cardboard) [SYNTHETIC]",1.05,"kg packaging material",1199.73,CITED,1.26
SYNTHETIC,142,7,"International shipping (sea, container) [SYNTHETIC]",55.3,"tonne-km",16.12,CITED,0.891
SYNTHETIC,142,8,"Use-phase electricity [SYNTHETIC]",118,"kWh lifetime electricity",445,CITED,52.51
SYNTHETIC,142,9,"Repair (replacement battery) [SYNTHETIC]",0.0783,"kWh replacement-battery capacity",74000,CITED,5.794
SYNTHETIC,142,10,"E-waste recycling (avoided-burden credit) [SYNTHETIC]",1.73,"kg mass processed",-1170.4,CITED,-2.025
SYNTHETIC,143,1,"Aluminium casing [SYNTHETIC]",1.19,"kg aluminium",14800,CITED,17.612
SYNTHETIC,143,2,"Circuit board (PCB, populated) [SYNTHETIC]",0.361,"kg populated board",185714,DERIVED_FROM_CITED,67.043
SYNTHETIC,143,3,"Battery (Li-ion cell production) [SYNTHETIC]",0.0731,"kWh cell capacity",74000,CITED,5.409
SYNTHETIC,143,4,"Screen (LCD module) [SYNTHETIC]",0.0524,"m2 panel area",222000,CITED,11.633
SYNTHETIC,143,5,"Assembly electricity [SYNTHETIC]",20,"kWh factory electricity",445,CITED,8.9
SYNTHETIC,143,6,"Packaging (cardboard) [SYNTHETIC]",0.89,"kg packaging material",1199.73,CITED,1.068
SYNTHETIC,143,7,"International shipping (sea, container) [SYNTHETIC]",57.1,"tonne-km",16.12,CITED,0.92
SYNTHETIC,143,8,"Use-phase electricity [SYNTHETIC]",186,"kWh lifetime electricity",445,CITED,82.77
SYNTHETIC,143,9,"Repair (replacement battery) [SYNTHETIC]",0.0685,"kWh replacement-battery capacity",74000,CITED,5.069
SYNTHETIC,143,10,"E-waste recycling (avoided-burden credit) [SYNTHETIC]",1.89,"kg mass processed",-1170.4,CITED,-2.212
SYNTHETIC,144,1,"Aluminium casing [SYNTHETIC]",1.14,"kg aluminium",14800,CITED,16.872
SYNTHETIC,144,2,"Circuit board (PCB, populated) [SYNTHETIC]",0.296,"kg populated board",185714,DERIVED_FROM_CITED,54.971
SYNTHETIC,144,3,"Battery (Li-ion cell production) [SYNTHETIC]",0.0688,"kWh cell capacity",74000,CITED,5.091
SYNTHETIC,144,4,"Screen (LCD module) [SYNTHETIC]",0.0609,"m2 panel area",222000,CITED,13.52
SYNTHETIC,144,5,"Assembly electricity [SYNTHETIC]",29.4,"kWh factory electricity",445,CITED,13.083
SYNTHETIC,144,6,"Packaging (cardboard) [SYNTHETIC]",0.96,"kg packaging material",1199.73,CITED,1.152
SYNTHETIC,144,7,"International shipping (sea, container) [SYNTHETIC]",70.8,"tonne-km",16.12,CITED,1.141
SYNTHETIC,144,8,"Use-phase electricity [SYNTHETIC]",210,"kWh lifetime electricity",445,CITED,93.45
SYNTHETIC,144,9,"Repair (replacement battery) [SYNTHETIC]",0.0558,"kWh replacement-battery capacity",74000,CITED,4.129
SYNTHETIC,144,10,"E-waste recycling (avoided-burden credit) [SYNTHETIC]",2.18,"kg mass processed",-1170.4,CITED,-2.551
SYNTHETIC,145,1,"Aluminium casing [SYNTHETIC]",1.075,"kg aluminium",14800,CITED,15.91
SYNTHETIC,145,2,"Circuit board (PCB, populated) [SYNTHETIC]",0.381,"kg populated board",185714,DERIVED_FROM_CITED,70.757
SYNTHETIC,145,3,"Battery (Li-ion cell production) [SYNTHETIC]",0.0518,"kWh cell capacity",74000,CITED,3.833
SYNTHETIC,145,4,"Screen (LCD module) [SYNTHETIC]",0.0602,"m2 panel area",222000,CITED,13.364
SYNTHETIC,145,5,"Assembly electricity [SYNTHETIC]",23.6,"kWh factory electricity",445,CITED,10.502
SYNTHETIC,145,6,"Packaging (cardboard) [SYNTHETIC]",1.02,"kg packaging material",1199.73,CITED,1.224
SYNTHETIC,145,7,"International shipping (sea, container) [SYNTHETIC]",60.4,"tonne-km",16.12,CITED,0.974
SYNTHETIC,145,8,"Use-phase electricity [SYNTHETIC]",188,"kWh lifetime electricity",445,CITED,83.66
SYNTHETIC,145,9,"Repair (replacement battery) [SYNTHETIC]",0.0604,"kWh replacement-battery capacity",74000,CITED,4.47
SYNTHETIC,145,10,"E-waste recycling (avoided-burden credit) [SYNTHETIC]",1.95,"kg mass processed",-1170.4,CITED,-2.282
SYNTHETIC,146,1,"Aluminium casing [SYNTHETIC]",1.154,"kg aluminium",14800,CITED,17.079
SYNTHETIC,146,2,"Circuit board (PCB, populated) [SYNTHETIC]",0.315,"kg populated board",185714,DERIVED_FROM_CITED,58.5
SYNTHETIC,146,3,"Battery (Li-ion cell production) [SYNTHETIC]",0.0688,"kWh cell capacity",74000,CITED,5.091
SYNTHETIC,146,4,"Screen (LCD module) [SYNTHETIC]",0.0487,"m2 panel area",222000,CITED,10.811
SYNTHETIC,146,5,"Assembly electricity [SYNTHETIC]",30.7,"kWh factory electricity",445,CITED,13.662
SYNTHETIC,146,6,"Packaging (cardboard) [SYNTHETIC]",0.89,"kg packaging material",1199.73,CITED,1.068
SYNTHETIC,146,7,"International shipping (sea, container) [SYNTHETIC]",79.8,"tonne-km",16.12,CITED,1.286
SYNTHETIC,146,8,"Use-phase electricity [SYNTHETIC]",186,"kWh lifetime electricity",445,CITED,82.77
SYNTHETIC,146,9,"Repair (replacement battery) [SYNTHETIC]",0.0682,"kWh replacement-battery capacity",74000,CITED,5.047
SYNTHETIC,146,10,"E-waste recycling (avoided-burden credit) [SYNTHETIC]",1.94,"kg mass processed",-1170.4,CITED,-2.271
SYNTHETIC,147,1,"Aluminium casing [SYNTHETIC]",1.099,"kg aluminium",14800,CITED,16.265
SYNTHETIC,147,2,"Circuit board (PCB, populated) [SYNTHETIC]",0.283,"kg populated board",185714,DERIVED_FROM_CITED,52.557
SYNTHETIC,147,3,"Battery (Li-ion cell production) [SYNTHETIC]",0.0611,"kWh cell capacity",74000,CITED,4.521
SYNTHETIC,147,4,"Screen (LCD module) [SYNTHETIC]",0.0593,"m2 panel area",222000,CITED,13.165
SYNTHETIC,147,5,"Assembly electricity [SYNTHETIC]",24.8,"kWh factory electricity",445,CITED,11.036
SYNTHETIC,147,6,"Packaging (cardboard) [SYNTHETIC]",0.81,"kg packaging material",1199.73,CITED,0.972
SYNTHETIC,147,7,"International shipping (sea, container) [SYNTHETIC]",61.8,"tonne-km",16.12,CITED,0.996
SYNTHETIC,147,8,"Use-phase electricity [SYNTHETIC]",207,"kWh lifetime electricity",445,CITED,92.115
SYNTHETIC,147,9,"Repair (replacement battery) [SYNTHETIC]",0.0515,"kWh replacement-battery capacity",74000,CITED,3.811
SYNTHETIC,147,10,"E-waste recycling (avoided-burden credit) [SYNTHETIC]",2,"kg mass processed",-1170.4,CITED,-2.341
SYNTHETIC,148,1,"Aluminium casing [SYNTHETIC]",1.389,"kg aluminium",14800,CITED,20.557
SYNTHETIC,148,2,"Circuit board (PCB, populated) [SYNTHETIC]",0.352,"kg populated board",185714,DERIVED_FROM_CITED,65.371
SYNTHETIC,148,3,"Battery (Li-ion cell production) [SYNTHETIC]",0.0516,"kWh cell capacity",74000,CITED,3.818
SYNTHETIC,148,4,"Screen (LCD module) [SYNTHETIC]",0.0617,"m2 panel area",222000,CITED,13.697
SYNTHETIC,148,5,"Assembly electricity [SYNTHETIC]",28.1,"kWh factory electricity",445,CITED,12.505
SYNTHETIC,148,6,"Packaging (cardboard) [SYNTHETIC]",0.81,"kg packaging material",1199.73,CITED,0.972
SYNTHETIC,148,7,"International shipping (sea, container) [SYNTHETIC]",49.4,"tonne-km",16.12,CITED,0.796
SYNTHETIC,148,8,"Use-phase electricity [SYNTHETIC]",211,"kWh lifetime electricity",445,CITED,93.895
SYNTHETIC,148,9,"Repair (replacement battery) [SYNTHETIC]",0.0599,"kWh replacement-battery capacity",74000,CITED,4.433
SYNTHETIC,148,10,"E-waste recycling (avoided-burden credit) [SYNTHETIC]",2.04,"kg mass processed",-1170.4,CITED,-2.388
SYNTHETIC,149,1,"Aluminium casing [SYNTHETIC]",1.21,"kg aluminium",14800,CITED,17.908
SYNTHETIC,149,2,"Circuit board (PCB, populated) [SYNTHETIC]",0.396,"kg populated board",185714,DERIVED_FROM_CITED,73.543
SYNTHETIC,149,3,"Battery (Li-ion cell production) [SYNTHETIC]",0.0609,"kWh cell capacity",74000,CITED,4.507
SYNTHETIC,149,4,"Screen (LCD module) [SYNTHETIC]",0.0679,"m2 panel area",222000,CITED,15.074
SYNTHETIC,149,5,"Assembly electricity [SYNTHETIC]",30.5,"kWh factory electricity",445,CITED,13.572
SYNTHETIC,149,6,"Packaging (cardboard) [SYNTHETIC]",0.96,"kg packaging material",1199.73,CITED,1.152
SYNTHETIC,149,7,"International shipping (sea, container) [SYNTHETIC]",59.4,"tonne-km",16.12,CITED,0.958
SYNTHETIC,149,8,"Use-phase electricity [SYNTHETIC]",162,"kWh lifetime electricity",445,CITED,72.09
SYNTHETIC,149,9,"Repair (replacement battery) [SYNTHETIC]",0.0631,"kWh replacement-battery capacity",74000,CITED,4.669
SYNTHETIC,149,10,"E-waste recycling (avoided-burden credit) [SYNTHETIC]",1.99,"kg mass processed",-1170.4,CITED,-2.329
SYNTHETIC,150,1,"Aluminium casing [SYNTHETIC]",1.412,"kg aluminium",14800,CITED,20.898
SYNTHETIC,150,2,"Circuit board (PCB, populated) [SYNTHETIC]",0.306,"kg populated board",185714,DERIVED_FROM_CITED,56.828
SYNTHETIC,150,3,"Battery (Li-ion cell production) [SYNTHETIC]",0.0694,"kWh cell capacity",74000,CITED,5.136
SYNTHETIC,150,4,"Screen (LCD module) [SYNTHETIC]",0.0557,"m2 panel area",222000,CITED,12.365
SYNTHETIC,150,5,"Assembly electricity [SYNTHETIC]",33.7,"kWh factory electricity",445,CITED,14.997
SYNTHETIC,150,6,"Packaging (cardboard) [SYNTHETIC]",0.86,"kg packaging material",1199.73,CITED,1.032
SYNTHETIC,150,7,"International shipping (sea, container) [SYNTHETIC]",70.8,"tonne-km",16.12,CITED,1.141
SYNTHETIC,150,8,"Use-phase electricity [SYNTHETIC]",158,"kWh lifetime electricity",445,CITED,70.31
SYNTHETIC,150,9,"Repair (replacement battery) [SYNTHETIC]",0.0643,"kWh replacement-battery capacity",74000,CITED,4.758
SYNTHETIC,150,10,"E-waste recycling (avoided-burden credit) [SYNTHETIC]",1.84,"kg mass processed",-1170.4,CITED,-2.154
SYNTHETIC,151,1,"Aluminium casing [SYNTHETIC]",0.962,"kg aluminium",14800,CITED,14.238
SYNTHETIC,151,2,"Circuit board (PCB, populated) [SYNTHETIC]",0.383,"kg populated board",185714,DERIVED_FROM_CITED,71.128
SYNTHETIC,151,3,"Battery (Li-ion cell production) [SYNTHETIC]",0.0525,"kWh cell capacity",74000,CITED,3.885
SYNTHETIC,151,4,"Screen (LCD module) [SYNTHETIC]",0.0545,"m2 panel area",222000,CITED,12.099
SYNTHETIC,151,5,"Assembly electricity [SYNTHETIC]",30.5,"kWh factory electricity",445,CITED,13.572
SYNTHETIC,151,6,"Packaging (cardboard) [SYNTHETIC]",0.7,"kg packaging material",1199.73,CITED,0.84
SYNTHETIC,151,7,"International shipping (sea, container) [SYNTHETIC]",73.2,"tonne-km",16.12,CITED,1.18
SYNTHETIC,151,8,"Use-phase electricity [SYNTHETIC]",163,"kWh lifetime electricity",445,CITED,72.535
SYNTHETIC,151,9,"Repair (replacement battery) [SYNTHETIC]",0.0593,"kWh replacement-battery capacity",74000,CITED,4.388
SYNTHETIC,151,10,"E-waste recycling (avoided-burden credit) [SYNTHETIC]",2.05,"kg mass processed",-1170.4,CITED,-2.399
SYNTHETIC,152,1,"Aluminium casing [SYNTHETIC]",1.069,"kg aluminium",14800,CITED,15.821
SYNTHETIC,152,2,"Circuit board (PCB, populated) [SYNTHETIC]",0.334,"kg populated board",185714,DERIVED_FROM_CITED,62.028
SYNTHETIC,152,3,"Battery (Li-ion cell production) [SYNTHETIC]",0.0526,"kWh cell capacity",74000,CITED,3.892
SYNTHETIC,152,4,"Screen (LCD module) [SYNTHETIC]",0.0537,"m2 panel area",222000,CITED,11.921
SYNTHETIC,152,5,"Assembly electricity [SYNTHETIC]",17.1,"kWh factory electricity",445,CITED,7.61
SYNTHETIC,152,6,"Packaging (cardboard) [SYNTHETIC]",0.73,"kg packaging material",1199.73,CITED,0.876
SYNTHETIC,152,7,"International shipping (sea, container) [SYNTHETIC]",70.3,"tonne-km",16.12,CITED,1.133
SYNTHETIC,152,8,"Use-phase electricity [SYNTHETIC]",226,"kWh lifetime electricity",445,CITED,100.57
SYNTHETIC,152,9,"Repair (replacement battery) [SYNTHETIC]",0.0685,"kWh replacement-battery capacity",74000,CITED,5.069
SYNTHETIC,152,10,"E-waste recycling (avoided-burden credit) [SYNTHETIC]",2.08,"kg mass processed",-1170.4,CITED,-2.434
SYNTHETIC,153,1,"Aluminium casing [SYNTHETIC]",0.918,"kg aluminium",14800,CITED,13.586
SYNTHETIC,153,2,"Circuit board (PCB, populated) [SYNTHETIC]",0.313,"kg populated board",185714,DERIVED_FROM_CITED,58.128
SYNTHETIC,153,3,"Battery (Li-ion cell production) [SYNTHETIC]",0.0578,"kWh cell capacity",74000,CITED,4.277
SYNTHETIC,153,4,"Screen (LCD module) [SYNTHETIC]",0.0597,"m2 panel area",222000,CITED,13.253
SYNTHETIC,153,5,"Assembly electricity [SYNTHETIC]",23.1,"kWh factory electricity",445,CITED,10.28
SYNTHETIC,153,6,"Packaging (cardboard) [SYNTHETIC]",1.07,"kg packaging material",1199.73,CITED,1.284
SYNTHETIC,153,7,"International shipping (sea, container) [SYNTHETIC]",60.9,"tonne-km",16.12,CITED,0.982
SYNTHETIC,153,8,"Use-phase electricity [SYNTHETIC]",181,"kWh lifetime electricity",445,CITED,80.545
SYNTHETIC,153,9,"Repair (replacement battery) [SYNTHETIC]",0.0612,"kWh replacement-battery capacity",74000,CITED,4.529
SYNTHETIC,153,10,"E-waste recycling (avoided-burden credit) [SYNTHETIC]",2.09,"kg mass processed",-1170.4,CITED,-2.446
SYNTHETIC,154,1,"Aluminium casing [SYNTHETIC]",1.269,"kg aluminium",14800,CITED,18.781
SYNTHETIC,154,2,"Circuit board (PCB, populated) [SYNTHETIC]",0.326,"kg populated board",185714,DERIVED_FROM_CITED,60.543
SYNTHETIC,154,3,"Battery (Li-ion cell production) [SYNTHETIC]",0.0676,"kWh cell capacity",74000,CITED,5.002
SYNTHETIC,154,4,"Screen (LCD module) [SYNTHETIC]",0.0682,"m2 panel area",222000,CITED,15.14
SYNTHETIC,154,5,"Assembly electricity [SYNTHETIC]",21,"kWh factory electricity",445,CITED,9.345
SYNTHETIC,154,6,"Packaging (cardboard) [SYNTHETIC]",0.68,"kg packaging material",1199.73,CITED,0.816
SYNTHETIC,154,7,"International shipping (sea, container) [SYNTHETIC]",77.6,"tonne-km",16.12,CITED,1.251
SYNTHETIC,154,8,"Use-phase electricity [SYNTHETIC]",125,"kWh lifetime electricity",445,CITED,55.625
SYNTHETIC,154,9,"Repair (replacement battery) [SYNTHETIC]",0.0741,"kWh replacement-battery capacity",74000,CITED,5.483
SYNTHETIC,154,10,"E-waste recycling (avoided-burden credit) [SYNTHETIC]",1.98,"kg mass processed",-1170.4,CITED,-2.317
SYNTHETIC,155,1,"Aluminium casing [SYNTHETIC]",1.206,"kg aluminium",14800,CITED,17.849
SYNTHETIC,155,2,"Circuit board (PCB, populated) [SYNTHETIC]",0.275,"kg populated board",185714,DERIVED_FROM_CITED,51.071
SYNTHETIC,155,3,"Battery (Li-ion cell production) [SYNTHETIC]",0.0563,"kWh cell capacity",74000,CITED,4.166
SYNTHETIC,155,4,"Screen (LCD module) [SYNTHETIC]",0.0581,"m2 panel area",222000,CITED,12.898
SYNTHETIC,155,5,"Assembly electricity [SYNTHETIC]",25.6,"kWh factory electricity",445,CITED,11.392
SYNTHETIC,155,6,"Packaging (cardboard) [SYNTHETIC]",0.86,"kg packaging material",1199.73,CITED,1.032
SYNTHETIC,155,7,"International shipping (sea, container) [SYNTHETIC]",84.9,"tonne-km",16.12,CITED,1.369
SYNTHETIC,155,8,"Use-phase electricity [SYNTHETIC]",178,"kWh lifetime electricity",445,CITED,79.21
SYNTHETIC,155,9,"Repair (replacement battery) [SYNTHETIC]",0.0689,"kWh replacement-battery capacity",74000,CITED,5.099
SYNTHETIC,155,10,"E-waste recycling (avoided-burden credit) [SYNTHETIC]",2.19,"kg mass processed",-1170.4,CITED,-2.563
SYNTHETIC,156,1,"Aluminium casing [SYNTHETIC]",1.057,"kg aluminium",14800,CITED,15.644
SYNTHETIC,156,2,"Circuit board (PCB, populated) [SYNTHETIC]",0.353,"kg populated board",185714,DERIVED_FROM_CITED,65.557
SYNTHETIC,156,3,"Battery (Li-ion cell production) [SYNTHETIC]",0.071,"kWh cell capacity",74000,CITED,5.254
SYNTHETIC,156,4,"Screen (LCD module) [SYNTHETIC]",0.06,"m2 panel area",222000,CITED,13.32
SYNTHETIC,156,5,"Assembly electricity [SYNTHETIC]",27.3,"kWh factory electricity",445,CITED,12.149
SYNTHETIC,156,6,"Packaging (cardboard) [SYNTHETIC]",0.87,"kg packaging material",1199.73,CITED,1.044
SYNTHETIC,156,7,"International shipping (sea, container) [SYNTHETIC]",48.9,"tonne-km",16.12,CITED,0.788
SYNTHETIC,156,8,"Use-phase electricity [SYNTHETIC]",190,"kWh lifetime electricity",445,CITED,84.55
SYNTHETIC,156,9,"Repair (replacement battery) [SYNTHETIC]",0.0568,"kWh replacement-battery capacity",74000,CITED,4.203
SYNTHETIC,156,10,"E-waste recycling (avoided-burden credit) [SYNTHETIC]",1.6,"kg mass processed",-1170.4,CITED,-1.873
SYNTHETIC,157,1,"Aluminium casing [SYNTHETIC]",1.205,"kg aluminium",14800,CITED,17.834
SYNTHETIC,157,2,"Circuit board (PCB, populated) [SYNTHETIC]",0.375,"kg populated board",185714,DERIVED_FROM_CITED,69.643
SYNTHETIC,157,3,"Battery (Li-ion cell production) [SYNTHETIC]",0.0599,"kWh cell capacity",74000,CITED,4.433
SYNTHETIC,157,4,"Screen (LCD module) [SYNTHETIC]",0.0628,"m2 panel area",222000,CITED,13.942
SYNTHETIC,157,5,"Assembly electricity [SYNTHETIC]",28.3,"kWh factory electricity",445,CITED,12.594
SYNTHETIC,157,6,"Packaging (cardboard) [SYNTHETIC]",1.12,"kg packaging material",1199.73,CITED,1.344
SYNTHETIC,157,7,"International shipping (sea, container) [SYNTHETIC]",70.3,"tonne-km",16.12,CITED,1.133
SYNTHETIC,157,8,"Use-phase electricity [SYNTHETIC]",109,"kWh lifetime electricity",445,CITED,48.505
SYNTHETIC,157,9,"Repair (replacement battery) [SYNTHETIC]",0.0594,"kWh replacement-battery capacity",74000,CITED,4.396
SYNTHETIC,157,10,"E-waste recycling (avoided-burden credit) [SYNTHETIC]",1.99,"kg mass processed",-1170.4,CITED,-2.329
SYNTHETIC,158,1,"Aluminium casing [SYNTHETIC]",1.303,"kg aluminium",14800,CITED,19.284
SYNTHETIC,158,2,"Circuit board (PCB, populated) [SYNTHETIC]",0.371,"kg populated board",185714,DERIVED_FROM_CITED,68.9
SYNTHETIC,158,3,"Battery (Li-ion cell production) [SYNTHETIC]",0.0687,"kWh cell capacity",74000,CITED,5.084
SYNTHETIC,158,4,"Screen (LCD module) [SYNTHETIC]",0.0639,"m2 panel area",222000,CITED,14.186
SYNTHETIC,158,5,"Assembly electricity [SYNTHETIC]",35.4,"kWh factory electricity",445,CITED,15.753
SYNTHETIC,158,6,"Packaging (cardboard) [SYNTHETIC]",0.88,"kg packaging material",1199.73,CITED,1.056
SYNTHETIC,158,7,"International shipping (sea, container) [SYNTHETIC]",55.2,"tonne-km",16.12,CITED,0.89
SYNTHETIC,158,8,"Use-phase electricity [SYNTHETIC]",144,"kWh lifetime electricity",445,CITED,64.08
SYNTHETIC,158,9,"Repair (replacement battery) [SYNTHETIC]",0.0641,"kWh replacement-battery capacity",74000,CITED,4.743
SYNTHETIC,158,10,"E-waste recycling (avoided-burden credit) [SYNTHETIC]",1.75,"kg mass processed",-1170.4,CITED,-2.048
SYNTHETIC,159,1,"Aluminium casing [SYNTHETIC]",1.045,"kg aluminium",14800,CITED,15.466
SYNTHETIC,159,2,"Circuit board (PCB, populated) [SYNTHETIC]",0.335,"kg populated board",185714,DERIVED_FROM_CITED,62.214
SYNTHETIC,159,3,"Battery (Li-ion cell production) [SYNTHETIC]",0.0507,"kWh cell capacity",74000,CITED,3.752
SYNTHETIC,159,4,"Screen (LCD module) [SYNTHETIC]",0.0668,"m2 panel area",222000,CITED,14.83
SYNTHETIC,159,5,"Assembly electricity [SYNTHETIC]",28.1,"kWh factory electricity",445,CITED,12.505
SYNTHETIC,159,6,"Packaging (cardboard) [SYNTHETIC]",0.76,"kg packaging material",1199.73,CITED,0.912
SYNTHETIC,159,7,"International shipping (sea, container) [SYNTHETIC]",66,"tonne-km",16.12,CITED,1.064
SYNTHETIC,159,8,"Use-phase electricity [SYNTHETIC]",200,"kWh lifetime electricity",445,CITED,89
SYNTHETIC,159,9,"Repair (replacement battery) [SYNTHETIC]",0.0562,"kWh replacement-battery capacity",74000,CITED,4.159
SYNTHETIC,159,10,"E-waste recycling (avoided-burden credit) [SYNTHETIC]",2.03,"kg mass processed",-1170.4,CITED,-2.376
SYNTHETIC,160,1,"Aluminium casing [SYNTHETIC]",1.239,"kg aluminium",14800,CITED,18.337
SYNTHETIC,160,2,"Circuit board (PCB, populated) [SYNTHETIC]",0.438,"kg populated board",185714,DERIVED_FROM_CITED,81.343
SYNTHETIC,160,3,"Battery (Li-ion cell production) [SYNTHETIC]",0.0643,"kWh cell capacity",74000,CITED,4.758
SYNTHETIC,160,4,"Screen (LCD module) [SYNTHETIC]",0.0632,"m2 panel area",222000,CITED,14.03
SYNTHETIC,160,5,"Assembly electricity [SYNTHETIC]",23.9,"kWh factory electricity",445,CITED,10.636
SYNTHETIC,160,6,"Packaging (cardboard) [SYNTHETIC]",0.89,"kg packaging material",1199.73,CITED,1.068
SYNTHETIC,160,7,"International shipping (sea, container) [SYNTHETIC]",75.1,"tonne-km",16.12,CITED,1.211
SYNTHETIC,160,8,"Use-phase electricity [SYNTHETIC]",194,"kWh lifetime electricity",445,CITED,86.33
SYNTHETIC,160,9,"Repair (replacement battery) [SYNTHETIC]",0.0562,"kWh replacement-battery capacity",74000,CITED,4.159
SYNTHETIC,160,10,"E-waste recycling (avoided-burden credit) [SYNTHETIC]",2.04,"kg mass processed",-1170.4,CITED,-2.388
SYNTHETIC,161,1,"Aluminium casing [SYNTHETIC]",1.192,"kg aluminium",14800,CITED,17.642
SYNTHETIC,161,2,"Circuit board (PCB, populated) [SYNTHETIC]",0.282,"kg populated board",185714,DERIVED_FROM_CITED,52.371
SYNTHETIC,161,3,"Battery (Li-ion cell production) [SYNTHETIC]",0.0599,"kWh cell capacity",74000,CITED,4.433
SYNTHETIC,161,4,"Screen (LCD module) [SYNTHETIC]",0.0639,"m2 panel area",222000,CITED,14.186
SYNTHETIC,161,5,"Assembly electricity [SYNTHETIC]",27.4,"kWh factory electricity",445,CITED,12.193
SYNTHETIC,161,6,"Packaging (cardboard) [SYNTHETIC]",1,"kg packaging material",1199.73,CITED,1.2
SYNTHETIC,161,7,"International shipping (sea, container) [SYNTHETIC]",62.1,"tonne-km",16.12,CITED,1.001
SYNTHETIC,161,8,"Use-phase electricity [SYNTHETIC]",109,"kWh lifetime electricity",445,CITED,48.505
SYNTHETIC,161,9,"Repair (replacement battery) [SYNTHETIC]",0.0543,"kWh replacement-battery capacity",74000,CITED,4.018
SYNTHETIC,161,10,"E-waste recycling (avoided-burden credit) [SYNTHETIC]",2.2,"kg mass processed",-1170.4,CITED,-2.575
SYNTHETIC,162,1,"Aluminium casing [SYNTHETIC]",0.997,"kg aluminium",14800,CITED,14.756
SYNTHETIC,162,2,"Circuit board (PCB, populated) [SYNTHETIC]",0.332,"kg populated board",185714,DERIVED_FROM_CITED,61.657
SYNTHETIC,162,3,"Battery (Li-ion cell production) [SYNTHETIC]",0.0678,"kWh cell capacity",74000,CITED,5.017
SYNTHETIC,162,4,"Screen (LCD module) [SYNTHETIC]",0.0559,"m2 panel area",222000,CITED,12.41
SYNTHETIC,162,5,"Assembly electricity [SYNTHETIC]",21.3,"kWh factory electricity",445,CITED,9.479
SYNTHETIC,162,6,"Packaging (cardboard) [SYNTHETIC]",0.94,"kg packaging material",1199.73,CITED,1.128
SYNTHETIC,162,7,"International shipping (sea, container) [SYNTHETIC]",71.2,"tonne-km",16.12,CITED,1.148
SYNTHETIC,162,8,"Use-phase electricity [SYNTHETIC]",219,"kWh lifetime electricity",445,CITED,97.455
SYNTHETIC,162,9,"Repair (replacement battery) [SYNTHETIC]",0.0583,"kWh replacement-battery capacity",74000,CITED,4.314
SYNTHETIC,162,10,"E-waste recycling (avoided-burden credit) [SYNTHETIC]",2.23,"kg mass processed",-1170.4,CITED,-2.61
SYNTHETIC,163,1,"Aluminium casing [SYNTHETIC]",1.339,"kg aluminium",14800,CITED,19.817
SYNTHETIC,163,2,"Circuit board (PCB, populated) [SYNTHETIC]",0.383,"kg populated board",185714,DERIVED_FROM_CITED,71.128
SYNTHETIC,163,3,"Battery (Li-ion cell production) [SYNTHETIC]",0.0708,"kWh cell capacity",74000,CITED,5.239
SYNTHETIC,163,4,"Screen (LCD module) [SYNTHETIC]",0.0611,"m2 panel area",222000,CITED,13.564
SYNTHETIC,163,5,"Assembly electricity [SYNTHETIC]",22,"kWh factory electricity",445,CITED,9.79
SYNTHETIC,163,6,"Packaging (cardboard) [SYNTHETIC]",1.11,"kg packaging material",1199.73,CITED,1.332
SYNTHETIC,163,7,"International shipping (sea, container) [SYNTHETIC]",67.4,"tonne-km",16.12,CITED,1.086
SYNTHETIC,163,8,"Use-phase electricity [SYNTHETIC]",110,"kWh lifetime electricity",445,CITED,48.95
SYNTHETIC,163,9,"Repair (replacement battery) [SYNTHETIC]",0.0651,"kWh replacement-battery capacity",74000,CITED,4.817
SYNTHETIC,163,10,"E-waste recycling (avoided-burden credit) [SYNTHETIC]",2.33,"kg mass processed",-1170.4,CITED,-2.727
SYNTHETIC,164,1,"Aluminium casing [SYNTHETIC]",1.032,"kg aluminium",14800,CITED,15.274
SYNTHETIC,164,2,"Circuit board (PCB, populated) [SYNTHETIC]",0.351,"kg populated board",185714,DERIVED_FROM_CITED,65.186
SYNTHETIC,164,3,"Battery (Li-ion cell production) [SYNTHETIC]",0.0696,"kWh cell capacity",74000,CITED,5.15
SYNTHETIC,164,4,"Screen (LCD module) [SYNTHETIC]",0.0587,"m2 panel area",222000,CITED,13.031
SYNTHETIC,164,5,"Assembly electricity [SYNTHETIC]",27.7,"kWh factory electricity",445,CITED,12.326
SYNTHETIC,164,6,"Packaging (cardboard) [SYNTHETIC]",0.86,"kg packaging material",1199.73,CITED,1.032
SYNTHETIC,164,7,"International shipping (sea, container) [SYNTHETIC]",55.8,"tonne-km",16.12,CITED,0.899
SYNTHETIC,164,8,"Use-phase electricity [SYNTHETIC]",151,"kWh lifetime electricity",445,CITED,67.195
SYNTHETIC,164,9,"Repair (replacement battery) [SYNTHETIC]",0.0625,"kWh replacement-battery capacity",74000,CITED,4.625
SYNTHETIC,164,10,"E-waste recycling (avoided-burden credit) [SYNTHETIC]",2,"kg mass processed",-1170.4,CITED,-2.341
SYNTHETIC,165,1,"Aluminium casing [SYNTHETIC]",1.247,"kg aluminium",14800,CITED,18.456
SYNTHETIC,165,2,"Circuit board (PCB, populated) [SYNTHETIC]",0.279,"kg populated board",185714,DERIVED_FROM_CITED,51.814
SYNTHETIC,165,3,"Battery (Li-ion cell production) [SYNTHETIC]",0.07,"kWh cell capacity",74000,CITED,5.18
SYNTHETIC,165,4,"Screen (LCD module) [SYNTHETIC]",0.0538,"m2 panel area",222000,CITED,11.944
SYNTHETIC,165,5,"Assembly electricity [SYNTHETIC]",23.8,"kWh factory electricity",445,CITED,10.591
SYNTHETIC,165,6,"Packaging (cardboard) [SYNTHETIC]",0.84,"kg packaging material",1199.73,CITED,1.008
SYNTHETIC,165,7,"International shipping (sea, container) [SYNTHETIC]",59,"tonne-km",16.12,CITED,0.951
SYNTHETIC,165,8,"Use-phase electricity [SYNTHETIC]",146,"kWh lifetime electricity",445,CITED,64.97
SYNTHETIC,165,9,"Repair (replacement battery) [SYNTHETIC]",0.0573,"kWh replacement-battery capacity",74000,CITED,4.24
SYNTHETIC,165,10,"E-waste recycling (avoided-burden credit) [SYNTHETIC]",1.62,"kg mass processed",-1170.4,CITED,-1.896
SYNTHETIC,166,1,"Aluminium casing [SYNTHETIC]",1.167,"kg aluminium",14800,CITED,17.272
SYNTHETIC,166,2,"Circuit board (PCB, populated) [SYNTHETIC]",0.439,"kg populated board",185714,DERIVED_FROM_CITED,81.528
SYNTHETIC,166,3,"Battery (Li-ion cell production) [SYNTHETIC]",0.0641,"kWh cell capacity",74000,CITED,4.743
SYNTHETIC,166,4,"Screen (LCD module) [SYNTHETIC]",0.0518,"m2 panel area",222000,CITED,11.5
SYNTHETIC,166,5,"Assembly electricity [SYNTHETIC]",28.5,"kWh factory electricity",445,CITED,12.682
SYNTHETIC,166,6,"Packaging (cardboard) [SYNTHETIC]",0.92,"kg packaging material",1199.73,CITED,1.104
SYNTHETIC,166,7,"International shipping (sea, container) [SYNTHETIC]",55.1,"tonne-km",16.12,CITED,0.888
SYNTHETIC,166,8,"Use-phase electricity [SYNTHETIC]",117,"kWh lifetime electricity",445,CITED,52.065
SYNTHETIC,166,9,"Repair (replacement battery) [SYNTHETIC]",0.0623,"kWh replacement-battery capacity",74000,CITED,4.61
SYNTHETIC,166,10,"E-waste recycling (avoided-burden credit) [SYNTHETIC]",2.16,"kg mass processed",-1170.4,CITED,-2.528
SYNTHETIC,167,1,"Aluminium casing [SYNTHETIC]",1.23,"kg aluminium",14800,CITED,18.204
SYNTHETIC,167,2,"Circuit board (PCB, populated) [SYNTHETIC]",0.441,"kg populated board",185714,DERIVED_FROM_CITED,81.9
SYNTHETIC,167,3,"Battery (Li-ion cell production) [SYNTHETIC]",0.0603,"kWh cell capacity",74000,CITED,4.462
SYNTHETIC,167,4,"Screen (LCD module) [SYNTHETIC]",0.066,"m2 panel area",222000,CITED,14.652
SYNTHETIC,167,5,"Assembly electricity [SYNTHETIC]",30.7,"kWh factory electricity",445,CITED,13.662
SYNTHETIC,167,6,"Packaging (cardboard) [SYNTHETIC]",0.84,"kg packaging material",1199.73,CITED,1.008
SYNTHETIC,167,7,"International shipping (sea, container) [SYNTHETIC]",64.4,"tonne-km",16.12,CITED,1.038
SYNTHETIC,167,8,"Use-phase electricity [SYNTHETIC]",148,"kWh lifetime electricity",445,CITED,65.86
SYNTHETIC,167,9,"Repair (replacement battery) [SYNTHETIC]",0.0625,"kWh replacement-battery capacity",74000,CITED,4.625
SYNTHETIC,167,10,"E-waste recycling (avoided-burden credit) [SYNTHETIC]",2.08,"kg mass processed",-1170.4,CITED,-2.434
SYNTHETIC,168,1,"Aluminium casing [SYNTHETIC]",0.956,"kg aluminium",14800,CITED,14.149
SYNTHETIC,168,2,"Circuit board (PCB, populated) [SYNTHETIC]",0.338,"kg populated board",185714,DERIVED_FROM_CITED,62.771
SYNTHETIC,168,3,"Battery (Li-ion cell production) [SYNTHETIC]",0.0588,"kWh cell capacity",74000,CITED,4.351
SYNTHETIC,168,4,"Screen (LCD module) [SYNTHETIC]",0.0527,"m2 panel area",222000,CITED,11.699
SYNTHETIC,168,5,"Assembly electricity [SYNTHETIC]",17.1,"kWh factory electricity",445,CITED,7.61
SYNTHETIC,168,6,"Packaging (cardboard) [SYNTHETIC]",1.06,"kg packaging material",1199.73,CITED,1.272
SYNTHETIC,168,7,"International shipping (sea, container) [SYNTHETIC]",59.7,"tonne-km",16.12,CITED,0.962
SYNTHETIC,168,8,"Use-phase electricity [SYNTHETIC]",171,"kWh lifetime electricity",445,CITED,76.095
SYNTHETIC,168,9,"Repair (replacement battery) [SYNTHETIC]",0.0581,"kWh replacement-battery capacity",74000,CITED,4.299
SYNTHETIC,168,10,"E-waste recycling (avoided-burden credit) [SYNTHETIC]",2.03,"kg mass processed",-1170.4,CITED,-2.376
SYNTHETIC,169,1,"Aluminium casing [SYNTHETIC]",1.19,"kg aluminium",14800,CITED,17.612
SYNTHETIC,169,2,"Circuit board (PCB, populated) [SYNTHETIC]",0.34,"kg populated board",185714,DERIVED_FROM_CITED,63.143
SYNTHETIC,169,3,"Battery (Li-ion cell production) [SYNTHETIC]",0.0645,"kWh cell capacity",74000,CITED,4.773
SYNTHETIC,169,4,"Screen (LCD module) [SYNTHETIC]",0.0548,"m2 panel area",222000,CITED,12.166
SYNTHETIC,169,5,"Assembly electricity [SYNTHETIC]",20.2,"kWh factory electricity",445,CITED,8.989
SYNTHETIC,169,6,"Packaging (cardboard) [SYNTHETIC]",0.82,"kg packaging material",1199.73,CITED,0.984
SYNTHETIC,169,7,"International shipping (sea, container) [SYNTHETIC]",50.2,"tonne-km",16.12,CITED,0.809
SYNTHETIC,169,8,"Use-phase electricity [SYNTHETIC]",264,"kWh lifetime electricity",445,CITED,117.48
SYNTHETIC,169,9,"Repair (replacement battery) [SYNTHETIC]",0.06,"kWh replacement-battery capacity",74000,CITED,4.44
SYNTHETIC,169,10,"E-waste recycling (avoided-burden credit) [SYNTHETIC]",1.97,"kg mass processed",-1170.4,CITED,-2.306
SYNTHETIC,170,1,"Aluminium casing [SYNTHETIC]",1.285,"kg aluminium",14800,CITED,19.018
SYNTHETIC,170,2,"Circuit board (PCB, populated) [SYNTHETIC]",0.261,"kg populated board",185714,DERIVED_FROM_CITED,48.471
SYNTHETIC,170,3,"Battery (Li-ion cell production) [SYNTHETIC]",0.0493,"kWh cell capacity",74000,CITED,3.648
SYNTHETIC,170,4,"Screen (LCD module) [SYNTHETIC]",0.0616,"m2 panel area",222000,CITED,13.675
SYNTHETIC,170,5,"Assembly electricity [SYNTHETIC]",18.4,"kWh factory electricity",445,CITED,8.188
SYNTHETIC,170,6,"Packaging (cardboard) [SYNTHETIC]",0.62,"kg packaging material",1199.73,CITED,0.744
SYNTHETIC,170,7,"International shipping (sea, container) [SYNTHETIC]",59.6,"tonne-km",16.12,CITED,0.961
SYNTHETIC,170,8,"Use-phase electricity [SYNTHETIC]",149,"kWh lifetime electricity",445,CITED,66.305
SYNTHETIC,170,9,"Repair (replacement battery) [SYNTHETIC]",0.0688,"kWh replacement-battery capacity",74000,CITED,5.091
SYNTHETIC,170,10,"E-waste recycling (avoided-burden credit) [SYNTHETIC]",2.29,"kg mass processed",-1170.4,CITED,-2.68
SYNTHETIC,171,1,"Aluminium casing [SYNTHETIC]",1.103,"kg aluminium",14800,CITED,16.324
SYNTHETIC,171,2,"Circuit board (PCB, populated) [SYNTHETIC]",0.394,"kg populated board",185714,DERIVED_FROM_CITED,73.171
SYNTHETIC,171,3,"Battery (Li-ion cell production) [SYNTHETIC]",0.0571,"kWh cell capacity",74000,CITED,4.225
SYNTHETIC,171,4,"Screen (LCD module) [SYNTHETIC]",0.0626,"m2 panel area",222000,CITED,13.897
SYNTHETIC,171,5,"Assembly electricity [SYNTHETIC]",21.6,"kWh factory electricity",445,CITED,9.612
SYNTHETIC,171,6,"Packaging (cardboard) [SYNTHETIC]",0.65,"kg packaging material",1199.73,CITED,0.78
SYNTHETIC,171,7,"International shipping (sea, container) [SYNTHETIC]",49.9,"tonne-km",16.12,CITED,0.804
SYNTHETIC,171,8,"Use-phase electricity [SYNTHETIC]",212,"kWh lifetime electricity",445,CITED,94.34
SYNTHETIC,171,9,"Repair (replacement battery) [SYNTHETIC]",0.0563,"kWh replacement-battery capacity",74000,CITED,4.166
SYNTHETIC,171,10,"E-waste recycling (avoided-burden credit) [SYNTHETIC]",1.64,"kg mass processed",-1170.4,CITED,-1.919
SYNTHETIC,172,1,"Aluminium casing [SYNTHETIC]",0.925,"kg aluminium",14800,CITED,13.69
SYNTHETIC,172,2,"Circuit board (PCB, populated) [SYNTHETIC]",0.384,"kg populated board",185714,DERIVED_FROM_CITED,71.314
SYNTHETIC,172,3,"Battery (Li-ion cell production) [SYNTHETIC]",0.0523,"kWh cell capacity",74000,CITED,3.87
SYNTHETIC,172,4,"Screen (LCD module) [SYNTHETIC]",0.0623,"m2 panel area",222000,CITED,13.831
SYNTHETIC,172,5,"Assembly electricity [SYNTHETIC]",25.6,"kWh factory electricity",445,CITED,11.392
SYNTHETIC,172,6,"Packaging (cardboard) [SYNTHETIC]",0.98,"kg packaging material",1199.73,CITED,1.176
SYNTHETIC,172,7,"International shipping (sea, container) [SYNTHETIC]",61.6,"tonne-km",16.12,CITED,0.993
SYNTHETIC,172,8,"Use-phase electricity [SYNTHETIC]",217,"kWh lifetime electricity",445,CITED,96.565
SYNTHETIC,172,9,"Repair (replacement battery) [SYNTHETIC]",0.0594,"kWh replacement-battery capacity",74000,CITED,4.396
SYNTHETIC,172,10,"E-waste recycling (avoided-burden credit) [SYNTHETIC]",1.97,"kg mass processed",-1170.4,CITED,-2.306
SYNTHETIC,173,1,"Aluminium casing [SYNTHETIC]",1.045,"kg aluminium",14800,CITED,15.466
SYNTHETIC,173,2,"Circuit board (PCB, populated) [SYNTHETIC]",0.385,"kg populated board",185714,DERIVED_FROM_CITED,71.5
SYNTHETIC,173,3,"Battery (Li-ion cell production) [SYNTHETIC]",0.0641,"kWh cell capacity",74000,CITED,4.743
SYNTHETIC,173,4,"Screen (LCD module) [SYNTHETIC]",0.0544,"m2 panel area",222000,CITED,12.077
SYNTHETIC,173,5,"Assembly electricity [SYNTHETIC]",22.2,"kWh factory electricity",445,CITED,9.879
SYNTHETIC,173,6,"Packaging (cardboard) [SYNTHETIC]",0.81,"kg packaging material",1199.73,CITED,0.972
SYNTHETIC,173,7,"International shipping (sea, container) [SYNTHETIC]",63.8,"tonne-km",16.12,CITED,1.028
SYNTHETIC,173,8,"Use-phase electricity [SYNTHETIC]",169,"kWh lifetime electricity",445,CITED,75.205
SYNTHETIC,173,9,"Repair (replacement battery) [SYNTHETIC]",0.0578,"kWh replacement-battery capacity",74000,CITED,4.277
SYNTHETIC,173,10,"E-waste recycling (avoided-burden credit) [SYNTHETIC]",2.09,"kg mass processed",-1170.4,CITED,-2.446
SYNTHETIC,174,1,"Aluminium casing [SYNTHETIC]",1.212,"kg aluminium",14800,CITED,17.938
SYNTHETIC,174,2,"Circuit board (PCB, populated) [SYNTHETIC]",0.411,"kg populated board",185714,DERIVED_FROM_CITED,76.328
SYNTHETIC,174,3,"Battery (Li-ion cell production) [SYNTHETIC]",0.0537,"kWh cell capacity",74000,CITED,3.974
SYNTHETIC,174,4,"Screen (LCD module) [SYNTHETIC]",0.0665,"m2 panel area",222000,CITED,14.763
SYNTHETIC,174,5,"Assembly electricity [SYNTHETIC]",28.7,"kWh factory electricity",445,CITED,12.771
SYNTHETIC,174,6,"Packaging (cardboard) [SYNTHETIC]",0.87,"kg packaging material",1199.73,CITED,1.044
SYNTHETIC,174,7,"International shipping (sea, container) [SYNTHETIC]",55.7,"tonne-km",16.12,CITED,0.898
SYNTHETIC,174,8,"Use-phase electricity [SYNTHETIC]",130,"kWh lifetime electricity",445,CITED,57.85
SYNTHETIC,174,9,"Repair (replacement battery) [SYNTHETIC]",0.0524,"kWh replacement-battery capacity",74000,CITED,3.878
SYNTHETIC,174,10,"E-waste recycling (avoided-burden credit) [SYNTHETIC]",1.64,"kg mass processed",-1170.4,CITED,-1.919
SYNTHETIC,175,1,"Aluminium casing [SYNTHETIC]",1.072,"kg aluminium",14800,CITED,15.866
SYNTHETIC,175,2,"Circuit board (PCB, populated) [SYNTHETIC]",0.29,"kg populated board",185714,DERIVED_FROM_CITED,53.857
SYNTHETIC,175,3,"Battery (Li-ion cell production) [SYNTHETIC]",0.056,"kWh cell capacity",74000,CITED,4.144
SYNTHETIC,175,4,"Screen (LCD module) [SYNTHETIC]",0.0506,"m2 panel area",222000,CITED,11.233
SYNTHETIC,175,5,"Assembly electricity [SYNTHETIC]",18.9,"kWh factory electricity",445,CITED,8.411
SYNTHETIC,175,6,"Packaging (cardboard) [SYNTHETIC]",0.95,"kg packaging material",1199.73,CITED,1.14
SYNTHETIC,175,7,"International shipping (sea, container) [SYNTHETIC]",64.8,"tonne-km",16.12,CITED,1.045
SYNTHETIC,175,8,"Use-phase electricity [SYNTHETIC]",177,"kWh lifetime electricity",445,CITED,78.765
SYNTHETIC,175,9,"Repair (replacement battery) [SYNTHETIC]",0.0759,"kWh replacement-battery capacity",74000,CITED,5.617
SYNTHETIC,175,10,"E-waste recycling (avoided-burden credit) [SYNTHETIC]",1.87,"kg mass processed",-1170.4,CITED,-2.189
SYNTHETIC,176,1,"Aluminium casing [SYNTHETIC]",1.312,"kg aluminium",14800,CITED,19.418
SYNTHETIC,176,2,"Circuit board (PCB, populated) [SYNTHETIC]",0.312,"kg populated board",185714,DERIVED_FROM_CITED,57.943
SYNTHETIC,176,3,"Battery (Li-ion cell production) [SYNTHETIC]",0.0602,"kWh cell capacity",74000,CITED,4.455
SYNTHETIC,176,4,"Screen (LCD module) [SYNTHETIC]",0.0506,"m2 panel area",222000,CITED,11.233
SYNTHETIC,176,5,"Assembly electricity [SYNTHETIC]",18.3,"kWh factory electricity",445,CITED,8.143
SYNTHETIC,176,6,"Packaging (cardboard) [SYNTHETIC]",0.7,"kg packaging material",1199.73,CITED,0.84
SYNTHETIC,176,7,"International shipping (sea, container) [SYNTHETIC]",59.2,"tonne-km",16.12,CITED,0.954
SYNTHETIC,176,8,"Use-phase electricity [SYNTHETIC]",148,"kWh lifetime electricity",445,CITED,65.86
SYNTHETIC,176,9,"Repair (replacement battery) [SYNTHETIC]",0.0618,"kWh replacement-battery capacity",74000,CITED,4.573
SYNTHETIC,176,10,"E-waste recycling (avoided-burden credit) [SYNTHETIC]",1.72,"kg mass processed",-1170.4,CITED,-2.013
SYNTHETIC,177,1,"Aluminium casing [SYNTHETIC]",1.363,"kg aluminium",14800,CITED,20.172
SYNTHETIC,177,2,"Circuit board (PCB, populated) [SYNTHETIC]",0.399,"kg populated board",185714,DERIVED_FROM_CITED,74.1
SYNTHETIC,177,3,"Battery (Li-ion cell production) [SYNTHETIC]",0.0617,"kWh cell capacity",74000,CITED,4.566
SYNTHETIC,177,4,"Screen (LCD module) [SYNTHETIC]",0.0626,"m2 panel area",222000,CITED,13.897
SYNTHETIC,177,5,"Assembly electricity [SYNTHETIC]",28.7,"kWh factory electricity",445,CITED,12.771
SYNTHETIC,177,6,"Packaging (cardboard) [SYNTHETIC]",0.98,"kg packaging material",1199.73,CITED,1.176
SYNTHETIC,177,7,"International shipping (sea, container) [SYNTHETIC]",54.7,"tonne-km",16.12,CITED,0.882
SYNTHETIC,177,8,"Use-phase electricity [SYNTHETIC]",198,"kWh lifetime electricity",445,CITED,88.11
SYNTHETIC,177,9,"Repair (replacement battery) [SYNTHETIC]",0.0568,"kWh replacement-battery capacity",74000,CITED,4.203
SYNTHETIC,177,10,"E-waste recycling (avoided-burden credit) [SYNTHETIC]",2.15,"kg mass processed",-1170.4,CITED,-2.516
SYNTHETIC,178,1,"Aluminium casing [SYNTHETIC]",1.426,"kg aluminium",14800,CITED,21.105
SYNTHETIC,178,2,"Circuit board (PCB, populated) [SYNTHETIC]",0.365,"kg populated board",185714,DERIVED_FROM_CITED,67.786
SYNTHETIC,178,3,"Battery (Li-ion cell production) [SYNTHETIC]",0.0606,"kWh cell capacity",74000,CITED,4.484
SYNTHETIC,178,4,"Screen (LCD module) [SYNTHETIC]",0.0577,"m2 panel area",222000,CITED,12.809
SYNTHETIC,178,5,"Assembly electricity [SYNTHETIC]",30.3,"kWh factory electricity",445,CITED,13.483
SYNTHETIC,178,6,"Packaging (cardboard) [SYNTHETIC]",1.01,"kg packaging material",1199.73,CITED,1.212
SYNTHETIC,178,7,"International shipping (sea, container) [SYNTHETIC]",66.7,"tonne-km",16.12,CITED,1.075
SYNTHETIC,178,8,"Use-phase electricity [SYNTHETIC]",205,"kWh lifetime electricity",445,CITED,91.225
SYNTHETIC,178,9,"Repair (replacement battery) [SYNTHETIC]",0.0519,"kWh replacement-battery capacity",74000,CITED,3.841
SYNTHETIC,178,10,"E-waste recycling (avoided-burden credit) [SYNTHETIC]",1.78,"kg mass processed",-1170.4,CITED,-2.083
SYNTHETIC,179,1,"Aluminium casing [SYNTHETIC]",1.141,"kg aluminium",14800,CITED,16.887
SYNTHETIC,179,2,"Circuit board (PCB, populated) [SYNTHETIC]",0.352,"kg populated board",185714,DERIVED_FROM_CITED,65.371
SYNTHETIC,179,3,"Battery (Li-ion cell production) [SYNTHETIC]",0.0524,"kWh cell capacity",74000,CITED,3.878
SYNTHETIC,179,4,"Screen (LCD module) [SYNTHETIC]",0.0675,"m2 panel area",222000,CITED,14.985
SYNTHETIC,179,5,"Assembly electricity [SYNTHETIC]",30,"kWh factory electricity",445,CITED,13.35
SYNTHETIC,179,6,"Packaging (cardboard) [SYNTHETIC]",0.59,"kg packaging material",1199.73,CITED,0.708
SYNTHETIC,179,7,"International shipping (sea, container) [SYNTHETIC]",75.2,"tonne-km",16.12,CITED,1.212
SYNTHETIC,179,8,"Use-phase electricity [SYNTHETIC]",117,"kWh lifetime electricity",445,CITED,52.065
SYNTHETIC,179,9,"Repair (replacement battery) [SYNTHETIC]",0.0522,"kWh replacement-battery capacity",74000,CITED,3.863
SYNTHETIC,179,10,"E-waste recycling (avoided-burden credit) [SYNTHETIC]",2.16,"kg mass processed",-1170.4,CITED,-2.528
SYNTHETIC,180,1,"Aluminium casing [SYNTHETIC]",1.122,"kg aluminium",14800,CITED,16.606
SYNTHETIC,180,2,"Circuit board (PCB, populated) [SYNTHETIC]",0.306,"kg populated board",185714,DERIVED_FROM_CITED,56.828
SYNTHETIC,180,3,"Battery (Li-ion cell production) [SYNTHETIC]",0.0604,"kWh cell capacity",74000,CITED,4.47
SYNTHETIC,180,4,"Screen (LCD module) [SYNTHETIC]",0.0556,"m2 panel area",222000,CITED,12.343
SYNTHETIC,180,5,"Assembly electricity [SYNTHETIC]",25.3,"kWh factory electricity",445,CITED,11.258
SYNTHETIC,180,6,"Packaging (cardboard) [SYNTHETIC]",1.02,"kg packaging material",1199.73,CITED,1.224
SYNTHETIC,180,7,"International shipping (sea, container) [SYNTHETIC]",72.2,"tonne-km",16.12,CITED,1.164
SYNTHETIC,180,8,"Use-phase electricity [SYNTHETIC]",197,"kWh lifetime electricity",445,CITED,87.665
SYNTHETIC,180,9,"Repair (replacement battery) [SYNTHETIC]",0.0544,"kWh replacement-battery capacity",74000,CITED,4.026
SYNTHETIC,180,10,"E-waste recycling (avoided-burden credit) [SYNTHETIC]",2.03,"kg mass processed",-1170.4,CITED,-2.376
SYNTHETIC,181,1,"Aluminium casing [SYNTHETIC]",1.186,"kg aluminium",14800,CITED,17.553
SYNTHETIC,181,2,"Circuit board (PCB, populated) [SYNTHETIC]",0.298,"kg populated board",185714,DERIVED_FROM_CITED,55.343
SYNTHETIC,181,3,"Battery (Li-ion cell production) [SYNTHETIC]",0.0515,"kWh cell capacity",74000,CITED,3.811
SYNTHETIC,181,4,"Screen (LCD module) [SYNTHETIC]",0.0549,"m2 panel area",222000,CITED,12.188
SYNTHETIC,181,5,"Assembly electricity [SYNTHETIC]",19.1,"kWh factory electricity",445,CITED,8.499
SYNTHETIC,181,6,"Packaging (cardboard) [SYNTHETIC]",0.98,"kg packaging material",1199.73,CITED,1.176
SYNTHETIC,181,7,"International shipping (sea, container) [SYNTHETIC]",69,"tonne-km",16.12,CITED,1.112
SYNTHETIC,181,8,"Use-phase electricity [SYNTHETIC]",175,"kWh lifetime electricity",445,CITED,77.875
SYNTHETIC,181,9,"Repair (replacement battery) [SYNTHETIC]",0.0704,"kWh replacement-battery capacity",74000,CITED,5.21
SYNTHETIC,181,10,"E-waste recycling (avoided-burden credit) [SYNTHETIC]",2.3,"kg mass processed",-1170.4,CITED,-2.692
SYNTHETIC,182,1,"Aluminium casing [SYNTHETIC]",1.212,"kg aluminium",14800,CITED,17.938
SYNTHETIC,182,2,"Circuit board (PCB, populated) [SYNTHETIC]",0.319,"kg populated board",185714,DERIVED_FROM_CITED,59.243
SYNTHETIC,182,3,"Battery (Li-ion cell production) [SYNTHETIC]",0.0557,"kWh cell capacity",74000,CITED,4.122
SYNTHETIC,182,4,"Screen (LCD module) [SYNTHETIC]",0.0601,"m2 panel area",222000,CITED,13.342
SYNTHETIC,182,5,"Assembly electricity [SYNTHETIC]",25.4,"kWh factory electricity",445,CITED,11.303
SYNTHETIC,182,6,"Packaging (cardboard) [SYNTHETIC]",0.68,"kg packaging material",1199.73,CITED,0.816
SYNTHETIC,182,7,"International shipping (sea, container) [SYNTHETIC]",70.7,"tonne-km",16.12,CITED,1.14
SYNTHETIC,182,8,"Use-phase electricity [SYNTHETIC]",217,"kWh lifetime electricity",445,CITED,96.565
SYNTHETIC,182,9,"Repair (replacement battery) [SYNTHETIC]",0.0644,"kWh replacement-battery capacity",74000,CITED,4.766
SYNTHETIC,182,10,"E-waste recycling (avoided-burden credit) [SYNTHETIC]",2.08,"kg mass processed",-1170.4,CITED,-2.434
SYNTHETIC,183,1,"Aluminium casing [SYNTHETIC]",1.273,"kg aluminium",14800,CITED,18.84
SYNTHETIC,183,2,"Circuit board (PCB, populated) [SYNTHETIC]",0.373,"kg populated board",185714,DERIVED_FROM_CITED,69.271
SYNTHETIC,183,3,"Battery (Li-ion cell production) [SYNTHETIC]",0.0635,"kWh cell capacity",74000,CITED,4.699
SYNTHETIC,183,4,"Screen (LCD module) [SYNTHETIC]",0.056,"m2 panel area",222000,CITED,12.432
SYNTHETIC,183,5,"Assembly electricity [SYNTHETIC]",23.9,"kWh factory electricity",445,CITED,10.636
SYNTHETIC,183,6,"Packaging (cardboard) [SYNTHETIC]",0.88,"kg packaging material",1199.73,CITED,1.056
SYNTHETIC,183,7,"International shipping (sea, container) [SYNTHETIC]",71.5,"tonne-km",16.12,CITED,1.153
SYNTHETIC,183,8,"Use-phase electricity [SYNTHETIC]",211,"kWh lifetime electricity",445,CITED,93.895
SYNTHETIC,183,9,"Repair (replacement battery) [SYNTHETIC]",0.0488,"kWh replacement-battery capacity",74000,CITED,3.611
SYNTHETIC,183,10,"E-waste recycling (avoided-burden credit) [SYNTHETIC]",2.08,"kg mass processed",-1170.4,CITED,-2.434
SYNTHETIC,184,1,"Aluminium casing [SYNTHETIC]",1.147,"kg aluminium",14800,CITED,16.976
SYNTHETIC,184,2,"Circuit board (PCB, populated) [SYNTHETIC]",0.362,"kg populated board",185714,DERIVED_FROM_CITED,67.228
SYNTHETIC,184,3,"Battery (Li-ion cell production) [SYNTHETIC]",0.0671,"kWh cell capacity",74000,CITED,4.965
SYNTHETIC,184,4,"Screen (LCD module) [SYNTHETIC]",0.0527,"m2 panel area",222000,CITED,11.699
SYNTHETIC,184,5,"Assembly electricity [SYNTHETIC]",26.9,"kWh factory electricity",445,CITED,11.97
SYNTHETIC,184,6,"Packaging (cardboard) [SYNTHETIC]",0.76,"kg packaging material",1199.73,CITED,0.912
SYNTHETIC,184,7,"International shipping (sea, container) [SYNTHETIC]",50.9,"tonne-km",16.12,CITED,0.821
SYNTHETIC,184,8,"Use-phase electricity [SYNTHETIC]",136,"kWh lifetime electricity",445,CITED,60.52
SYNTHETIC,184,9,"Repair (replacement battery) [SYNTHETIC]",0.0603,"kWh replacement-battery capacity",74000,CITED,4.462
SYNTHETIC,184,10,"E-waste recycling (avoided-burden credit) [SYNTHETIC]",2,"kg mass processed",-1170.4,CITED,-2.341
SYNTHETIC,185,1,"Aluminium casing [SYNTHETIC]",1.013,"kg aluminium",14800,CITED,14.992
SYNTHETIC,185,2,"Circuit board (PCB, populated) [SYNTHETIC]",0.403,"kg populated board",185714,DERIVED_FROM_CITED,74.843
SYNTHETIC,185,3,"Battery (Li-ion cell production) [SYNTHETIC]",0.0576,"kWh cell capacity",74000,CITED,4.262
SYNTHETIC,185,4,"Screen (LCD module) [SYNTHETIC]",0.0573,"m2 panel area",222000,CITED,12.721
SYNTHETIC,185,5,"Assembly electricity [SYNTHETIC]",17.9,"kWh factory electricity",445,CITED,7.965
SYNTHETIC,185,6,"Packaging (cardboard) [SYNTHETIC]",0.98,"kg packaging material",1199.73,CITED,1.176
SYNTHETIC,185,7,"International shipping (sea, container) [SYNTHETIC]",68,"tonne-km",16.12,CITED,1.096
SYNTHETIC,185,8,"Use-phase electricity [SYNTHETIC]",180,"kWh lifetime electricity",445,CITED,80.1
SYNTHETIC,185,9,"Repair (replacement battery) [SYNTHETIC]",0.0562,"kWh replacement-battery capacity",74000,CITED,4.159
SYNTHETIC,185,10,"E-waste recycling (avoided-burden credit) [SYNTHETIC]",2.47,"kg mass processed",-1170.4,CITED,-2.891
SYNTHETIC,186,1,"Aluminium casing [SYNTHETIC]",1.18,"kg aluminium",14800,CITED,17.464
SYNTHETIC,186,2,"Circuit board (PCB, populated) [SYNTHETIC]",0.257,"kg populated board",185714,DERIVED_FROM_CITED,47.728
SYNTHETIC,186,3,"Battery (Li-ion cell production) [SYNTHETIC]",0.0474,"kWh cell capacity",74000,CITED,3.508
SYNTHETIC,186,4,"Screen (LCD module) [SYNTHETIC]",0.0629,"m2 panel area",222000,CITED,13.964
SYNTHETIC,186,5,"Assembly electricity [SYNTHETIC]",27,"kWh factory electricity",445,CITED,12.015
SYNTHETIC,186,6,"Packaging (cardboard) [SYNTHETIC]",0.76,"kg packaging material",1199.73,CITED,0.912
SYNTHETIC,186,7,"International shipping (sea, container) [SYNTHETIC]",55.3,"tonne-km",16.12,CITED,0.891
SYNTHETIC,186,8,"Use-phase electricity [SYNTHETIC]",119,"kWh lifetime electricity",445,CITED,52.955
SYNTHETIC,186,9,"Repair (replacement battery) [SYNTHETIC]",0.0595,"kWh replacement-battery capacity",74000,CITED,4.403
SYNTHETIC,186,10,"E-waste recycling (avoided-burden credit) [SYNTHETIC]",2.06,"kg mass processed",-1170.4,CITED,-2.411
SYNTHETIC,187,1,"Aluminium casing [SYNTHETIC]",0.849,"kg aluminium",14800,CITED,12.565
SYNTHETIC,187,2,"Circuit board (PCB, populated) [SYNTHETIC]",0.356,"kg populated board",185714,DERIVED_FROM_CITED,66.114
SYNTHETIC,187,3,"Battery (Li-ion cell production) [SYNTHETIC]",0.0694,"kWh cell capacity",74000,CITED,5.136
SYNTHETIC,187,4,"Screen (LCD module) [SYNTHETIC]",0.0585,"m2 panel area",222000,CITED,12.987
SYNTHETIC,187,5,"Assembly electricity [SYNTHETIC]",20,"kWh factory electricity",445,CITED,8.9
SYNTHETIC,187,6,"Packaging (cardboard) [SYNTHETIC]",0.97,"kg packaging material",1199.73,CITED,1.164
SYNTHETIC,187,7,"International shipping (sea, container) [SYNTHETIC]",53.9,"tonne-km",16.12,CITED,0.869
SYNTHETIC,187,8,"Use-phase electricity [SYNTHETIC]",188,"kWh lifetime electricity",445,CITED,83.66
SYNTHETIC,187,9,"Repair (replacement battery) [SYNTHETIC]",0.0542,"kWh replacement-battery capacity",74000,CITED,4.011
SYNTHETIC,187,10,"E-waste recycling (avoided-burden credit) [SYNTHETIC]",1.91,"kg mass processed",-1170.4,CITED,-2.235
SYNTHETIC,188,1,"Aluminium casing [SYNTHETIC]",1.1,"kg aluminium",14800,CITED,16.28
SYNTHETIC,188,2,"Circuit board (PCB, populated) [SYNTHETIC]",0.366,"kg populated board",185714,DERIVED_FROM_CITED,67.971
SYNTHETIC,188,3,"Battery (Li-ion cell production) [SYNTHETIC]",0.0721,"kWh cell capacity",74000,CITED,5.335
SYNTHETIC,188,4,"Screen (LCD module) [SYNTHETIC]",0.0631,"m2 panel area",222000,CITED,14.008
SYNTHETIC,188,5,"Assembly electricity [SYNTHETIC]",22.8,"kWh factory electricity",445,CITED,10.146
SYNTHETIC,188,6,"Packaging (cardboard) [SYNTHETIC]",0.75,"kg packaging material",1199.73,CITED,0.9
SYNTHETIC,188,7,"International shipping (sea, container) [SYNTHETIC]",68.6,"tonne-km",16.12,CITED,1.106
SYNTHETIC,188,8,"Use-phase electricity [SYNTHETIC]",237,"kWh lifetime electricity",445,CITED,105.465
SYNTHETIC,188,9,"Repair (replacement battery) [SYNTHETIC]",0.0674,"kWh replacement-battery capacity",74000,CITED,4.988
SYNTHETIC,188,10,"E-waste recycling (avoided-burden credit) [SYNTHETIC]",1.63,"kg mass processed",-1170.4,CITED,-1.908
SYNTHETIC,189,1,"Aluminium casing [SYNTHETIC]",1.116,"kg aluminium",14800,CITED,16.517
SYNTHETIC,189,2,"Circuit board (PCB, populated) [SYNTHETIC]",0.261,"kg populated board",185714,DERIVED_FROM_CITED,48.471
SYNTHETIC,189,3,"Battery (Li-ion cell production) [SYNTHETIC]",0.0637,"kWh cell capacity",74000,CITED,4.714
SYNTHETIC,189,4,"Screen (LCD module) [SYNTHETIC]",0.0617,"m2 panel area",222000,CITED,13.697
SYNTHETIC,189,5,"Assembly electricity [SYNTHETIC]",29,"kWh factory electricity",445,CITED,12.905
SYNTHETIC,189,6,"Packaging (cardboard) [SYNTHETIC]",1.04,"kg packaging material",1199.73,CITED,1.248
SYNTHETIC,189,7,"International shipping (sea, container) [SYNTHETIC]",47.7,"tonne-km",16.12,CITED,0.769
SYNTHETIC,189,8,"Use-phase electricity [SYNTHETIC]",140,"kWh lifetime electricity",445,CITED,62.3
SYNTHETIC,189,9,"Repair (replacement battery) [SYNTHETIC]",0.0574,"kWh replacement-battery capacity",74000,CITED,4.248
SYNTHETIC,189,10,"E-waste recycling (avoided-burden credit) [SYNTHETIC]",1.71,"kg mass processed",-1170.4,CITED,-2.001
SYNTHETIC,190,1,"Aluminium casing [SYNTHETIC]",1.168,"kg aluminium",14800,CITED,17.286
SYNTHETIC,190,2,"Circuit board (PCB, populated) [SYNTHETIC]",0.376,"kg populated board",185714,DERIVED_FROM_CITED,69.828
SYNTHETIC,190,3,"Battery (Li-ion cell production) [SYNTHETIC]",0.0664,"kWh cell capacity",74000,CITED,4.914
SYNTHETIC,190,4,"Screen (LCD module) [SYNTHETIC]",0.0523,"m2 panel area",222000,CITED,11.611
SYNTHETIC,190,5,"Assembly electricity [SYNTHETIC]",20,"kWh factory electricity",445,CITED,8.9
SYNTHETIC,190,6,"Packaging (cardboard) [SYNTHETIC]",0.9,"kg packaging material",1199.73,CITED,1.08
SYNTHETIC,190,7,"International shipping (sea, container) [SYNTHETIC]",64.1,"tonne-km",16.12,CITED,1.033
SYNTHETIC,190,8,"Use-phase electricity [SYNTHETIC]",132,"kWh lifetime electricity",445,CITED,58.74
SYNTHETIC,190,9,"Repair (replacement battery) [SYNTHETIC]",0.0512,"kWh replacement-battery capacity",74000,CITED,3.789
SYNTHETIC,190,10,"E-waste recycling (avoided-burden credit) [SYNTHETIC]",2.49,"kg mass processed",-1170.4,CITED,-2.914
SYNTHETIC,191,1,"Aluminium casing [SYNTHETIC]",1.264,"kg aluminium",14800,CITED,18.707
SYNTHETIC,191,2,"Circuit board (PCB, populated) [SYNTHETIC]",0.354,"kg populated board",185714,DERIVED_FROM_CITED,65.743
SYNTHETIC,191,3,"Battery (Li-ion cell production) [SYNTHETIC]",0.0525,"kWh cell capacity",74000,CITED,3.885
SYNTHETIC,191,4,"Screen (LCD module) [SYNTHETIC]",0.0599,"m2 panel area",222000,CITED,13.298
SYNTHETIC,191,5,"Assembly electricity [SYNTHETIC]",29.7,"kWh factory electricity",445,CITED,13.216
SYNTHETIC,191,6,"Packaging (cardboard) [SYNTHETIC]",0.95,"kg packaging material",1199.73,CITED,1.14
SYNTHETIC,191,7,"International shipping (sea, container) [SYNTHETIC]",78.1,"tonne-km",16.12,CITED,1.259
SYNTHETIC,191,8,"Use-phase electricity [SYNTHETIC]",115,"kWh lifetime electricity",445,CITED,51.175
SYNTHETIC,191,9,"Repair (replacement battery) [SYNTHETIC]",0.0704,"kWh replacement-battery capacity",74000,CITED,5.21
SYNTHETIC,191,10,"E-waste recycling (avoided-burden credit) [SYNTHETIC]",2.07,"kg mass processed",-1170.4,CITED,-2.423
SYNTHETIC,192,1,"Aluminium casing [SYNTHETIC]",1.199,"kg aluminium",14800,CITED,17.745
SYNTHETIC,192,2,"Circuit board (PCB, populated) [SYNTHETIC]",0.336,"kg populated board",185714,DERIVED_FROM_CITED,62.4
SYNTHETIC,192,3,"Battery (Li-ion cell production) [SYNTHETIC]",0.0573,"kWh cell capacity",74000,CITED,4.24
SYNTHETIC,192,4,"Screen (LCD module) [SYNTHETIC]",0.0603,"m2 panel area",222000,CITED,13.387
SYNTHETIC,192,5,"Assembly electricity [SYNTHETIC]",35.7,"kWh factory electricity",445,CITED,15.887
SYNTHETIC,192,6,"Packaging (cardboard) [SYNTHETIC]",0.97,"kg packaging material",1199.73,CITED,1.164
SYNTHETIC,192,7,"International shipping (sea, container) [SYNTHETIC]",66.3,"tonne-km",16.12,CITED,1.069
SYNTHETIC,192,8,"Use-phase electricity [SYNTHETIC]",254,"kWh lifetime electricity",445,CITED,113.03
SYNTHETIC,192,9,"Repair (replacement battery) [SYNTHETIC]",0.0464,"kWh replacement-battery capacity",74000,CITED,3.434
SYNTHETIC,192,10,"E-waste recycling (avoided-burden credit) [SYNTHETIC]",2.04,"kg mass processed",-1170.4,CITED,-2.388
SYNTHETIC,193,1,"Aluminium casing [SYNTHETIC]",1.204,"kg aluminium",14800,CITED,17.819
SYNTHETIC,193,2,"Circuit board (PCB, populated) [SYNTHETIC]",0.44,"kg populated board",185714,DERIVED_FROM_CITED,81.714
SYNTHETIC,193,3,"Battery (Li-ion cell production) [SYNTHETIC]",0.0594,"kWh cell capacity",74000,CITED,4.396
SYNTHETIC,193,4,"Screen (LCD module) [SYNTHETIC]",0.0595,"m2 panel area",222000,CITED,13.209
SYNTHETIC,193,5,"Assembly electricity [SYNTHETIC]",36,"kWh factory electricity",445,CITED,16.02
SYNTHETIC,193,6,"Packaging (cardboard) [SYNTHETIC]",0.92,"kg packaging material",1199.73,CITED,1.104
SYNTHETIC,193,7,"International shipping (sea, container) [SYNTHETIC]",77.2,"tonne-km",16.12,CITED,1.244
SYNTHETIC,193,8,"Use-phase electricity [SYNTHETIC]",162,"kWh lifetime electricity",445,CITED,72.09
SYNTHETIC,193,9,"Repair (replacement battery) [SYNTHETIC]",0.056,"kWh replacement-battery capacity",74000,CITED,4.144
SYNTHETIC,193,10,"E-waste recycling (avoided-burden credit) [SYNTHETIC]",2.24,"kg mass processed",-1170.4,CITED,-2.622
SYNTHETIC,194,1,"Aluminium casing [SYNTHETIC]",1.094,"kg aluminium",14800,CITED,16.191
SYNTHETIC,194,2,"Circuit board (PCB, populated) [SYNTHETIC]",0.379,"kg populated board",185714,DERIVED_FROM_CITED,70.386
SYNTHETIC,194,3,"Battery (Li-ion cell production) [SYNTHETIC]",0.0558,"kWh cell capacity",74000,CITED,4.129
SYNTHETIC,194,4,"Screen (LCD module) [SYNTHETIC]",0.0558,"m2 panel area",222000,CITED,12.388
SYNTHETIC,194,5,"Assembly electricity [SYNTHETIC]",26.3,"kWh factory electricity",445,CITED,11.704
SYNTHETIC,194,6,"Packaging (cardboard) [SYNTHETIC]",0.93,"kg packaging material",1199.73,CITED,1.116
SYNTHETIC,194,7,"International shipping (sea, container) [SYNTHETIC]",58.9,"tonne-km",16.12,CITED,0.949
SYNTHETIC,194,8,"Use-phase electricity [SYNTHETIC]",127,"kWh lifetime electricity",445,CITED,56.515
SYNTHETIC,194,9,"Repair (replacement battery) [SYNTHETIC]",0.0594,"kWh replacement-battery capacity",74000,CITED,4.396
SYNTHETIC,194,10,"E-waste recycling (avoided-burden credit) [SYNTHETIC]",1.93,"kg mass processed",-1170.4,CITED,-2.259
SYNTHETIC,195,1,"Aluminium casing [SYNTHETIC]",0.986,"kg aluminium",14800,CITED,14.593
SYNTHETIC,195,2,"Circuit board (PCB, populated) [SYNTHETIC]",0.315,"kg populated board",185714,DERIVED_FROM_CITED,58.5
SYNTHETIC,195,3,"Battery (Li-ion cell production) [SYNTHETIC]",0.0596,"kWh cell capacity",74000,CITED,4.41
SYNTHETIC,195,4,"Screen (LCD module) [SYNTHETIC]",0.0634,"m2 panel area",222000,CITED,14.075
SYNTHETIC,195,5,"Assembly electricity [SYNTHETIC]",23.6,"kWh factory electricity",445,CITED,10.502
SYNTHETIC,195,6,"Packaging (cardboard) [SYNTHETIC]",0.87,"kg packaging material",1199.73,CITED,1.044
SYNTHETIC,195,7,"International shipping (sea, container) [SYNTHETIC]",57.2,"tonne-km",16.12,CITED,0.922
SYNTHETIC,195,8,"Use-phase electricity [SYNTHETIC]",191,"kWh lifetime electricity",445,CITED,84.995
SYNTHETIC,195,9,"Repair (replacement battery) [SYNTHETIC]",0.0764,"kWh replacement-battery capacity",74000,CITED,5.654
SYNTHETIC,195,10,"E-waste recycling (avoided-burden credit) [SYNTHETIC]",2.05,"kg mass processed",-1170.4,CITED,-2.399
SYNTHETIC,196,1,"Aluminium casing [SYNTHETIC]",1.16,"kg aluminium",14800,CITED,17.168
SYNTHETIC,196,2,"Circuit board (PCB, populated) [SYNTHETIC]",0.334,"kg populated board",185714,DERIVED_FROM_CITED,62.028
SYNTHETIC,196,3,"Battery (Li-ion cell production) [SYNTHETIC]",0.0592,"kWh cell capacity",74000,CITED,4.381
SYNTHETIC,196,4,"Screen (LCD module) [SYNTHETIC]",0.0592,"m2 panel area",222000,CITED,13.142
SYNTHETIC,196,5,"Assembly electricity [SYNTHETIC]",31.7,"kWh factory electricity",445,CITED,14.107
SYNTHETIC,196,6,"Packaging (cardboard) [SYNTHETIC]",0.94,"kg packaging material",1199.73,CITED,1.128
SYNTHETIC,196,7,"International shipping (sea, container) [SYNTHETIC]",52.5,"tonne-km",16.12,CITED,0.846
SYNTHETIC,196,8,"Use-phase electricity [SYNTHETIC]",179,"kWh lifetime electricity",445,CITED,79.655
SYNTHETIC,196,9,"Repair (replacement battery) [SYNTHETIC]",0.061,"kWh replacement-battery capacity",74000,CITED,4.514
SYNTHETIC,196,10,"E-waste recycling (avoided-burden credit) [SYNTHETIC]",1.79,"kg mass processed",-1170.4,CITED,-2.095
SYNTHETIC,197,1,"Aluminium casing [SYNTHETIC]",1.174,"kg aluminium",14800,CITED,17.375
SYNTHETIC,197,2,"Circuit board (PCB, populated) [SYNTHETIC]",0.315,"kg populated board",185714,DERIVED_FROM_CITED,58.5
SYNTHETIC,197,3,"Battery (Li-ion cell production) [SYNTHETIC]",0.0575,"kWh cell capacity",74000,CITED,4.255
SYNTHETIC,197,4,"Screen (LCD module) [SYNTHETIC]",0.0617,"m2 panel area",222000,CITED,13.697
SYNTHETIC,197,5,"Assembly electricity [SYNTHETIC]",25.8,"kWh factory electricity",445,CITED,11.481
SYNTHETIC,197,6,"Packaging (cardboard) [SYNTHETIC]",0.81,"kg packaging material",1199.73,CITED,0.972
SYNTHETIC,197,7,"International shipping (sea, container) [SYNTHETIC]",56.2,"tonne-km",16.12,CITED,0.906
SYNTHETIC,197,8,"Use-phase electricity [SYNTHETIC]",172,"kWh lifetime electricity",445,CITED,76.54
SYNTHETIC,197,9,"Repair (replacement battery) [SYNTHETIC]",0.0601,"kWh replacement-battery capacity",74000,CITED,4.447
SYNTHETIC,197,10,"E-waste recycling (avoided-burden credit) [SYNTHETIC]",2.05,"kg mass processed",-1170.4,CITED,-2.399
SYNTHETIC,198,1,"Aluminium casing [SYNTHETIC]",1.162,"kg aluminium",14800,CITED,17.198
SYNTHETIC,198,2,"Circuit board (PCB, populated) [SYNTHETIC]",0.413,"kg populated board",185714,DERIVED_FROM_CITED,76.7
SYNTHETIC,198,3,"Battery (Li-ion cell production) [SYNTHETIC]",0.0512,"kWh cell capacity",74000,CITED,3.789
SYNTHETIC,198,4,"Screen (LCD module) [SYNTHETIC]",0.0609,"m2 panel area",222000,CITED,13.52
SYNTHETIC,198,5,"Assembly electricity [SYNTHETIC]",22.1,"kWh factory electricity",445,CITED,9.835
SYNTHETIC,198,6,"Packaging (cardboard) [SYNTHETIC]",0.96,"kg packaging material",1199.73,CITED,1.152
SYNTHETIC,198,7,"International shipping (sea, container) [SYNTHETIC]",69.7,"tonne-km",16.12,CITED,1.124
SYNTHETIC,198,8,"Use-phase electricity [SYNTHETIC]",103,"kWh lifetime electricity",445,CITED,45.835
SYNTHETIC,198,9,"Repair (replacement battery) [SYNTHETIC]",0.0604,"kWh replacement-battery capacity",74000,CITED,4.47
SYNTHETIC,198,10,"E-waste recycling (avoided-burden credit) [SYNTHETIC]",2.18,"kg mass processed",-1170.4,CITED,-2.551
SYNTHETIC,199,1,"Aluminium casing [SYNTHETIC]",0.867,"kg aluminium",14800,CITED,12.832
SYNTHETIC,199,2,"Circuit board (PCB, populated) [SYNTHETIC]",0.367,"kg populated board",185714,DERIVED_FROM_CITED,68.157
SYNTHETIC,199,3,"Battery (Li-ion cell production) [SYNTHETIC]",0.0484,"kWh cell capacity",74000,CITED,3.582
SYNTHETIC,199,4,"Screen (LCD module) [SYNTHETIC]",0.062,"m2 panel area",222000,CITED,13.764
SYNTHETIC,199,5,"Assembly electricity [SYNTHETIC]",26.2,"kWh factory electricity",445,CITED,11.659
SYNTHETIC,199,6,"Packaging (cardboard) [SYNTHETIC]",0.77,"kg packaging material",1199.73,CITED,0.924
SYNTHETIC,199,7,"International shipping (sea, container) [SYNTHETIC]",57.7,"tonne-km",16.12,CITED,0.93
SYNTHETIC,199,8,"Use-phase electricity [SYNTHETIC]",113,"kWh lifetime electricity",445,CITED,50.285
SYNTHETIC,199,9,"Repair (replacement battery) [SYNTHETIC]",0.0526,"kWh replacement-battery capacity",74000,CITED,3.892
SYNTHETIC,199,10,"E-waste recycling (avoided-burden credit) [SYNTHETIC]",2.12,"kg mass processed",-1170.4,CITED,-2.481
SYNTHETIC,200,1,"Aluminium casing [SYNTHETIC]",0.932,"kg aluminium",14800,CITED,13.794
SYNTHETIC,200,2,"Circuit board (PCB, populated) [SYNTHETIC]",0.314,"kg populated board",185714,DERIVED_FROM_CITED,58.314
SYNTHETIC,200,3,"Battery (Li-ion cell production) [SYNTHETIC]",0.06,"kWh cell capacity",74000,CITED,4.44
SYNTHETIC,200,4,"Screen (LCD module) [SYNTHETIC]",0.0641,"m2 panel area",222000,CITED,14.23
SYNTHETIC,200,5,"Assembly electricity [SYNTHETIC]",16.5,"kWh factory electricity",445,CITED,7.343
SYNTHETIC,200,6,"Packaging (cardboard) [SYNTHETIC]",1.15,"kg packaging material",1199.73,CITED,1.38
SYNTHETIC,200,7,"International shipping (sea, container) [SYNTHETIC]",59.9,"tonne-km",16.12,CITED,0.966
SYNTHETIC,200,8,"Use-phase electricity [SYNTHETIC]",133,"kWh lifetime electricity",445,CITED,59.185
SYNTHETIC,200,9,"Repair (replacement battery) [SYNTHETIC]",0.0683,"kWh replacement-battery capacity",74000,CITED,5.054
SYNTHETIC,200,10,"E-waste recycling (avoided-burden credit) [SYNTHETIC]",2.3,"kg mass processed",-1170.4,CITED,-2.692
SYNTHETIC,201,1,"Aluminium casing [SYNTHETIC]",1.132,"kg aluminium",14800,CITED,16.754
SYNTHETIC,201,2,"Circuit board (PCB, populated) [SYNTHETIC]",0.36,"kg populated board",185714,DERIVED_FROM_CITED,66.857
SYNTHETIC,201,3,"Battery (Li-ion cell production) [SYNTHETIC]",0.0553,"kWh cell capacity",74000,CITED,4.092
SYNTHETIC,201,4,"Screen (LCD module) [SYNTHETIC]",0.0677,"m2 panel area",222000,CITED,15.029
SYNTHETIC,201,5,"Assembly electricity [SYNTHETIC]",27.2,"kWh factory electricity",445,CITED,12.104
SYNTHETIC,201,6,"Packaging (cardboard) [SYNTHETIC]",0.94,"kg packaging material",1199.73,CITED,1.128
SYNTHETIC,201,7,"International shipping (sea, container) [SYNTHETIC]",66.2,"tonne-km",16.12,CITED,1.067
SYNTHETIC,201,8,"Use-phase electricity [SYNTHETIC]",223,"kWh lifetime electricity",445,CITED,99.235
SYNTHETIC,201,9,"Repair (replacement battery) [SYNTHETIC]",0.0584,"kWh replacement-battery capacity",74000,CITED,4.322
SYNTHETIC,201,10,"E-waste recycling (avoided-burden credit) [SYNTHETIC]",2.24,"kg mass processed",-1170.4,CITED,-2.622
SYNTHETIC,202,1,"Aluminium casing [SYNTHETIC]",1.254,"kg aluminium",14800,CITED,18.559
SYNTHETIC,202,2,"Circuit board (PCB, populated) [SYNTHETIC]",0.293,"kg populated board",185714,DERIVED_FROM_CITED,54.414
SYNTHETIC,202,3,"Battery (Li-ion cell production) [SYNTHETIC]",0.0622,"kWh cell capacity",74000,CITED,4.603
SYNTHETIC,202,4,"Screen (LCD module) [SYNTHETIC]",0.0537,"m2 panel area",222000,CITED,11.921
SYNTHETIC,202,5,"Assembly electricity [SYNTHETIC]",25,"kWh factory electricity",445,CITED,11.125
SYNTHETIC,202,6,"Packaging (cardboard) [SYNTHETIC]",1.14,"kg packaging material",1199.73,CITED,1.368
SYNTHETIC,202,7,"International shipping (sea, container) [SYNTHETIC]",48,"tonne-km",16.12,CITED,0.774
SYNTHETIC,202,8,"Use-phase electricity [SYNTHETIC]",222,"kWh lifetime electricity",445,CITED,98.79
SYNTHETIC,202,9,"Repair (replacement battery) [SYNTHETIC]",0.0615,"kWh replacement-battery capacity",74000,CITED,4.551
SYNTHETIC,202,10,"E-waste recycling (avoided-burden credit) [SYNTHETIC]",2.28,"kg mass processed",-1170.4,CITED,-2.669
SYNTHETIC,203,1,"Aluminium casing [SYNTHETIC]",1.215,"kg aluminium",14800,CITED,17.982
SYNTHETIC,203,2,"Circuit board (PCB, populated) [SYNTHETIC]",0.268,"kg populated board",185714,DERIVED_FROM_CITED,49.771
SYNTHETIC,203,3,"Battery (Li-ion cell production) [SYNTHETIC]",0.0484,"kWh cell capacity",74000,CITED,3.582
SYNTHETIC,203,4,"Screen (LCD module) [SYNTHETIC]",0.0625,"m2 panel area",222000,CITED,13.875
SYNTHETIC,203,5,"Assembly electricity [SYNTHETIC]",19.1,"kWh factory electricity",445,CITED,8.499
SYNTHETIC,203,6,"Packaging (cardboard) [SYNTHETIC]",0.72,"kg packaging material",1199.73,CITED,0.864
SYNTHETIC,203,7,"International shipping (sea, container) [SYNTHETIC]",76.2,"tonne-km",16.12,CITED,1.228
SYNTHETIC,203,8,"Use-phase electricity [SYNTHETIC]",198,"kWh lifetime electricity",445,CITED,88.11
SYNTHETIC,203,9,"Repair (replacement battery) [SYNTHETIC]",0.0652,"kWh replacement-battery capacity",74000,CITED,4.825
SYNTHETIC,203,10,"E-waste recycling (avoided-burden credit) [SYNTHETIC]",2.48,"kg mass processed",-1170.4,CITED,-2.903
SYNTHETIC,204,1,"Aluminium casing [SYNTHETIC]",0.986,"kg aluminium",14800,CITED,14.593
SYNTHETIC,204,2,"Circuit board (PCB, populated) [SYNTHETIC]",0.414,"kg populated board",185714,DERIVED_FROM_CITED,76.886
SYNTHETIC,204,3,"Battery (Li-ion cell production) [SYNTHETIC]",0.0575,"kWh cell capacity",74000,CITED,4.255
SYNTHETIC,204,4,"Screen (LCD module) [SYNTHETIC]",0.0621,"m2 panel area",222000,CITED,13.786
SYNTHETIC,204,5,"Assembly electricity [SYNTHETIC]",27.1,"kWh factory electricity",445,CITED,12.059
SYNTHETIC,204,6,"Packaging (cardboard) [SYNTHETIC]",1,"kg packaging material",1199.73,CITED,1.2
SYNTHETIC,204,7,"International shipping (sea, container) [SYNTHETIC]",70.8,"tonne-km",16.12,CITED,1.141
SYNTHETIC,204,8,"Use-phase electricity [SYNTHETIC]",114,"kWh lifetime electricity",445,CITED,50.73
SYNTHETIC,204,9,"Repair (replacement battery) [SYNTHETIC]",0.0591,"kWh replacement-battery capacity",74000,CITED,4.373
SYNTHETIC,204,10,"E-waste recycling (avoided-burden credit) [SYNTHETIC]",2.24,"kg mass processed",-1170.4,CITED,-2.622
SYNTHETIC,205,1,"Aluminium casing [SYNTHETIC]",1.091,"kg aluminium",14800,CITED,16.147
SYNTHETIC,205,2,"Circuit board (PCB, populated) [SYNTHETIC]",0.427,"kg populated board",185714,DERIVED_FROM_CITED,79.3
SYNTHETIC,205,3,"Battery (Li-ion cell production) [SYNTHETIC]",0.0633,"kWh cell capacity",74000,CITED,4.684
SYNTHETIC,205,4,"Screen (LCD module) [SYNTHETIC]",0.062,"m2 panel area",222000,CITED,13.764
SYNTHETIC,205,5,"Assembly electricity [SYNTHETIC]",20.2,"kWh factory electricity",445,CITED,8.989
SYNTHETIC,205,6,"Packaging (cardboard) [SYNTHETIC]",0.66,"kg packaging material",1199.73,CITED,0.792
SYNTHETIC,205,7,"International shipping (sea, container) [SYNTHETIC]",47.9,"tonne-km",16.12,CITED,0.772
SYNTHETIC,205,8,"Use-phase electricity [SYNTHETIC]",130,"kWh lifetime electricity",445,CITED,57.85
SYNTHETIC,205,9,"Repair (replacement battery) [SYNTHETIC]",0.0574,"kWh replacement-battery capacity",74000,CITED,4.248
SYNTHETIC,205,10,"E-waste recycling (avoided-burden credit) [SYNTHETIC]",1.8,"kg mass processed",-1170.4,CITED,-2.107
SYNTHETIC,206,1,"Aluminium casing [SYNTHETIC]",0.929,"kg aluminium",14800,CITED,13.749
SYNTHETIC,206,2,"Circuit board (PCB, populated) [SYNTHETIC]",0.295,"kg populated board",185714,DERIVED_FROM_CITED,54.786
SYNTHETIC,206,3,"Battery (Li-ion cell production) [SYNTHETIC]",0.064,"kWh cell capacity",74000,CITED,4.736
SYNTHETIC,206,4,"Screen (LCD module) [SYNTHETIC]",0.0563,"m2 panel area",222000,CITED,12.499
SYNTHETIC,206,5,"Assembly electricity [SYNTHETIC]",21.8,"kWh factory electricity",445,CITED,9.701
SYNTHETIC,206,6,"Packaging (cardboard) [SYNTHETIC]",1.16,"kg packaging material",1199.73,CITED,1.392
SYNTHETIC,206,7,"International shipping (sea, container) [SYNTHETIC]",70.9,"tonne-km",16.12,CITED,1.143
SYNTHETIC,206,8,"Use-phase electricity [SYNTHETIC]",138,"kWh lifetime electricity",445,CITED,61.41
SYNTHETIC,206,9,"Repair (replacement battery) [SYNTHETIC]",0.062,"kWh replacement-battery capacity",74000,CITED,4.588
SYNTHETIC,206,10,"E-waste recycling (avoided-burden credit) [SYNTHETIC]",2.28,"kg mass processed",-1170.4,CITED,-2.669
SYNTHETIC,207,1,"Aluminium casing [SYNTHETIC]",1.077,"kg aluminium",14800,CITED,15.94
SYNTHETIC,207,2,"Circuit board (PCB, populated) [SYNTHETIC]",0.33,"kg populated board",185714,DERIVED_FROM_CITED,61.286
SYNTHETIC,207,3,"Battery (Li-ion cell production) [SYNTHETIC]",0.0615,"kWh cell capacity",74000,CITED,4.551
SYNTHETIC,207,4,"Screen (LCD module) [SYNTHETIC]",0.0589,"m2 panel area",222000,CITED,13.076
SYNTHETIC,207,5,"Assembly electricity [SYNTHETIC]",15.9,"kWh factory electricity",445,CITED,7.075
SYNTHETIC,207,6,"Packaging (cardboard) [SYNTHETIC]",0.84,"kg packaging material",1199.73,CITED,1.008
SYNTHETIC,207,7,"International shipping (sea, container) [SYNTHETIC]",77.1,"tonne-km",16.12,CITED,1.243
SYNTHETIC,207,8,"Use-phase electricity [SYNTHETIC]",128,"kWh lifetime electricity",445,CITED,56.96
SYNTHETIC,207,9,"Repair (replacement battery) [SYNTHETIC]",0.0722,"kWh replacement-battery capacity",74000,CITED,5.343
SYNTHETIC,207,10,"E-waste recycling (avoided-burden credit) [SYNTHETIC]",2.39,"kg mass processed",-1170.4,CITED,-2.797
SYNTHETIC,208,1,"Aluminium casing [SYNTHETIC]",0.97,"kg aluminium",14800,CITED,14.356
SYNTHETIC,208,2,"Circuit board (PCB, populated) [SYNTHETIC]",0.43,"kg populated board",185714,DERIVED_FROM_CITED,79.857
SYNTHETIC,208,3,"Battery (Li-ion cell production) [SYNTHETIC]",0.0576,"kWh cell capacity",74000,CITED,4.262
SYNTHETIC,208,4,"Screen (LCD module) [SYNTHETIC]",0.0519,"m2 panel area",222000,CITED,11.522
SYNTHETIC,208,5,"Assembly electricity [SYNTHETIC]",22,"kWh factory electricity",445,CITED,9.79
SYNTHETIC,208,6,"Packaging (cardboard) [SYNTHETIC]",0.85,"kg packaging material",1199.73,CITED,1.02
SYNTHETIC,208,7,"International shipping (sea, container) [SYNTHETIC]",79.5,"tonne-km",16.12,CITED,1.282
SYNTHETIC,208,8,"Use-phase electricity [SYNTHETIC]",173,"kWh lifetime electricity",445,CITED,76.985
SYNTHETIC,208,9,"Repair (replacement battery) [SYNTHETIC]",0.0536,"kWh replacement-battery capacity",74000,CITED,3.966
SYNTHETIC,208,10,"E-waste recycling (avoided-burden credit) [SYNTHETIC]",1.85,"kg mass processed",-1170.4,CITED,-2.165
SYNTHETIC,209,1,"Aluminium casing [SYNTHETIC]",0.967,"kg aluminium",14800,CITED,14.312
SYNTHETIC,209,2,"Circuit board (PCB, populated) [SYNTHETIC]",0.332,"kg populated board",185714,DERIVED_FROM_CITED,61.657
SYNTHETIC,209,3,"Battery (Li-ion cell production) [SYNTHETIC]",0.0632,"kWh cell capacity",74000,CITED,4.677
SYNTHETIC,209,4,"Screen (LCD module) [SYNTHETIC]",0.0588,"m2 panel area",222000,CITED,13.054
SYNTHETIC,209,5,"Assembly electricity [SYNTHETIC]",33.1,"kWh factory electricity",445,CITED,14.729
SYNTHETIC,209,6,"Packaging (cardboard) [SYNTHETIC]",1.11,"kg packaging material",1199.73,CITED,1.332
SYNTHETIC,209,7,"International shipping (sea, container) [SYNTHETIC]",53.6,"tonne-km",16.12,CITED,0.864
SYNTHETIC,209,8,"Use-phase electricity [SYNTHETIC]",136,"kWh lifetime electricity",445,CITED,60.52
SYNTHETIC,209,9,"Repair (replacement battery) [SYNTHETIC]",0.0534,"kWh replacement-battery capacity",74000,CITED,3.952
SYNTHETIC,209,10,"E-waste recycling (avoided-burden credit) [SYNTHETIC]",1.83,"kg mass processed",-1170.4,CITED,-2.142
SYNTHETIC,210,1,"Aluminium casing [SYNTHETIC]",1.325,"kg aluminium",14800,CITED,19.61
SYNTHETIC,210,2,"Circuit board (PCB, populated) [SYNTHETIC]",0.34,"kg populated board",185714,DERIVED_FROM_CITED,63.143
SYNTHETIC,210,3,"Battery (Li-ion cell production) [SYNTHETIC]",0.0661,"kWh cell capacity",74000,CITED,4.891
SYNTHETIC,210,4,"Screen (LCD module) [SYNTHETIC]",0.0523,"m2 panel area",222000,CITED,11.611
SYNTHETIC,210,5,"Assembly electricity [SYNTHETIC]",24.5,"kWh factory electricity",445,CITED,10.902
SYNTHETIC,210,6,"Packaging (cardboard) [SYNTHETIC]",0.58,"kg packaging material",1199.73,CITED,0.696
SYNTHETIC,210,7,"International shipping (sea, container) [SYNTHETIC]",64.5,"tonne-km",16.12,CITED,1.04
SYNTHETIC,210,8,"Use-phase electricity [SYNTHETIC]",146,"kWh lifetime electricity",445,CITED,64.97
SYNTHETIC,210,9,"Repair (replacement battery) [SYNTHETIC]",0.064,"kWh replacement-battery capacity",74000,CITED,4.736
SYNTHETIC,210,10,"E-waste recycling (avoided-burden credit) [SYNTHETIC]",2.05,"kg mass processed",-1170.4,CITED,-2.399
SYNTHETIC,211,1,"Aluminium casing [SYNTHETIC]",0.861,"kg aluminium",14800,CITED,12.743
SYNTHETIC,211,2,"Circuit board (PCB, populated) [SYNTHETIC]",0.319,"kg populated board",185714,DERIVED_FROM_CITED,59.243
SYNTHETIC,211,3,"Battery (Li-ion cell production) [SYNTHETIC]",0.0491,"kWh cell capacity",74000,CITED,3.633
SYNTHETIC,211,4,"Screen (LCD module) [SYNTHETIC]",0.066,"m2 panel area",222000,CITED,14.652
SYNTHETIC,211,5,"Assembly electricity [SYNTHETIC]",16.8,"kWh factory electricity",445,CITED,7.476
SYNTHETIC,211,6,"Packaging (cardboard) [SYNTHETIC]",0.89,"kg packaging material",1199.73,CITED,1.068
SYNTHETIC,211,7,"International shipping (sea, container) [SYNTHETIC]",64.2,"tonne-km",16.12,CITED,1.035
SYNTHETIC,211,8,"Use-phase electricity [SYNTHETIC]",144,"kWh lifetime electricity",445,CITED,64.08
SYNTHETIC,211,9,"Repair (replacement battery) [SYNTHETIC]",0.0621,"kWh replacement-battery capacity",74000,CITED,4.595
SYNTHETIC,211,10,"E-waste recycling (avoided-burden credit) [SYNTHETIC]",1.89,"kg mass processed",-1170.4,CITED,-2.212
SYNTHETIC,212,1,"Aluminium casing [SYNTHETIC]",1.232,"kg aluminium",14800,CITED,18.234
SYNTHETIC,212,2,"Circuit board (PCB, populated) [SYNTHETIC]",0.28,"kg populated board",185714,DERIVED_FROM_CITED,52
SYNTHETIC,212,3,"Battery (Li-ion cell production) [SYNTHETIC]",0.0456,"kWh cell capacity",74000,CITED,3.374
SYNTHETIC,212,4,"Screen (LCD module) [SYNTHETIC]",0.0557,"m2 panel area",222000,CITED,12.365
SYNTHETIC,212,5,"Assembly electricity [SYNTHETIC]",18.8,"kWh factory electricity",445,CITED,8.366
SYNTHETIC,212,6,"Packaging (cardboard) [SYNTHETIC]",0.71,"kg packaging material",1199.73,CITED,0.852
SYNTHETIC,212,7,"International shipping (sea, container) [SYNTHETIC]",72,"tonne-km",16.12,CITED,1.161
SYNTHETIC,212,8,"Use-phase electricity [SYNTHETIC]",175,"kWh lifetime electricity",445,CITED,77.875
SYNTHETIC,212,9,"Repair (replacement battery) [SYNTHETIC]",0.0728,"kWh replacement-battery capacity",74000,CITED,5.387
SYNTHETIC,212,10,"E-waste recycling (avoided-burden credit) [SYNTHETIC]",2.33,"kg mass processed",-1170.4,CITED,-2.727
SYNTHETIC,213,1,"Aluminium casing [SYNTHETIC]",1.064,"kg aluminium",14800,CITED,15.747
SYNTHETIC,213,2,"Circuit board (PCB, populated) [SYNTHETIC]",0.334,"kg populated board",185714,DERIVED_FROM_CITED,62.028
SYNTHETIC,213,3,"Battery (Li-ion cell production) [SYNTHETIC]",0.0597,"kWh cell capacity",74000,CITED,4.418
SYNTHETIC,213,4,"Screen (LCD module) [SYNTHETIC]",0.0642,"m2 panel area",222000,CITED,14.252
SYNTHETIC,213,5,"Assembly electricity [SYNTHETIC]",26.5,"kWh factory electricity",445,CITED,11.793
SYNTHETIC,213,6,"Packaging (cardboard) [SYNTHETIC]",0.81,"kg packaging material",1199.73,CITED,0.972
SYNTHETIC,213,7,"International shipping (sea, container) [SYNTHETIC]",80.8,"tonne-km",16.12,CITED,1.302
SYNTHETIC,213,8,"Use-phase electricity [SYNTHETIC]",180,"kWh lifetime electricity",445,CITED,80.1
SYNTHETIC,213,9,"Repair (replacement battery) [SYNTHETIC]",0.0495,"kWh replacement-battery capacity",74000,CITED,3.663
SYNTHETIC,213,10,"E-waste recycling (avoided-burden credit) [SYNTHETIC]",1.73,"kg mass processed",-1170.4,CITED,-2.025
SYNTHETIC,214,1,"Aluminium casing [SYNTHETIC]",1.362,"kg aluminium",14800,CITED,20.158
SYNTHETIC,214,2,"Circuit board (PCB, populated) [SYNTHETIC]",0.294,"kg populated board",185714,DERIVED_FROM_CITED,54.6
SYNTHETIC,214,3,"Battery (Li-ion cell production) [SYNTHETIC]",0.0589,"kWh cell capacity",74000,CITED,4.359
SYNTHETIC,214,4,"Screen (LCD module) [SYNTHETIC]",0.0576,"m2 panel area",222000,CITED,12.787
SYNTHETIC,214,5,"Assembly electricity [SYNTHETIC]",23.3,"kWh factory electricity",445,CITED,10.368
SYNTHETIC,214,6,"Packaging (cardboard) [SYNTHETIC]",0.82,"kg packaging material",1199.73,CITED,0.984
SYNTHETIC,214,7,"International shipping (sea, container) [SYNTHETIC]",77.6,"tonne-km",16.12,CITED,1.251
SYNTHETIC,214,8,"Use-phase electricity [SYNTHETIC]",169,"kWh lifetime electricity",445,CITED,75.205
SYNTHETIC,214,9,"Repair (replacement battery) [SYNTHETIC]",0.0462,"kWh replacement-battery capacity",74000,CITED,3.419
SYNTHETIC,214,10,"E-waste recycling (avoided-burden credit) [SYNTHETIC]",2.08,"kg mass processed",-1170.4,CITED,-2.434
SYNTHETIC,215,1,"Aluminium casing [SYNTHETIC]",1.037,"kg aluminium",14800,CITED,15.348
SYNTHETIC,215,2,"Circuit board (PCB, populated) [SYNTHETIC]",0.42,"kg populated board",185714,DERIVED_FROM_CITED,78
SYNTHETIC,215,3,"Battery (Li-ion cell production) [SYNTHETIC]",0.0679,"kWh cell capacity",74000,CITED,5.025
SYNTHETIC,215,4,"Screen (LCD module) [SYNTHETIC]",0.0565,"m2 panel area",222000,CITED,12.543
SYNTHETIC,215,5,"Assembly electricity [SYNTHETIC]",27.4,"kWh factory electricity",445,CITED,12.193
SYNTHETIC,215,6,"Packaging (cardboard) [SYNTHETIC]",0.84,"kg packaging material",1199.73,CITED,1.008
SYNTHETIC,215,7,"International shipping (sea, container) [SYNTHETIC]",86,"tonne-km",16.12,CITED,1.386
SYNTHETIC,215,8,"Use-phase electricity [SYNTHETIC]",195,"kWh lifetime electricity",445,CITED,86.775
SYNTHETIC,215,9,"Repair (replacement battery) [SYNTHETIC]",0.0645,"kWh replacement-battery capacity",74000,CITED,4.773
SYNTHETIC,215,10,"E-waste recycling (avoided-burden credit) [SYNTHETIC]",2.13,"kg mass processed",-1170.4,CITED,-2.493
SYNTHETIC,216,1,"Aluminium casing [SYNTHETIC]",1.028,"kg aluminium",14800,CITED,15.214
SYNTHETIC,216,2,"Circuit board (PCB, populated) [SYNTHETIC]",0.377,"kg populated board",185714,DERIVED_FROM_CITED,70.014
SYNTHETIC,216,3,"Battery (Li-ion cell production) [SYNTHETIC]",0.0658,"kWh cell capacity",74000,CITED,4.869
SYNTHETIC,216,4,"Screen (LCD module) [SYNTHETIC]",0.0553,"m2 panel area",222000,CITED,12.277
SYNTHETIC,216,5,"Assembly electricity [SYNTHETIC]",19.9,"kWh factory electricity",445,CITED,8.855
SYNTHETIC,216,6,"Packaging (cardboard) [SYNTHETIC]",0.72,"kg packaging material",1199.73,CITED,0.864
SYNTHETIC,216,7,"International shipping (sea, container) [SYNTHETIC]",56.5,"tonne-km",16.12,CITED,0.911
SYNTHETIC,216,8,"Use-phase electricity [SYNTHETIC]",83,"kWh lifetime electricity",445,CITED,36.935
SYNTHETIC,216,9,"Repair (replacement battery) [SYNTHETIC]",0.0529,"kWh replacement-battery capacity",74000,CITED,3.915
SYNTHETIC,216,10,"E-waste recycling (avoided-burden credit) [SYNTHETIC]",2.12,"kg mass processed",-1170.4,CITED,-2.481
SYNTHETIC,217,1,"Aluminium casing [SYNTHETIC]",1.194,"kg aluminium",14800,CITED,17.671
SYNTHETIC,217,2,"Circuit board (PCB, populated) [SYNTHETIC]",0.295,"kg populated board",185714,DERIVED_FROM_CITED,54.786
SYNTHETIC,217,3,"Battery (Li-ion cell production) [SYNTHETIC]",0.0658,"kWh cell capacity",74000,CITED,4.869
SYNTHETIC,217,4,"Screen (LCD module) [SYNTHETIC]",0.0614,"m2 panel area",222000,CITED,13.631
SYNTHETIC,217,5,"Assembly electricity [SYNTHETIC]",28,"kWh factory electricity",445,CITED,12.46
SYNTHETIC,217,6,"Packaging (cardboard) [SYNTHETIC]",1.01,"kg packaging material",1199.73,CITED,1.212
SYNTHETIC,217,7,"International shipping (sea, container) [SYNTHETIC]",58.4,"tonne-km",16.12,CITED,0.941
SYNTHETIC,217,8,"Use-phase electricity [SYNTHETIC]",138,"kWh lifetime electricity",445,CITED,61.41
SYNTHETIC,217,9,"Repair (replacement battery) [SYNTHETIC]",0.0653,"kWh replacement-battery capacity",74000,CITED,4.832
SYNTHETIC,217,10,"E-waste recycling (avoided-burden credit) [SYNTHETIC]",1.72,"kg mass processed",-1170.4,CITED,-2.013
SYNTHETIC,218,1,"Aluminium casing [SYNTHETIC]",1.185,"kg aluminium",14800,CITED,17.538
SYNTHETIC,218,2,"Circuit board (PCB, populated) [SYNTHETIC]",0.363,"kg populated board",185714,DERIVED_FROM_CITED,67.414
SYNTHETIC,218,3,"Battery (Li-ion cell production) [SYNTHETIC]",0.0613,"kWh cell capacity",74000,CITED,4.536
SYNTHETIC,218,4,"Screen (LCD module) [SYNTHETIC]",0.0517,"m2 panel area",222000,CITED,11.477
SYNTHETIC,218,5,"Assembly electricity [SYNTHETIC]",21.6,"kWh factory electricity",445,CITED,9.612
SYNTHETIC,218,6,"Packaging (cardboard) [SYNTHETIC]",0.82,"kg packaging material",1199.73,CITED,0.984
SYNTHETIC,218,7,"International shipping (sea, container) [SYNTHETIC]",62.9,"tonne-km",16.12,CITED,1.014
SYNTHETIC,218,8,"Use-phase electricity [SYNTHETIC]",190,"kWh lifetime electricity",445,CITED,84.55
SYNTHETIC,218,9,"Repair (replacement battery) [SYNTHETIC]",0.0584,"kWh replacement-battery capacity",74000,CITED,4.322
SYNTHETIC,218,10,"E-waste recycling (avoided-burden credit) [SYNTHETIC]",2.27,"kg mass processed",-1170.4,CITED,-2.657
SYNTHETIC,219,1,"Aluminium casing [SYNTHETIC]",1.166,"kg aluminium",14800,CITED,17.257
SYNTHETIC,219,2,"Circuit board (PCB, populated) [SYNTHETIC]",0.342,"kg populated board",185714,DERIVED_FROM_CITED,63.514
SYNTHETIC,219,3,"Battery (Li-ion cell production) [SYNTHETIC]",0.0632,"kWh cell capacity",74000,CITED,4.677
SYNTHETIC,219,4,"Screen (LCD module) [SYNTHETIC]",0.0586,"m2 panel area",222000,CITED,13.009
SYNTHETIC,219,5,"Assembly electricity [SYNTHETIC]",27.2,"kWh factory electricity",445,CITED,12.104
SYNTHETIC,219,6,"Packaging (cardboard) [SYNTHETIC]",0.87,"kg packaging material",1199.73,CITED,1.044
SYNTHETIC,219,7,"International shipping (sea, container) [SYNTHETIC]",59.2,"tonne-km",16.12,CITED,0.954
SYNTHETIC,219,8,"Use-phase electricity [SYNTHETIC]",161,"kWh lifetime electricity",445,CITED,71.645
SYNTHETIC,219,9,"Repair (replacement battery) [SYNTHETIC]",0.0576,"kWh replacement-battery capacity",74000,CITED,4.262
SYNTHETIC,219,10,"E-waste recycling (avoided-burden credit) [SYNTHETIC]",2.15,"kg mass processed",-1170.4,CITED,-2.516
SYNTHETIC,220,1,"Aluminium casing [SYNTHETIC]",1.211,"kg aluminium",14800,CITED,17.923
SYNTHETIC,220,2,"Circuit board (PCB, populated) [SYNTHETIC]",0.268,"kg populated board",185714,DERIVED_FROM_CITED,49.771
SYNTHETIC,220,3,"Battery (Li-ion cell production) [SYNTHETIC]",0.0544,"kWh cell capacity",74000,CITED,4.026
SYNTHETIC,220,4,"Screen (LCD module) [SYNTHETIC]",0.061,"m2 panel area",222000,CITED,13.542
SYNTHETIC,220,5,"Assembly electricity [SYNTHETIC]",21.8,"kWh factory electricity",445,CITED,9.701
SYNTHETIC,220,6,"Packaging (cardboard) [SYNTHETIC]",0.95,"kg packaging material",1199.73,CITED,1.14
SYNTHETIC,220,7,"International shipping (sea, container) [SYNTHETIC]",58.5,"tonne-km",16.12,CITED,0.943
SYNTHETIC,220,8,"Use-phase electricity [SYNTHETIC]",212,"kWh lifetime electricity",445,CITED,94.34
SYNTHETIC,220,9,"Repair (replacement battery) [SYNTHETIC]",0.0597,"kWh replacement-battery capacity",74000,CITED,4.418
SYNTHETIC,220,10,"E-waste recycling (avoided-burden credit) [SYNTHETIC]",2.17,"kg mass processed",-1170.4,CITED,-2.54
SYNTHETIC,221,1,"Aluminium casing [SYNTHETIC]",1.032,"kg aluminium",14800,CITED,15.274
SYNTHETIC,221,2,"Circuit board (PCB, populated) [SYNTHETIC]",0.362,"kg populated board",185714,DERIVED_FROM_CITED,67.228
SYNTHETIC,221,3,"Battery (Li-ion cell production) [SYNTHETIC]",0.0591,"kWh cell capacity",74000,CITED,4.373
SYNTHETIC,221,4,"Screen (LCD module) [SYNTHETIC]",0.0596,"m2 panel area",222000,CITED,13.231
SYNTHETIC,221,5,"Assembly electricity [SYNTHETIC]",22.4,"kWh factory electricity",445,CITED,9.968
SYNTHETIC,221,6,"Packaging (cardboard) [SYNTHETIC]",0.94,"kg packaging material",1199.73,CITED,1.128
SYNTHETIC,221,7,"International shipping (sea, container) [SYNTHETIC]",52.9,"tonne-km",16.12,CITED,0.853
SYNTHETIC,221,8,"Use-phase electricity [SYNTHETIC]",120,"kWh lifetime electricity",445,CITED,53.4
SYNTHETIC,221,9,"Repair (replacement battery) [SYNTHETIC]",0.0548,"kWh replacement-battery capacity",74000,CITED,4.055
SYNTHETIC,221,10,"E-waste recycling (avoided-burden credit) [SYNTHETIC]",1.98,"kg mass processed",-1170.4,CITED,-2.317
SYNTHETIC,222,1,"Aluminium casing [SYNTHETIC]",1.483,"kg aluminium",14800,CITED,21.948
SYNTHETIC,222,2,"Circuit board (PCB, populated) [SYNTHETIC]",0.356,"kg populated board",185714,DERIVED_FROM_CITED,66.114
SYNTHETIC,222,3,"Battery (Li-ion cell production) [SYNTHETIC]",0.0696,"kWh cell capacity",74000,CITED,5.15
SYNTHETIC,222,4,"Screen (LCD module) [SYNTHETIC]",0.0534,"m2 panel area",222000,CITED,11.855
SYNTHETIC,222,5,"Assembly electricity [SYNTHETIC]",28.8,"kWh factory electricity",445,CITED,12.816
SYNTHETIC,222,6,"Packaging (cardboard) [SYNTHETIC]",1,"kg packaging material",1199.73,CITED,1.2
SYNTHETIC,222,7,"International shipping (sea, container) [SYNTHETIC]",76.7,"tonne-km",16.12,CITED,1.236
SYNTHETIC,222,8,"Use-phase electricity [SYNTHETIC]",229,"kWh lifetime electricity",445,CITED,101.905
SYNTHETIC,222,9,"Repair (replacement battery) [SYNTHETIC]",0.0634,"kWh replacement-battery capacity",74000,CITED,4.692
SYNTHETIC,222,10,"E-waste recycling (avoided-burden credit) [SYNTHETIC]",1.82,"kg mass processed",-1170.4,CITED,-2.13
SYNTHETIC,223,1,"Aluminium casing [SYNTHETIC]",1.303,"kg aluminium",14800,CITED,19.284
SYNTHETIC,223,2,"Circuit board (PCB, populated) [SYNTHETIC]",0.368,"kg populated board",185714,DERIVED_FROM_CITED,68.343
SYNTHETIC,223,3,"Battery (Li-ion cell production) [SYNTHETIC]",0.0535,"kWh cell capacity",74000,CITED,3.959
SYNTHETIC,223,4,"Screen (LCD module) [SYNTHETIC]",0.0534,"m2 panel area",222000,CITED,11.855
SYNTHETIC,223,5,"Assembly electricity [SYNTHETIC]",19.1,"kWh factory electricity",445,CITED,8.499
SYNTHETIC,223,6,"Packaging (cardboard) [SYNTHETIC]",0.83,"kg packaging material",1199.73,CITED,0.996
SYNTHETIC,223,7,"International shipping (sea, container) [SYNTHETIC]",61.2,"tonne-km",16.12,CITED,0.987
SYNTHETIC,223,8,"Use-phase electricity [SYNTHETIC]",234,"kWh lifetime electricity",445,CITED,104.13
SYNTHETIC,223,9,"Repair (replacement battery) [SYNTHETIC]",0.0613,"kWh replacement-battery capacity",74000,CITED,4.536
SYNTHETIC,223,10,"E-waste recycling (avoided-burden credit) [SYNTHETIC]",2.44,"kg mass processed",-1170.4,CITED,-2.856
SYNTHETIC,224,1,"Aluminium casing [SYNTHETIC]",1.176,"kg aluminium",14800,CITED,17.405
SYNTHETIC,224,2,"Circuit board (PCB, populated) [SYNTHETIC]",0.269,"kg populated board",185714,DERIVED_FROM_CITED,49.957
SYNTHETIC,224,3,"Battery (Li-ion cell production) [SYNTHETIC]",0.054,"kWh cell capacity",74000,CITED,3.996
SYNTHETIC,224,4,"Screen (LCD module) [SYNTHETIC]",0.0553,"m2 panel area",222000,CITED,12.277
SYNTHETIC,224,5,"Assembly electricity [SYNTHETIC]",26.6,"kWh factory electricity",445,CITED,11.837
SYNTHETIC,224,6,"Packaging (cardboard) [SYNTHETIC]",0.99,"kg packaging material",1199.73,CITED,1.188
SYNTHETIC,224,7,"International shipping (sea, container) [SYNTHETIC]",66.6,"tonne-km",16.12,CITED,1.074
SYNTHETIC,224,8,"Use-phase electricity [SYNTHETIC]",150,"kWh lifetime electricity",445,CITED,66.75
SYNTHETIC,224,9,"Repair (replacement battery) [SYNTHETIC]",0.0713,"kWh replacement-battery capacity",74000,CITED,5.276
SYNTHETIC,224,10,"E-waste recycling (avoided-burden credit) [SYNTHETIC]",2.18,"kg mass processed",-1170.4,CITED,-2.551
SYNTHETIC,225,1,"Aluminium casing [SYNTHETIC]",1.24,"kg aluminium",14800,CITED,18.352
SYNTHETIC,225,2,"Circuit board (PCB, populated) [SYNTHETIC]",0.311,"kg populated board",185714,DERIVED_FROM_CITED,57.757
SYNTHETIC,225,3,"Battery (Li-ion cell production) [SYNTHETIC]",0.0571,"kWh cell capacity",74000,CITED,4.225
SYNTHETIC,225,4,"Screen (LCD module) [SYNTHETIC]",0.0525,"m2 panel area",222000,CITED,11.655
SYNTHETIC,225,5,"Assembly electricity [SYNTHETIC]",27.2,"kWh factory electricity",445,CITED,12.104
SYNTHETIC,225,6,"Packaging (cardboard) [SYNTHETIC]",0.95,"kg packaging material",1199.73,CITED,1.14
SYNTHETIC,225,7,"International shipping (sea, container) [SYNTHETIC]",57,"tonne-km",16.12,CITED,0.919
SYNTHETIC,225,8,"Use-phase electricity [SYNTHETIC]",102,"kWh lifetime electricity",445,CITED,45.39
SYNTHETIC,225,9,"Repair (replacement battery) [SYNTHETIC]",0.05,"kWh replacement-battery capacity",74000,CITED,3.7
SYNTHETIC,225,10,"E-waste recycling (avoided-burden credit) [SYNTHETIC]",1.9,"kg mass processed",-1170.4,CITED,-2.224
SYNTHETIC,226,1,"Aluminium casing [SYNTHETIC]",1.078,"kg aluminium",14800,CITED,15.954
SYNTHETIC,226,2,"Circuit board (PCB, populated) [SYNTHETIC]",0.361,"kg populated board",185714,DERIVED_FROM_CITED,67.043
SYNTHETIC,226,3,"Battery (Li-ion cell production) [SYNTHETIC]",0.0464,"kWh cell capacity",74000,CITED,3.434
SYNTHETIC,226,4,"Screen (LCD module) [SYNTHETIC]",0.0596,"m2 panel area",222000,CITED,13.231
SYNTHETIC,226,5,"Assembly electricity [SYNTHETIC]",29.5,"kWh factory electricity",445,CITED,13.127
SYNTHETIC,226,6,"Packaging (cardboard) [SYNTHETIC]",0.71,"kg packaging material",1199.73,CITED,0.852
SYNTHETIC,226,7,"International shipping (sea, container) [SYNTHETIC]",58.4,"tonne-km",16.12,CITED,0.941
SYNTHETIC,226,8,"Use-phase electricity [SYNTHETIC]",180,"kWh lifetime electricity",445,CITED,80.1
SYNTHETIC,226,9,"Repair (replacement battery) [SYNTHETIC]",0.0637,"kWh replacement-battery capacity",74000,CITED,4.714
SYNTHETIC,226,10,"E-waste recycling (avoided-burden credit) [SYNTHETIC]",2.41,"kg mass processed",-1170.4,CITED,-2.821
SYNTHETIC,227,1,"Aluminium casing [SYNTHETIC]",1.073,"kg aluminium",14800,CITED,15.88
SYNTHETIC,227,2,"Circuit board (PCB, populated) [SYNTHETIC]",0.392,"kg populated board",185714,DERIVED_FROM_CITED,72.8
SYNTHETIC,227,3,"Battery (Li-ion cell production) [SYNTHETIC]",0.0737,"kWh cell capacity",74000,CITED,5.454
SYNTHETIC,227,4,"Screen (LCD module) [SYNTHETIC]",0.0557,"m2 panel area",222000,CITED,12.365
SYNTHETIC,227,5,"Assembly electricity [SYNTHETIC]",23.8,"kWh factory electricity",445,CITED,10.591
SYNTHETIC,227,6,"Packaging (cardboard) [SYNTHETIC]",1.09,"kg packaging material",1199.73,CITED,1.308
SYNTHETIC,227,7,"International shipping (sea, container) [SYNTHETIC]",76.4,"tonne-km",16.12,CITED,1.232
SYNTHETIC,227,8,"Use-phase electricity [SYNTHETIC]",164,"kWh lifetime electricity",445,CITED,72.98
SYNTHETIC,227,9,"Repair (replacement battery) [SYNTHETIC]",0.0635,"kWh replacement-battery capacity",74000,CITED,4.699
SYNTHETIC,227,10,"E-waste recycling (avoided-burden credit) [SYNTHETIC]",2.04,"kg mass processed",-1170.4,CITED,-2.388
SYNTHETIC,228,1,"Aluminium casing [SYNTHETIC]",1.262,"kg aluminium",14800,CITED,18.678
SYNTHETIC,228,2,"Circuit board (PCB, populated) [SYNTHETIC]",0.354,"kg populated board",185714,DERIVED_FROM_CITED,65.743
SYNTHETIC,228,3,"Battery (Li-ion cell production) [SYNTHETIC]",0.0626,"kWh cell capacity",74000,CITED,4.632
SYNTHETIC,228,4,"Screen (LCD module) [SYNTHETIC]",0.0581,"m2 panel area",222000,CITED,12.898
SYNTHETIC,228,5,"Assembly electricity [SYNTHETIC]",26.9,"kWh factory electricity",445,CITED,11.97
SYNTHETIC,228,6,"Packaging (cardboard) [SYNTHETIC]",1.06,"kg packaging material",1199.73,CITED,1.272
SYNTHETIC,228,7,"International shipping (sea, container) [SYNTHETIC]",74.1,"tonne-km",16.12,CITED,1.194
SYNTHETIC,228,8,"Use-phase electricity [SYNTHETIC]",223,"kWh lifetime electricity",445,CITED,99.235
SYNTHETIC,228,9,"Repair (replacement battery) [SYNTHETIC]",0.052,"kWh replacement-battery capacity",74000,CITED,3.848
SYNTHETIC,228,10,"E-waste recycling (avoided-burden credit) [SYNTHETIC]",2.29,"kg mass processed",-1170.4,CITED,-2.68
SYNTHETIC,229,1,"Aluminium casing [SYNTHETIC]",1.132,"kg aluminium",14800,CITED,16.754
SYNTHETIC,229,2,"Circuit board (PCB, populated) [SYNTHETIC]",0.315,"kg populated board",185714,DERIVED_FROM_CITED,58.5
SYNTHETIC,229,3,"Battery (Li-ion cell production) [SYNTHETIC]",0.0725,"kWh cell capacity",74000,CITED,5.365
SYNTHETIC,229,4,"Screen (LCD module) [SYNTHETIC]",0.0587,"m2 panel area",222000,CITED,13.031
SYNTHETIC,229,5,"Assembly electricity [SYNTHETIC]",25,"kWh factory electricity",445,CITED,11.125
SYNTHETIC,229,6,"Packaging (cardboard) [SYNTHETIC]",1.02,"kg packaging material",1199.73,CITED,1.224
SYNTHETIC,229,7,"International shipping (sea, container) [SYNTHETIC]",69.7,"tonne-km",16.12,CITED,1.124
SYNTHETIC,229,8,"Use-phase electricity [SYNTHETIC]",183,"kWh lifetime electricity",445,CITED,81.435
SYNTHETIC,229,9,"Repair (replacement battery) [SYNTHETIC]",0.0634,"kWh replacement-battery capacity",74000,CITED,4.692
SYNTHETIC,229,10,"E-waste recycling (avoided-burden credit) [SYNTHETIC]",2.1,"kg mass processed",-1170.4,CITED,-2.458
SYNTHETIC,230,1,"Aluminium casing [SYNTHETIC]",1.165,"kg aluminium",14800,CITED,17.242
SYNTHETIC,230,2,"Circuit board (PCB, populated) [SYNTHETIC]",0.318,"kg populated board",185714,DERIVED_FROM_CITED,59.057
SYNTHETIC,230,3,"Battery (Li-ion cell production) [SYNTHETIC]",0.0553,"kWh cell capacity",74000,CITED,4.092
SYNTHETIC,230,4,"Screen (LCD module) [SYNTHETIC]",0.0641,"m2 panel area",222000,CITED,14.23
SYNTHETIC,230,5,"Assembly electricity [SYNTHETIC]",24.6,"kWh factory electricity",445,CITED,10.947
SYNTHETIC,230,6,"Packaging (cardboard) [SYNTHETIC]",0.77,"kg packaging material",1199.73,CITED,0.924
SYNTHETIC,230,7,"International shipping (sea, container) [SYNTHETIC]",67.4,"tonne-km",16.12,CITED,1.086
SYNTHETIC,230,8,"Use-phase electricity [SYNTHETIC]",204,"kWh lifetime electricity",445,CITED,90.78
SYNTHETIC,230,9,"Repair (replacement battery) [SYNTHETIC]",0.0676,"kWh replacement-battery capacity",74000,CITED,5.002
SYNTHETIC,230,10,"E-waste recycling (avoided-burden credit) [SYNTHETIC]",2,"kg mass processed",-1170.4,CITED,-2.341
SYNTHETIC,231,1,"Aluminium casing [SYNTHETIC]",0.92,"kg aluminium",14800,CITED,13.616
SYNTHETIC,231,2,"Circuit board (PCB, populated) [SYNTHETIC]",0.408,"kg populated board",185714,DERIVED_FROM_CITED,75.771
SYNTHETIC,231,3,"Battery (Li-ion cell production) [SYNTHETIC]",0.0587,"kWh cell capacity",74000,CITED,4.344
SYNTHETIC,231,4,"Screen (LCD module) [SYNTHETIC]",0.056,"m2 panel area",222000,CITED,12.432
SYNTHETIC,231,5,"Assembly electricity [SYNTHETIC]",26.2,"kWh factory electricity",445,CITED,11.659
SYNTHETIC,231,6,"Packaging (cardboard) [SYNTHETIC]",0.74,"kg packaging material",1199.73,CITED,0.888
SYNTHETIC,231,7,"International shipping (sea, container) [SYNTHETIC]",61.4,"tonne-km",16.12,CITED,0.99
SYNTHETIC,231,8,"Use-phase electricity [SYNTHETIC]",201,"kWh lifetime electricity",445,CITED,89.445
SYNTHETIC,231,9,"Repair (replacement battery) [SYNTHETIC]",0.0476,"kWh replacement-battery capacity",74000,CITED,3.522
SYNTHETIC,231,10,"E-waste recycling (avoided-burden credit) [SYNTHETIC]",1.77,"kg mass processed",-1170.4,CITED,-2.072
SYNTHETIC,232,1,"Aluminium casing [SYNTHETIC]",1.243,"kg aluminium",14800,CITED,18.396
SYNTHETIC,232,2,"Circuit board (PCB, populated) [SYNTHETIC]",0.307,"kg populated board",185714,DERIVED_FROM_CITED,57.014
SYNTHETIC,232,3,"Battery (Li-ion cell production) [SYNTHETIC]",0.0603,"kWh cell capacity",74000,CITED,4.462
SYNTHETIC,232,4,"Screen (LCD module) [SYNTHETIC]",0.06,"m2 panel area",222000,CITED,13.32
SYNTHETIC,232,5,"Assembly electricity [SYNTHETIC]",29.2,"kWh factory electricity",445,CITED,12.994
SYNTHETIC,232,6,"Packaging (cardboard) [SYNTHETIC]",0.97,"kg packaging material",1199.73,CITED,1.164
SYNTHETIC,232,7,"International shipping (sea, container) [SYNTHETIC]",68.8,"tonne-km",16.12,CITED,1.109
SYNTHETIC,232,8,"Use-phase electricity [SYNTHETIC]",128,"kWh lifetime electricity",445,CITED,56.96
SYNTHETIC,232,9,"Repair (replacement battery) [SYNTHETIC]",0.063,"kWh replacement-battery capacity",74000,CITED,4.662
SYNTHETIC,232,10,"E-waste recycling (avoided-burden credit) [SYNTHETIC]",2.08,"kg mass processed",-1170.4,CITED,-2.434
SYNTHETIC,233,1,"Aluminium casing [SYNTHETIC]",1.44,"kg aluminium",14800,CITED,21.312
SYNTHETIC,233,2,"Circuit board (PCB, populated) [SYNTHETIC]",0.346,"kg populated board",185714,DERIVED_FROM_CITED,64.257
SYNTHETIC,233,3,"Battery (Li-ion cell production) [SYNTHETIC]",0.0578,"kWh cell capacity",74000,CITED,4.277
SYNTHETIC,233,4,"Screen (LCD module) [SYNTHETIC]",0.0543,"m2 panel area",222000,CITED,12.055
SYNTHETIC,233,5,"Assembly electricity [SYNTHETIC]",36,"kWh factory electricity",445,CITED,16.02
SYNTHETIC,233,6,"Packaging (cardboard) [SYNTHETIC]",1.03,"kg packaging material",1199.73,CITED,1.236
SYNTHETIC,233,7,"International shipping (sea, container) [SYNTHETIC]",79.3,"tonne-km",16.12,CITED,1.278
SYNTHETIC,233,8,"Use-phase electricity [SYNTHETIC]",146,"kWh lifetime electricity",445,CITED,64.97
SYNTHETIC,233,9,"Repair (replacement battery) [SYNTHETIC]",0.0569,"kWh replacement-battery capacity",74000,CITED,4.211
SYNTHETIC,233,10,"E-waste recycling (avoided-burden credit) [SYNTHETIC]",1.95,"kg mass processed",-1170.4,CITED,-2.282
SYNTHETIC,234,1,"Aluminium casing [SYNTHETIC]",1.062,"kg aluminium",14800,CITED,15.718
SYNTHETIC,234,2,"Circuit board (PCB, populated) [SYNTHETIC]",0.276,"kg populated board",185714,DERIVED_FROM_CITED,51.257
SYNTHETIC,234,3,"Battery (Li-ion cell production) [SYNTHETIC]",0.0579,"kWh cell capacity",74000,CITED,4.285
SYNTHETIC,234,4,"Screen (LCD module) [SYNTHETIC]",0.0622,"m2 panel area",222000,CITED,13.808
SYNTHETIC,234,5,"Assembly electricity [SYNTHETIC]",29.6,"kWh factory electricity",445,CITED,13.172
SYNTHETIC,234,6,"Packaging (cardboard) [SYNTHETIC]",0.84,"kg packaging material",1199.73,CITED,1.008
SYNTHETIC,234,7,"International shipping (sea, container) [SYNTHETIC]",58,"tonne-km",16.12,CITED,0.935
SYNTHETIC,234,8,"Use-phase electricity [SYNTHETIC]",190,"kWh lifetime electricity",445,CITED,84.55
SYNTHETIC,234,9,"Repair (replacement battery) [SYNTHETIC]",0.0505,"kWh replacement-battery capacity",74000,CITED,3.737
SYNTHETIC,234,10,"E-waste recycling (avoided-burden credit) [SYNTHETIC]",2.03,"kg mass processed",-1170.4,CITED,-2.376
SYNTHETIC,235,1,"Aluminium casing [SYNTHETIC]",1.289,"kg aluminium",14800,CITED,19.077
SYNTHETIC,235,2,"Circuit board (PCB, populated) [SYNTHETIC]",0.34,"kg populated board",185714,DERIVED_FROM_CITED,63.143
SYNTHETIC,235,3,"Battery (Li-ion cell production) [SYNTHETIC]",0.0735,"kWh cell capacity",74000,CITED,5.439
SYNTHETIC,235,4,"Screen (LCD module) [SYNTHETIC]",0.0568,"m2 panel area",222000,CITED,12.61
SYNTHETIC,235,5,"Assembly electricity [SYNTHETIC]",23.5,"kWh factory electricity",445,CITED,10.457
SYNTHETIC,235,6,"Packaging (cardboard) [SYNTHETIC]",0.86,"kg packaging material",1199.73,CITED,1.032
SYNTHETIC,235,7,"International shipping (sea, container) [SYNTHETIC]",93.8,"tonne-km",16.12,CITED,1.512
SYNTHETIC,235,8,"Use-phase electricity [SYNTHETIC]",203,"kWh lifetime electricity",445,CITED,90.335
SYNTHETIC,235,9,"Repair (replacement battery) [SYNTHETIC]",0.0516,"kWh replacement-battery capacity",74000,CITED,3.818
SYNTHETIC,235,10,"E-waste recycling (avoided-burden credit) [SYNTHETIC]",2,"kg mass processed",-1170.4,CITED,-2.341
SYNTHETIC,236,1,"Aluminium casing [SYNTHETIC]",0.961,"kg aluminium",14800,CITED,14.223
SYNTHETIC,236,2,"Circuit board (PCB, populated) [SYNTHETIC]",0.315,"kg populated board",185714,DERIVED_FROM_CITED,58.5
SYNTHETIC,236,3,"Battery (Li-ion cell production) [SYNTHETIC]",0.0657,"kWh cell capacity",74000,CITED,4.862
SYNTHETIC,236,4,"Screen (LCD module) [SYNTHETIC]",0.0578,"m2 panel area",222000,CITED,12.832
SYNTHETIC,236,5,"Assembly electricity [SYNTHETIC]",25.2,"kWh factory electricity",445,CITED,11.214
SYNTHETIC,236,6,"Packaging (cardboard) [SYNTHETIC]",0.83,"kg packaging material",1199.73,CITED,0.996
SYNTHETIC,236,7,"International shipping (sea, container) [SYNTHETIC]",68,"tonne-km",16.12,CITED,1.096
SYNTHETIC,236,8,"Use-phase electricity [SYNTHETIC]",135,"kWh lifetime electricity",445,CITED,60.075
SYNTHETIC,236,9,"Repair (replacement battery) [SYNTHETIC]",0.066,"kWh replacement-battery capacity",74000,CITED,4.884
SYNTHETIC,236,10,"E-waste recycling (avoided-burden credit) [SYNTHETIC]",2.01,"kg mass processed",-1170.4,CITED,-2.353
SYNTHETIC,237,1,"Aluminium casing [SYNTHETIC]",1.486,"kg aluminium",14800,CITED,21.993
SYNTHETIC,237,2,"Circuit board (PCB, populated) [SYNTHETIC]",0.365,"kg populated board",185714,DERIVED_FROM_CITED,67.786
SYNTHETIC,237,3,"Battery (Li-ion cell production) [SYNTHETIC]",0.0543,"kWh cell capacity",74000,CITED,4.018
SYNTHETIC,237,4,"Screen (LCD module) [SYNTHETIC]",0.0551,"m2 panel area",222000,CITED,12.232
SYNTHETIC,237,5,"Assembly electricity [SYNTHETIC]",22.6,"kWh factory electricity",445,CITED,10.057
SYNTHETIC,237,6,"Packaging (cardboard) [SYNTHETIC]",0.66,"kg packaging material",1199.73,CITED,0.792
SYNTHETIC,237,7,"International shipping (sea, container) [SYNTHETIC]",52.4,"tonne-km",16.12,CITED,0.845
SYNTHETIC,237,8,"Use-phase electricity [SYNTHETIC]",142,"kWh lifetime electricity",445,CITED,63.19
SYNTHETIC,237,9,"Repair (replacement battery) [SYNTHETIC]",0.0687,"kWh replacement-battery capacity",74000,CITED,5.084
SYNTHETIC,237,10,"E-waste recycling (avoided-burden credit) [SYNTHETIC]",2.42,"kg mass processed",-1170.4,CITED,-2.832
SYNTHETIC,238,1,"Aluminium casing [SYNTHETIC]",1.173,"kg aluminium",14800,CITED,17.36
SYNTHETIC,238,2,"Circuit board (PCB, populated) [SYNTHETIC]",0.361,"kg populated board",185714,DERIVED_FROM_CITED,67.043
SYNTHETIC,238,3,"Battery (Li-ion cell production) [SYNTHETIC]",0.0622,"kWh cell capacity",74000,CITED,4.603
SYNTHETIC,238,4,"Screen (LCD module) [SYNTHETIC]",0.0596,"m2 panel area",222000,CITED,13.231
SYNTHETIC,238,5,"Assembly electricity [SYNTHETIC]",17.9,"kWh factory electricity",445,CITED,7.965
SYNTHETIC,238,6,"Packaging (cardboard) [SYNTHETIC]",0.77,"kg packaging material",1199.73,CITED,0.924
SYNTHETIC,238,7,"International shipping (sea, container) [SYNTHETIC]",73.8,"tonne-km",16.12,CITED,1.19
SYNTHETIC,238,8,"Use-phase electricity [SYNTHETIC]",165,"kWh lifetime electricity",445,CITED,73.425
SYNTHETIC,238,9,"Repair (replacement battery) [SYNTHETIC]",0.0692,"kWh replacement-battery capacity",74000,CITED,5.121
SYNTHETIC,238,10,"E-waste recycling (avoided-burden credit) [SYNTHETIC]",1.96,"kg mass processed",-1170.4,CITED,-2.294
SYNTHETIC,239,1,"Aluminium casing [SYNTHETIC]",1.017,"kg aluminium",14800,CITED,15.052
SYNTHETIC,239,2,"Circuit board (PCB, populated) [SYNTHETIC]",0.409,"kg populated board",185714,DERIVED_FROM_CITED,75.957
SYNTHETIC,239,3,"Battery (Li-ion cell production) [SYNTHETIC]",0.0497,"kWh cell capacity",74000,CITED,3.678
SYNTHETIC,239,4,"Screen (LCD module) [SYNTHETIC]",0.0563,"m2 panel area",222000,CITED,12.499
SYNTHETIC,239,5,"Assembly electricity [SYNTHETIC]",20.2,"kWh factory electricity",445,CITED,8.989
SYNTHETIC,239,6,"Packaging (cardboard) [SYNTHETIC]",1.18,"kg packaging material",1199.73,CITED,1.416
SYNTHETIC,239,7,"International shipping (sea, container) [SYNTHETIC]",58.6,"tonne-km",16.12,CITED,0.945
SYNTHETIC,239,8,"Use-phase electricity [SYNTHETIC]",212,"kWh lifetime electricity",445,CITED,94.34
SYNTHETIC,239,9,"Repair (replacement battery) [SYNTHETIC]",0.0569,"kWh replacement-battery capacity",74000,CITED,4.211
SYNTHETIC,239,10,"E-waste recycling (avoided-burden credit) [SYNTHETIC]",2.02,"kg mass processed",-1170.4,CITED,-2.364
SYNTHETIC,240,1,"Aluminium casing [SYNTHETIC]",0.999,"kg aluminium",14800,CITED,14.785
SYNTHETIC,240,2,"Circuit board (PCB, populated) [SYNTHETIC]",0.357,"kg populated board",185714,DERIVED_FROM_CITED,66.3
SYNTHETIC,240,3,"Battery (Li-ion cell production) [SYNTHETIC]",0.0621,"kWh cell capacity",74000,CITED,4.595
SYNTHETIC,240,4,"Screen (LCD module) [SYNTHETIC]",0.0516,"m2 panel area",222000,CITED,11.455
SYNTHETIC,240,5,"Assembly electricity [SYNTHETIC]",28.5,"kWh factory electricity",445,CITED,12.682
SYNTHETIC,240,6,"Packaging (cardboard) [SYNTHETIC]",0.76,"kg packaging material",1199.73,CITED,0.912
SYNTHETIC,240,7,"International shipping (sea, container) [SYNTHETIC]",68.5,"tonne-km",16.12,CITED,1.104
SYNTHETIC,240,8,"Use-phase electricity [SYNTHETIC]",210,"kWh lifetime electricity",445,CITED,93.45
SYNTHETIC,240,9,"Repair (replacement battery) [SYNTHETIC]",0.0489,"kWh replacement-battery capacity",74000,CITED,3.619
SYNTHETIC,240,10,"E-waste recycling (avoided-burden credit) [SYNTHETIC]",2.18,"kg mass processed",-1170.4,CITED,-2.551
SYNTHETIC,241,1,"Aluminium casing [SYNTHETIC]",1.067,"kg aluminium",14800,CITED,15.792
SYNTHETIC,241,2,"Circuit board (PCB, populated) [SYNTHETIC]",0.337,"kg populated board",185714,DERIVED_FROM_CITED,62.586
SYNTHETIC,241,3,"Battery (Li-ion cell production) [SYNTHETIC]",0.0545,"kWh cell capacity",74000,CITED,4.033
SYNTHETIC,241,4,"Screen (LCD module) [SYNTHETIC]",0.0548,"m2 panel area",222000,CITED,12.166
SYNTHETIC,241,5,"Assembly electricity [SYNTHETIC]",24.4,"kWh factory electricity",445,CITED,10.858
SYNTHETIC,241,6,"Packaging (cardboard) [SYNTHETIC]",0.75,"kg packaging material",1199.73,CITED,0.9
SYNTHETIC,241,7,"International shipping (sea, container) [SYNTHETIC]",66.6,"tonne-km",16.12,CITED,1.074
SYNTHETIC,241,8,"Use-phase electricity [SYNTHETIC]",186,"kWh lifetime electricity",445,CITED,82.77
SYNTHETIC,241,9,"Repair (replacement battery) [SYNTHETIC]",0.0715,"kWh replacement-battery capacity",74000,CITED,5.291
SYNTHETIC,241,10,"E-waste recycling (avoided-burden credit) [SYNTHETIC]",2.18,"kg mass processed",-1170.4,CITED,-2.551
SYNTHETIC,242,1,"Aluminium casing [SYNTHETIC]",1.033,"kg aluminium",14800,CITED,15.288
SYNTHETIC,242,2,"Circuit board (PCB, populated) [SYNTHETIC]",0.296,"kg populated board",185714,DERIVED_FROM_CITED,54.971
SYNTHETIC,242,3,"Battery (Li-ion cell production) [SYNTHETIC]",0.0658,"kWh cell capacity",74000,CITED,4.869
SYNTHETIC,242,4,"Screen (LCD module) [SYNTHETIC]",0.06,"m2 panel area",222000,CITED,13.32
SYNTHETIC,242,5,"Assembly electricity [SYNTHETIC]",28.8,"kWh factory electricity",445,CITED,12.816
SYNTHETIC,242,6,"Packaging (cardboard) [SYNTHETIC]",1.22,"kg packaging material",1199.73,CITED,1.464
SYNTHETIC,242,7,"International shipping (sea, container) [SYNTHETIC]",68.9,"tonne-km",16.12,CITED,1.111
SYNTHETIC,242,8,"Use-phase electricity [SYNTHETIC]",213,"kWh lifetime electricity",445,CITED,94.785
SYNTHETIC,242,9,"Repair (replacement battery) [SYNTHETIC]",0.0671,"kWh replacement-battery capacity",74000,CITED,4.965
SYNTHETIC,242,10,"E-waste recycling (avoided-burden credit) [SYNTHETIC]",2.05,"kg mass processed",-1170.4,CITED,-2.399
SYNTHETIC,243,1,"Aluminium casing [SYNTHETIC]",1.32,"kg aluminium",14800,CITED,19.536
SYNTHETIC,243,2,"Circuit board (PCB, populated) [SYNTHETIC]",0.336,"kg populated board",185714,DERIVED_FROM_CITED,62.4
SYNTHETIC,243,3,"Battery (Li-ion cell production) [SYNTHETIC]",0.0542,"kWh cell capacity",74000,CITED,4.011
SYNTHETIC,243,4,"Screen (LCD module) [SYNTHETIC]",0.0502,"m2 panel area",222000,CITED,11.144
SYNTHETIC,243,5,"Assembly electricity [SYNTHETIC]",25.2,"kWh factory electricity",445,CITED,11.214
SYNTHETIC,243,6,"Packaging (cardboard) [SYNTHETIC]",0.9,"kg packaging material",1199.73,CITED,1.08
SYNTHETIC,243,7,"International shipping (sea, container) [SYNTHETIC]",69.2,"tonne-km",16.12,CITED,1.116
SYNTHETIC,243,8,"Use-phase electricity [SYNTHETIC]",156,"kWh lifetime electricity",445,CITED,69.42
SYNTHETIC,243,9,"Repair (replacement battery) [SYNTHETIC]",0.0687,"kWh replacement-battery capacity",74000,CITED,5.084
SYNTHETIC,243,10,"E-waste recycling (avoided-burden credit) [SYNTHETIC]",2.03,"kg mass processed",-1170.4,CITED,-2.376
SYNTHETIC,244,1,"Aluminium casing [SYNTHETIC]",0.967,"kg aluminium",14800,CITED,14.312
SYNTHETIC,244,2,"Circuit board (PCB, populated) [SYNTHETIC]",0.408,"kg populated board",185714,DERIVED_FROM_CITED,75.771
SYNTHETIC,244,3,"Battery (Li-ion cell production) [SYNTHETIC]",0.051,"kWh cell capacity",74000,CITED,3.774
SYNTHETIC,244,4,"Screen (LCD module) [SYNTHETIC]",0.0666,"m2 panel area",222000,CITED,14.785
SYNTHETIC,244,5,"Assembly electricity [SYNTHETIC]",21.2,"kWh factory electricity",445,CITED,9.434
SYNTHETIC,244,6,"Packaging (cardboard) [SYNTHETIC]",0.78,"kg packaging material",1199.73,CITED,0.936
SYNTHETIC,244,7,"International shipping (sea, container) [SYNTHETIC]",71.4,"tonne-km",16.12,CITED,1.151
SYNTHETIC,244,8,"Use-phase electricity [SYNTHETIC]",132,"kWh lifetime electricity",445,CITED,58.74
SYNTHETIC,244,9,"Repair (replacement battery) [SYNTHETIC]",0.0596,"kWh replacement-battery capacity",74000,CITED,4.41
SYNTHETIC,244,10,"E-waste recycling (avoided-burden credit) [SYNTHETIC]",2.2,"kg mass processed",-1170.4,CITED,-2.575
SYNTHETIC,245,1,"Aluminium casing [SYNTHETIC]",1.383,"kg aluminium",14800,CITED,20.468
SYNTHETIC,245,2,"Circuit board (PCB, populated) [SYNTHETIC]",0.357,"kg populated board",185714,DERIVED_FROM_CITED,66.3
SYNTHETIC,245,3,"Battery (Li-ion cell production) [SYNTHETIC]",0.0612,"kWh cell capacity",74000,CITED,4.529
SYNTHETIC,245,4,"Screen (LCD module) [SYNTHETIC]",0.0576,"m2 panel area",222000,CITED,12.787
SYNTHETIC,245,5,"Assembly electricity [SYNTHETIC]",25.9,"kWh factory electricity",445,CITED,11.525
SYNTHETIC,245,6,"Packaging (cardboard) [SYNTHETIC]",0.82,"kg packaging material",1199.73,CITED,0.984
SYNTHETIC,245,7,"International shipping (sea, container) [SYNTHETIC]",61.5,"tonne-km",16.12,CITED,0.991
SYNTHETIC,245,8,"Use-phase electricity [SYNTHETIC]",162,"kWh lifetime electricity",445,CITED,72.09
SYNTHETIC,245,9,"Repair (replacement battery) [SYNTHETIC]",0.0573,"kWh replacement-battery capacity",74000,CITED,4.24
SYNTHETIC,245,10,"E-waste recycling (avoided-burden credit) [SYNTHETIC]",2.08,"kg mass processed",-1170.4,CITED,-2.434
SYNTHETIC,246,1,"Aluminium casing [SYNTHETIC]",1.184,"kg aluminium",14800,CITED,17.523
SYNTHETIC,246,2,"Circuit board (PCB, populated) [SYNTHETIC]",0.422,"kg populated board",185714,DERIVED_FROM_CITED,78.371
SYNTHETIC,246,3,"Battery (Li-ion cell production) [SYNTHETIC]",0.0529,"kWh cell capacity",74000,CITED,3.915
SYNTHETIC,246,4,"Screen (LCD module) [SYNTHETIC]",0.0594,"m2 panel area",222000,CITED,13.187
SYNTHETIC,246,5,"Assembly electricity [SYNTHETIC]",23.1,"kWh factory electricity",445,CITED,10.28
SYNTHETIC,246,6,"Packaging (cardboard) [SYNTHETIC]",0.92,"kg packaging material",1199.73,CITED,1.104
SYNTHETIC,246,7,"International shipping (sea, container) [SYNTHETIC]",86,"tonne-km",16.12,CITED,1.386
SYNTHETIC,246,8,"Use-phase electricity [SYNTHETIC]",102,"kWh lifetime electricity",445,CITED,45.39
SYNTHETIC,246,9,"Repair (replacement battery) [SYNTHETIC]",0.0577,"kWh replacement-battery capacity",74000,CITED,4.27
SYNTHETIC,246,10,"E-waste recycling (avoided-burden credit) [SYNTHETIC]",2.27,"kg mass processed",-1170.4,CITED,-2.657
SYNTHETIC,247,1,"Aluminium casing [SYNTHETIC]",1.376,"kg aluminium",14800,CITED,20.365
SYNTHETIC,247,2,"Circuit board (PCB, populated) [SYNTHETIC]",0.338,"kg populated board",185714,DERIVED_FROM_CITED,62.771
SYNTHETIC,247,3,"Battery (Li-ion cell production) [SYNTHETIC]",0.0667,"kWh cell capacity",74000,CITED,4.936
SYNTHETIC,247,4,"Screen (LCD module) [SYNTHETIC]",0.0541,"m2 panel area",222000,CITED,12.01
SYNTHETIC,247,5,"Assembly electricity [SYNTHETIC]",33.1,"kWh factory electricity",445,CITED,14.729
SYNTHETIC,247,6,"Packaging (cardboard) [SYNTHETIC]",1.08,"kg packaging material",1199.73,CITED,1.296
SYNTHETIC,247,7,"International shipping (sea, container) [SYNTHETIC]",64.6,"tonne-km",16.12,CITED,1.041
SYNTHETIC,247,8,"Use-phase electricity [SYNTHETIC]",179,"kWh lifetime electricity",445,CITED,79.655
SYNTHETIC,247,9,"Repair (replacement battery) [SYNTHETIC]",0.0728,"kWh replacement-battery capacity",74000,CITED,5.387
SYNTHETIC,247,10,"E-waste recycling (avoided-burden credit) [SYNTHETIC]",2.16,"kg mass processed",-1170.4,CITED,-2.528
SYNTHETIC,248,1,"Aluminium casing [SYNTHETIC]",1.198,"kg aluminium",14800,CITED,17.73
SYNTHETIC,248,2,"Circuit board (PCB, populated) [SYNTHETIC]",0.358,"kg populated board",185714,DERIVED_FROM_CITED,66.486
SYNTHETIC,248,3,"Battery (Li-ion cell production) [SYNTHETIC]",0.0535,"kWh cell capacity",74000,CITED,3.959
SYNTHETIC,248,4,"Screen (LCD module) [SYNTHETIC]",0.0566,"m2 panel area",222000,CITED,12.565
SYNTHETIC,248,5,"Assembly electricity [SYNTHETIC]",25.3,"kWh factory electricity",445,CITED,11.258
SYNTHETIC,248,6,"Packaging (cardboard) [SYNTHETIC]",0.73,"kg packaging material",1199.73,CITED,0.876
SYNTHETIC,248,7,"International shipping (sea, container) [SYNTHETIC]",59.6,"tonne-km",16.12,CITED,0.961
SYNTHETIC,248,8,"Use-phase electricity [SYNTHETIC]",156,"kWh lifetime electricity",445,CITED,69.42
SYNTHETIC,248,9,"Repair (replacement battery) [SYNTHETIC]",0.0547,"kWh replacement-battery capacity",74000,CITED,4.048
SYNTHETIC,248,10,"E-waste recycling (avoided-burden credit) [SYNTHETIC]",2,"kg mass processed",-1170.4,CITED,-2.341
SYNTHETIC,249,1,"Aluminium casing [SYNTHETIC]",1.406,"kg aluminium",14800,CITED,20.809
SYNTHETIC,249,2,"Circuit board (PCB, populated) [SYNTHETIC]",0.376,"kg populated board",185714,DERIVED_FROM_CITED,69.828
SYNTHETIC,249,3,"Battery (Li-ion cell production) [SYNTHETIC]",0.0535,"kWh cell capacity",74000,CITED,3.959
SYNTHETIC,249,4,"Screen (LCD module) [SYNTHETIC]",0.0571,"m2 panel area",222000,CITED,12.676
SYNTHETIC,249,5,"Assembly electricity [SYNTHETIC]",24.8,"kWh factory electricity",445,CITED,11.036
SYNTHETIC,249,6,"Packaging (cardboard) [SYNTHETIC]",0.74,"kg packaging material",1199.73,CITED,0.888
SYNTHETIC,249,7,"International shipping (sea, container) [SYNTHETIC]",66.7,"tonne-km",16.12,CITED,1.075
SYNTHETIC,249,8,"Use-phase electricity [SYNTHETIC]",155,"kWh lifetime electricity",445,CITED,68.975
SYNTHETIC,249,9,"Repair (replacement battery) [SYNTHETIC]",0.0544,"kWh replacement-battery capacity",74000,CITED,4.026
SYNTHETIC,249,10,"E-waste recycling (avoided-burden credit) [SYNTHETIC]",2.15,"kg mass processed",-1170.4,CITED,-2.516
SYNTHETIC,250,1,"Aluminium casing [SYNTHETIC]",0.88,"kg aluminium",14800,CITED,13.024
SYNTHETIC,250,2,"Circuit board (PCB, populated) [SYNTHETIC]",0.326,"kg populated board",185714,DERIVED_FROM_CITED,60.543
SYNTHETIC,250,3,"Battery (Li-ion cell production) [SYNTHETIC]",0.0659,"kWh cell capacity",74000,CITED,4.877
SYNTHETIC,250,4,"Screen (LCD module) [SYNTHETIC]",0.057,"m2 panel area",222000,CITED,12.654
SYNTHETIC,250,5,"Assembly electricity [SYNTHETIC]",12.7,"kWh factory electricity",445,CITED,5.652
SYNTHETIC,250,6,"Packaging (cardboard) [SYNTHETIC]",0.55,"kg packaging material",1199.73,CITED,0.66
SYNTHETIC,250,7,"International shipping (sea, container) [SYNTHETIC]",68.2,"tonne-km",16.12,CITED,1.099
SYNTHETIC,250,8,"Use-phase electricity [SYNTHETIC]",175,"kWh lifetime electricity",445,CITED,77.875
SYNTHETIC,250,9,"Repair (replacement battery) [SYNTHETIC]",0.0681,"kWh replacement-battery capacity",74000,CITED,5.039
SYNTHETIC,250,10,"E-waste recycling (avoided-burden credit) [SYNTHETIC]",2.09,"kg mass processed",-1170.4,CITED,-2.446
SYNTHETIC,251,1,"Aluminium casing [SYNTHETIC]",0.904,"kg aluminium",14800,CITED,13.379
SYNTHETIC,251,2,"Circuit board (PCB, populated) [SYNTHETIC]",0.362,"kg populated board",185714,DERIVED_FROM_CITED,67.228
SYNTHETIC,251,3,"Battery (Li-ion cell production) [SYNTHETIC]",0.0651,"kWh cell capacity",74000,CITED,4.817
SYNTHETIC,251,4,"Screen (LCD module) [SYNTHETIC]",0.0708,"m2 panel area",222000,CITED,15.718
SYNTHETIC,251,5,"Assembly electricity [SYNTHETIC]",20.8,"kWh factory electricity",445,CITED,9.256
SYNTHETIC,251,6,"Packaging (cardboard) [SYNTHETIC]",0.75,"kg packaging material",1199.73,CITED,0.9
SYNTHETIC,251,7,"International shipping (sea, container) [SYNTHETIC]",61.9,"tonne-km",16.12,CITED,0.998
SYNTHETIC,251,8,"Use-phase electricity [SYNTHETIC]",111,"kWh lifetime electricity",445,CITED,49.395
SYNTHETIC,251,9,"Repair (replacement battery) [SYNTHETIC]",0.0529,"kWh replacement-battery capacity",74000,CITED,3.915
SYNTHETIC,251,10,"E-waste recycling (avoided-burden credit) [SYNTHETIC]",1.97,"kg mass processed",-1170.4,CITED,-2.306
SYNTHETIC,252,1,"Aluminium casing [SYNTHETIC]",1.009,"kg aluminium",14800,CITED,14.933
SYNTHETIC,252,2,"Circuit board (PCB, populated) [SYNTHETIC]",0.279,"kg populated board",185714,DERIVED_FROM_CITED,51.814
SYNTHETIC,252,3,"Battery (Li-ion cell production) [SYNTHETIC]",0.063,"kWh cell capacity",74000,CITED,4.662
SYNTHETIC,252,4,"Screen (LCD module) [SYNTHETIC]",0.0547,"m2 panel area",222000,CITED,12.143
SYNTHETIC,252,5,"Assembly electricity [SYNTHETIC]",31.3,"kWh factory electricity",445,CITED,13.928
SYNTHETIC,252,6,"Packaging (cardboard) [SYNTHETIC]",1.08,"kg packaging material",1199.73,CITED,1.296
SYNTHETIC,252,7,"International shipping (sea, container) [SYNTHETIC]",51.1,"tonne-km",16.12,CITED,0.824
SYNTHETIC,252,8,"Use-phase electricity [SYNTHETIC]",161,"kWh lifetime electricity",445,CITED,71.645
SYNTHETIC,252,9,"Repair (replacement battery) [SYNTHETIC]",0.0662,"kWh replacement-battery capacity",74000,CITED,4.899
SYNTHETIC,252,10,"E-waste recycling (avoided-burden credit) [SYNTHETIC]",1.67,"kg mass processed",-1170.4,CITED,-1.955
SYNTHETIC,253,1,"Aluminium casing [SYNTHETIC]",1.21,"kg aluminium",14800,CITED,17.908
SYNTHETIC,253,2,"Circuit board (PCB, populated) [SYNTHETIC]",0.329,"kg populated board",185714,DERIVED_FROM_CITED,61.1
SYNTHETIC,253,3,"Battery (Li-ion cell production) [SYNTHETIC]",0.0513,"kWh cell capacity",74000,CITED,3.796
SYNTHETIC,253,4,"Screen (LCD module) [SYNTHETIC]",0.0641,"m2 panel area",222000,CITED,14.23
SYNTHETIC,253,5,"Assembly electricity [SYNTHETIC]",27.4,"kWh factory electricity",445,CITED,12.193
SYNTHETIC,253,6,"Packaging (cardboard) [SYNTHETIC]",1.22,"kg packaging material",1199.73,CITED,1.464
SYNTHETIC,253,7,"International shipping (sea, container) [SYNTHETIC]",67,"tonne-km",16.12,CITED,1.08
SYNTHETIC,253,8,"Use-phase electricity [SYNTHETIC]",208,"kWh lifetime electricity",445,CITED,92.56
SYNTHETIC,253,9,"Repair (replacement battery) [SYNTHETIC]",0.0601,"kWh replacement-battery capacity",74000,CITED,4.447
SYNTHETIC,253,10,"E-waste recycling (avoided-burden credit) [SYNTHETIC]",1.9,"kg mass processed",-1170.4,CITED,-2.224
SYNTHETIC,254,1,"Aluminium casing [SYNTHETIC]",1.185,"kg aluminium",14800,CITED,17.538
SYNTHETIC,254,2,"Circuit board (PCB, populated) [SYNTHETIC]",0.322,"kg populated board",185714,DERIVED_FROM_CITED,59.8
SYNTHETIC,254,3,"Battery (Li-ion cell production) [SYNTHETIC]",0.0623,"kWh cell capacity",74000,CITED,4.61
SYNTHETIC,254,4,"Screen (LCD module) [SYNTHETIC]",0.0629,"m2 panel area",222000,CITED,13.964
SYNTHETIC,254,5,"Assembly electricity [SYNTHETIC]",27.1,"kWh factory electricity",445,CITED,12.059
SYNTHETIC,254,6,"Packaging (cardboard) [SYNTHETIC]",1.24,"kg packaging material",1199.73,CITED,1.488
SYNTHETIC,254,7,"International shipping (sea, container) [SYNTHETIC]",66.5,"tonne-km",16.12,CITED,1.072
SYNTHETIC,254,8,"Use-phase electricity [SYNTHETIC]",146,"kWh lifetime electricity",445,CITED,64.97
SYNTHETIC,254,9,"Repair (replacement battery) [SYNTHETIC]",0.0631,"kWh replacement-battery capacity",74000,CITED,4.669
SYNTHETIC,254,10,"E-waste recycling (avoided-burden credit) [SYNTHETIC]",2.17,"kg mass processed",-1170.4,CITED,-2.54
SYNTHETIC,255,1,"Aluminium casing [SYNTHETIC]",1.47,"kg aluminium",14800,CITED,21.756
SYNTHETIC,255,2,"Circuit board (PCB, populated) [SYNTHETIC]",0.368,"kg populated board",185714,DERIVED_FROM_CITED,68.343
SYNTHETIC,255,3,"Battery (Li-ion cell production) [SYNTHETIC]",0.0608,"kWh cell capacity",74000,CITED,4.499
SYNTHETIC,255,4,"Screen (LCD module) [SYNTHETIC]",0.0609,"m2 panel area",222000,CITED,13.52
SYNTHETIC,255,5,"Assembly electricity [SYNTHETIC]",35.3,"kWh factory electricity",445,CITED,15.708
SYNTHETIC,255,6,"Packaging (cardboard) [SYNTHETIC]",0.82,"kg packaging material",1199.73,CITED,0.984
SYNTHETIC,255,7,"International shipping (sea, container) [SYNTHETIC]",81.3,"tonne-km",16.12,CITED,1.311
SYNTHETIC,255,8,"Use-phase electricity [SYNTHETIC]",254,"kWh lifetime electricity",445,CITED,113.03
SYNTHETIC,255,9,"Repair (replacement battery) [SYNTHETIC]",0.0504,"kWh replacement-battery capacity",74000,CITED,3.73
SYNTHETIC,255,10,"E-waste recycling (avoided-burden credit) [SYNTHETIC]",2.04,"kg mass processed",-1170.4,CITED,-2.388
SYNTHETIC,256,1,"Aluminium casing [SYNTHETIC]",1.155,"kg aluminium",14800,CITED,17.094
SYNTHETIC,256,2,"Circuit board (PCB, populated) [SYNTHETIC]",0.461,"kg populated board",185714,DERIVED_FROM_CITED,85.614
SYNTHETIC,256,3,"Battery (Li-ion cell production) [SYNTHETIC]",0.055,"kWh cell capacity",74000,CITED,4.07
SYNTHETIC,256,4,"Screen (LCD module) [SYNTHETIC]",0.0579,"m2 panel area",222000,CITED,12.854
SYNTHETIC,256,5,"Assembly electricity [SYNTHETIC]",28.8,"kWh factory electricity",445,CITED,12.816
SYNTHETIC,256,6,"Packaging (cardboard) [SYNTHETIC]",0.84,"kg packaging material",1199.73,CITED,1.008
SYNTHETIC,256,7,"International shipping (sea, container) [SYNTHETIC]",65.2,"tonne-km",16.12,CITED,1.051
SYNTHETIC,256,8,"Use-phase electricity [SYNTHETIC]",210,"kWh lifetime electricity",445,CITED,93.45
SYNTHETIC,256,9,"Repair (replacement battery) [SYNTHETIC]",0.0556,"kWh replacement-battery capacity",74000,CITED,4.114
SYNTHETIC,256,10,"E-waste recycling (avoided-burden credit) [SYNTHETIC]",1.83,"kg mass processed",-1170.4,CITED,-2.142
SYNTHETIC,257,1,"Aluminium casing [SYNTHETIC]",1.12,"kg aluminium",14800,CITED,16.576
SYNTHETIC,257,2,"Circuit board (PCB, populated) [SYNTHETIC]",0.291,"kg populated board",185714,DERIVED_FROM_CITED,54.043
SYNTHETIC,257,3,"Battery (Li-ion cell production) [SYNTHETIC]",0.0661,"kWh cell capacity",74000,CITED,4.891
SYNTHETIC,257,4,"Screen (LCD module) [SYNTHETIC]",0.0576,"m2 panel area",222000,CITED,12.787
SYNTHETIC,257,5,"Assembly electricity [SYNTHETIC]",30.7,"kWh factory electricity",445,CITED,13.662
SYNTHETIC,257,6,"Packaging (cardboard) [SYNTHETIC]",0.92,"kg packaging material",1199.73,CITED,1.104
SYNTHETIC,257,7,"International shipping (sea, container) [SYNTHETIC]",56.2,"tonne-km",16.12,CITED,0.906
SYNTHETIC,257,8,"Use-phase electricity [SYNTHETIC]",178,"kWh lifetime electricity",445,CITED,79.21
SYNTHETIC,257,9,"Repair (replacement battery) [SYNTHETIC]",0.0584,"kWh replacement-battery capacity",74000,CITED,4.322
SYNTHETIC,257,10,"E-waste recycling (avoided-burden credit) [SYNTHETIC]",1.87,"kg mass processed",-1170.4,CITED,-2.189
SYNTHETIC,258,1,"Aluminium casing [SYNTHETIC]",1,"kg aluminium",14800,CITED,14.8
SYNTHETIC,258,2,"Circuit board (PCB, populated) [SYNTHETIC]",0.32,"kg populated board",185714,DERIVED_FROM_CITED,59.428
SYNTHETIC,258,3,"Battery (Li-ion cell production) [SYNTHETIC]",0.0628,"kWh cell capacity",74000,CITED,4.647
SYNTHETIC,258,4,"Screen (LCD module) [SYNTHETIC]",0.0609,"m2 panel area",222000,CITED,13.52
SYNTHETIC,258,5,"Assembly electricity [SYNTHETIC]",36.6,"kWh factory electricity",445,CITED,16.287
SYNTHETIC,258,6,"Packaging (cardboard) [SYNTHETIC]",1.02,"kg packaging material",1199.73,CITED,1.224
SYNTHETIC,258,7,"International shipping (sea, container) [SYNTHETIC]",75.3,"tonne-km",16.12,CITED,1.214
SYNTHETIC,258,8,"Use-phase electricity [SYNTHETIC]",118,"kWh lifetime electricity",445,CITED,52.51
SYNTHETIC,258,9,"Repair (replacement battery) [SYNTHETIC]",0.0594,"kWh replacement-battery capacity",74000,CITED,4.396
SYNTHETIC,258,10,"E-waste recycling (avoided-burden credit) [SYNTHETIC]",1.73,"kg mass processed",-1170.4,CITED,-2.025
SYNTHETIC,259,1,"Aluminium casing [SYNTHETIC]",1.002,"kg aluminium",14800,CITED,14.83
SYNTHETIC,259,2,"Circuit board (PCB, populated) [SYNTHETIC]",0.38,"kg populated board",185714,DERIVED_FROM_CITED,70.571
SYNTHETIC,259,3,"Battery (Li-ion cell production) [SYNTHETIC]",0.0584,"kWh cell capacity",74000,CITED,4.322
SYNTHETIC,259,4,"Screen (LCD module) [SYNTHETIC]",0.0568,"m2 panel area",222000,CITED,12.61
SYNTHETIC,259,5,"Assembly electricity [SYNTHETIC]",24.7,"kWh factory electricity",445,CITED,10.992
SYNTHETIC,259,6,"Packaging (cardboard) [SYNTHETIC]",0.86,"kg packaging material",1199.73,CITED,1.032
SYNTHETIC,259,7,"International shipping (sea, container) [SYNTHETIC]",77.1,"tonne-km",16.12,CITED,1.243
SYNTHETIC,259,8,"Use-phase electricity [SYNTHETIC]",207,"kWh lifetime electricity",445,CITED,92.115
SYNTHETIC,259,9,"Repair (replacement battery) [SYNTHETIC]",0.0495,"kWh replacement-battery capacity",74000,CITED,3.663
SYNTHETIC,259,10,"E-waste recycling (avoided-burden credit) [SYNTHETIC]",1.85,"kg mass processed",-1170.4,CITED,-2.165
SYNTHETIC,260,1,"Aluminium casing [SYNTHETIC]",1.01,"kg aluminium",14800,CITED,14.948
SYNTHETIC,260,2,"Circuit board (PCB, populated) [SYNTHETIC]",0.397,"kg populated board",185714,DERIVED_FROM_CITED,73.728
SYNTHETIC,260,3,"Battery (Li-ion cell production) [SYNTHETIC]",0.0782,"kWh cell capacity",74000,CITED,5.787
SYNTHETIC,260,4,"Screen (LCD module) [SYNTHETIC]",0.0663,"m2 panel area",222000,CITED,14.719
SYNTHETIC,260,5,"Assembly electricity [SYNTHETIC]",21.9,"kWh factory electricity",445,CITED,9.745
SYNTHETIC,260,6,"Packaging (cardboard) [SYNTHETIC]",0.96,"kg packaging material",1199.73,CITED,1.152
SYNTHETIC,260,7,"International shipping (sea, container) [SYNTHETIC]",67.1,"tonne-km",16.12,CITED,1.082
SYNTHETIC,260,8,"Use-phase electricity [SYNTHETIC]",214,"kWh lifetime electricity",445,CITED,95.23
SYNTHETIC,260,9,"Repair (replacement battery) [SYNTHETIC]",0.0629,"kWh replacement-battery capacity",74000,CITED,4.655
SYNTHETIC,260,10,"E-waste recycling (avoided-burden credit) [SYNTHETIC]",2.07,"kg mass processed",-1170.4,CITED,-2.423
SYNTHETIC,261,1,"Aluminium casing [SYNTHETIC]",1.231,"kg aluminium",14800,CITED,18.219
SYNTHETIC,261,2,"Circuit board (PCB, populated) [SYNTHETIC]",0.302,"kg populated board",185714,DERIVED_FROM_CITED,56.086
SYNTHETIC,261,3,"Battery (Li-ion cell production) [SYNTHETIC]",0.0628,"kWh cell capacity",74000,CITED,4.647
SYNTHETIC,261,4,"Screen (LCD module) [SYNTHETIC]",0.061,"m2 panel area",222000,CITED,13.542
SYNTHETIC,261,5,"Assembly electricity [SYNTHETIC]",24.1,"kWh factory electricity",445,CITED,10.725
SYNTHETIC,261,6,"Packaging (cardboard) [SYNTHETIC]",1.12,"kg packaging material",1199.73,CITED,1.344
SYNTHETIC,261,7,"International shipping (sea, container) [SYNTHETIC]",73,"tonne-km",16.12,CITED,1.177
SYNTHETIC,261,8,"Use-phase electricity [SYNTHETIC]",82,"kWh lifetime electricity",445,CITED,36.49
SYNTHETIC,261,9,"Repair (replacement battery) [SYNTHETIC]",0.0508,"kWh replacement-battery capacity",74000,CITED,3.759
SYNTHETIC,261,10,"E-waste recycling (avoided-burden credit) [SYNTHETIC]",1.97,"kg mass processed",-1170.4,CITED,-2.306
SYNTHETIC,262,1,"Aluminium casing [SYNTHETIC]",1.126,"kg aluminium",14800,CITED,16.665
SYNTHETIC,262,2,"Circuit board (PCB, populated) [SYNTHETIC]",0.403,"kg populated board",185714,DERIVED_FROM_CITED,74.843
SYNTHETIC,262,3,"Battery (Li-ion cell production) [SYNTHETIC]",0.0549,"kWh cell capacity",74000,CITED,4.063
SYNTHETIC,262,4,"Screen (LCD module) [SYNTHETIC]",0.0595,"m2 panel area",222000,CITED,13.209
SYNTHETIC,262,5,"Assembly electricity [SYNTHETIC]",29,"kWh factory electricity",445,CITED,12.905
SYNTHETIC,262,6,"Packaging (cardboard) [SYNTHETIC]",0.87,"kg packaging material",1199.73,CITED,1.044
SYNTHETIC,262,7,"International shipping (sea, container) [SYNTHETIC]",59.7,"tonne-km",16.12,CITED,0.962
SYNTHETIC,262,8,"Use-phase electricity [SYNTHETIC]",157,"kWh lifetime electricity",445,CITED,69.865
SYNTHETIC,262,9,"Repair (replacement battery) [SYNTHETIC]",0.0552,"kWh replacement-battery capacity",74000,CITED,4.085
SYNTHETIC,262,10,"E-waste recycling (avoided-burden credit) [SYNTHETIC]",2.18,"kg mass processed",-1170.4,CITED,-2.551
SYNTHETIC,263,1,"Aluminium casing [SYNTHETIC]",1.058,"kg aluminium",14800,CITED,15.658
SYNTHETIC,263,2,"Circuit board (PCB, populated) [SYNTHETIC]",0.344,"kg populated board",185714,DERIVED_FROM_CITED,63.886
SYNTHETIC,263,3,"Battery (Li-ion cell production) [SYNTHETIC]",0.0677,"kWh cell capacity",74000,CITED,5.01
SYNTHETIC,263,4,"Screen (LCD module) [SYNTHETIC]",0.0594,"m2 panel area",222000,CITED,13.187
SYNTHETIC,263,5,"Assembly electricity [SYNTHETIC]",26.5,"kWh factory electricity",445,CITED,11.793
SYNTHETIC,263,6,"Packaging (cardboard) [SYNTHETIC]",1.23,"kg packaging material",1199.73,CITED,1.476
SYNTHETIC,263,7,"International shipping (sea, container) [SYNTHETIC]",67.8,"tonne-km",16.12,CITED,1.093
SYNTHETIC,263,8,"Use-phase electricity [SYNTHETIC]",136,"kWh lifetime electricity",445,CITED,60.52
SYNTHETIC,263,9,"Repair (replacement battery) [SYNTHETIC]",0.0513,"kWh replacement-battery capacity",74000,CITED,3.796
SYNTHETIC,263,10,"E-waste recycling (avoided-burden credit) [SYNTHETIC]",2.27,"kg mass processed",-1170.4,CITED,-2.657
SYNTHETIC,264,1,"Aluminium casing [SYNTHETIC]",1.253,"kg aluminium",14800,CITED,18.544
SYNTHETIC,264,2,"Circuit board (PCB, populated) [SYNTHETIC]",0.43,"kg populated board",185714,DERIVED_FROM_CITED,79.857
SYNTHETIC,264,3,"Battery (Li-ion cell production) [SYNTHETIC]",0.0611,"kWh cell capacity",74000,CITED,4.521
SYNTHETIC,264,4,"Screen (LCD module) [SYNTHETIC]",0.0596,"m2 panel area",222000,CITED,13.231
SYNTHETIC,264,5,"Assembly electricity [SYNTHETIC]",27.3,"kWh factory electricity",445,CITED,12.149
SYNTHETIC,264,6,"Packaging (cardboard) [SYNTHETIC]",0.7,"kg packaging material",1199.73,CITED,0.84
SYNTHETIC,264,7,"International shipping (sea, container) [SYNTHETIC]",44.5,"tonne-km",16.12,CITED,0.717
SYNTHETIC,264,8,"Use-phase electricity [SYNTHETIC]",166,"kWh lifetime electricity",445,CITED,73.87
SYNTHETIC,264,9,"Repair (replacement battery) [SYNTHETIC]",0.0478,"kWh replacement-battery capacity",74000,CITED,3.537
SYNTHETIC,264,10,"E-waste recycling (avoided-burden credit) [SYNTHETIC]",1.85,"kg mass processed",-1170.4,CITED,-2.165
SYNTHETIC,265,1,"Aluminium casing [SYNTHETIC]",1.35,"kg aluminium",14800,CITED,19.98
SYNTHETIC,265,2,"Circuit board (PCB, populated) [SYNTHETIC]",0.274,"kg populated board",185714,DERIVED_FROM_CITED,50.886
SYNTHETIC,265,3,"Battery (Li-ion cell production) [SYNTHETIC]",0.0567,"kWh cell capacity",74000,CITED,4.196
SYNTHETIC,265,4,"Screen (LCD module) [SYNTHETIC]",0.0605,"m2 panel area",222000,CITED,13.431
SYNTHETIC,265,5,"Assembly electricity [SYNTHETIC]",32.3,"kWh factory electricity",445,CITED,14.373
SYNTHETIC,265,6,"Packaging (cardboard) [SYNTHETIC]",0.99,"kg packaging material",1199.73,CITED,1.188
SYNTHETIC,265,7,"International shipping (sea, container) [SYNTHETIC]",65.7,"tonne-km",16.12,CITED,1.059
SYNTHETIC,265,8,"Use-phase electricity [SYNTHETIC]",191,"kWh lifetime electricity",445,CITED,84.995
SYNTHETIC,265,9,"Repair (replacement battery) [SYNTHETIC]",0.0553,"kWh replacement-battery capacity",74000,CITED,4.092
SYNTHETIC,265,10,"E-waste recycling (avoided-burden credit) [SYNTHETIC]",1.64,"kg mass processed",-1170.4,CITED,-1.919
SYNTHETIC,266,1,"Aluminium casing [SYNTHETIC]",1.058,"kg aluminium",14800,CITED,15.658
SYNTHETIC,266,2,"Circuit board (PCB, populated) [SYNTHETIC]",0.405,"kg populated board",185714,DERIVED_FROM_CITED,75.214
SYNTHETIC,266,3,"Battery (Li-ion cell production) [SYNTHETIC]",0.0562,"kWh cell capacity",74000,CITED,4.159
SYNTHETIC,266,4,"Screen (LCD module) [SYNTHETIC]",0.0667,"m2 panel area",222000,CITED,14.807
SYNTHETIC,266,5,"Assembly electricity [SYNTHETIC]",28,"kWh factory electricity",445,CITED,12.46
SYNTHETIC,266,6,"Packaging (cardboard) [SYNTHETIC]",0.88,"kg packaging material",1199.73,CITED,1.056
SYNTHETIC,266,7,"International shipping (sea, container) [SYNTHETIC]",64.5,"tonne-km",16.12,CITED,1.04
SYNTHETIC,266,8,"Use-phase electricity [SYNTHETIC]",213,"kWh lifetime electricity",445,CITED,94.785
SYNTHETIC,266,9,"Repair (replacement battery) [SYNTHETIC]",0.0691,"kWh replacement-battery capacity",74000,CITED,5.113
SYNTHETIC,266,10,"E-waste recycling (avoided-burden credit) [SYNTHETIC]",2.11,"kg mass processed",-1170.4,CITED,-2.47
SYNTHETIC,267,1,"Aluminium casing [SYNTHETIC]",1.381,"kg aluminium",14800,CITED,20.439
SYNTHETIC,267,2,"Circuit board (PCB, populated) [SYNTHETIC]",0.44,"kg populated board",185714,DERIVED_FROM_CITED,81.714
SYNTHETIC,267,3,"Battery (Li-ion cell production) [SYNTHETIC]",0.0602,"kWh cell capacity",74000,CITED,4.455
SYNTHETIC,267,4,"Screen (LCD module) [SYNTHETIC]",0.0685,"m2 panel area",222000,CITED,15.207
SYNTHETIC,267,5,"Assembly electricity [SYNTHETIC]",18.3,"kWh factory electricity",445,CITED,8.143
SYNTHETIC,267,6,"Packaging (cardboard) [SYNTHETIC]",0.85,"kg packaging material",1199.73,CITED,1.02
SYNTHETIC,267,7,"International shipping (sea, container) [SYNTHETIC]",73.5,"tonne-km",16.12,CITED,1.185
SYNTHETIC,267,8,"Use-phase electricity [SYNTHETIC]",233,"kWh lifetime electricity",445,CITED,103.685
SYNTHETIC,267,9,"Repair (replacement battery) [SYNTHETIC]",0.0488,"kWh replacement-battery capacity",74000,CITED,3.611
SYNTHETIC,267,10,"E-waste recycling (avoided-burden credit) [SYNTHETIC]",2.22,"kg mass processed",-1170.4,CITED,-2.598
SYNTHETIC,268,1,"Aluminium casing [SYNTHETIC]",0.937,"kg aluminium",14800,CITED,13.868
SYNTHETIC,268,2,"Circuit board (PCB, populated) [SYNTHETIC]",0.406,"kg populated board",185714,DERIVED_FROM_CITED,75.4
SYNTHETIC,268,3,"Battery (Li-ion cell production) [SYNTHETIC]",0.0552,"kWh cell capacity",74000,CITED,4.085
SYNTHETIC,268,4,"Screen (LCD module) [SYNTHETIC]",0.0569,"m2 panel area",222000,CITED,12.632
SYNTHETIC,268,5,"Assembly electricity [SYNTHETIC]",20.2,"kWh factory electricity",445,CITED,8.989
SYNTHETIC,268,6,"Packaging (cardboard) [SYNTHETIC]",0.71,"kg packaging material",1199.73,CITED,0.852
SYNTHETIC,268,7,"International shipping (sea, container) [SYNTHETIC]",61.5,"tonne-km",16.12,CITED,0.991
SYNTHETIC,268,8,"Use-phase electricity [SYNTHETIC]",211,"kWh lifetime electricity",445,CITED,93.895
SYNTHETIC,268,9,"Repair (replacement battery) [SYNTHETIC]",0.0657,"kWh replacement-battery capacity",74000,CITED,4.862
SYNTHETIC,268,10,"E-waste recycling (avoided-burden credit) [SYNTHETIC]",1.95,"kg mass processed",-1170.4,CITED,-2.282
SYNTHETIC,269,1,"Aluminium casing [SYNTHETIC]",0.998,"kg aluminium",14800,CITED,14.77
SYNTHETIC,269,2,"Circuit board (PCB, populated) [SYNTHETIC]",0.278,"kg populated board",185714,DERIVED_FROM_CITED,51.628
SYNTHETIC,269,3,"Battery (Li-ion cell production) [SYNTHETIC]",0.0662,"kWh cell capacity",74000,CITED,4.899
SYNTHETIC,269,4,"Screen (LCD module) [SYNTHETIC]",0.0574,"m2 panel area",222000,CITED,12.743
SYNTHETIC,269,5,"Assembly electricity [SYNTHETIC]",21.6,"kWh factory electricity",445,CITED,9.612
SYNTHETIC,269,6,"Packaging (cardboard) [SYNTHETIC]",0.59,"kg packaging material",1199.73,CITED,0.708
SYNTHETIC,269,7,"International shipping (sea, container) [SYNTHETIC]",64.5,"tonne-km",16.12,CITED,1.04
SYNTHETIC,269,8,"Use-phase electricity [SYNTHETIC]",135,"kWh lifetime electricity",445,CITED,60.075
SYNTHETIC,269,9,"Repair (replacement battery) [SYNTHETIC]",0.0579,"kWh replacement-battery capacity",74000,CITED,4.285
SYNTHETIC,269,10,"E-waste recycling (avoided-burden credit) [SYNTHETIC]",1.9,"kg mass processed",-1170.4,CITED,-2.224
SYNTHETIC,270,1,"Aluminium casing [SYNTHETIC]",1.365,"kg aluminium",14800,CITED,20.202
SYNTHETIC,270,2,"Circuit board (PCB, populated) [SYNTHETIC]",0.262,"kg populated board",185714,DERIVED_FROM_CITED,48.657
SYNTHETIC,270,3,"Battery (Li-ion cell production) [SYNTHETIC]",0.0563,"kWh cell capacity",74000,CITED,4.166
SYNTHETIC,270,4,"Screen (LCD module) [SYNTHETIC]",0.0629,"m2 panel area",222000,CITED,13.964
SYNTHETIC,270,5,"Assembly electricity [SYNTHETIC]",26.6,"kWh factory electricity",445,CITED,11.837
SYNTHETIC,270,6,"Packaging (cardboard) [SYNTHETIC]",0.96,"kg packaging material",1199.73,CITED,1.152
SYNTHETIC,270,7,"International shipping (sea, container) [SYNTHETIC]",59.5,"tonne-km",16.12,CITED,0.959
SYNTHETIC,270,8,"Use-phase electricity [SYNTHETIC]",155,"kWh lifetime electricity",445,CITED,68.975
SYNTHETIC,270,9,"Repair (replacement battery) [SYNTHETIC]",0.0625,"kWh replacement-battery capacity",74000,CITED,4.625
SYNTHETIC,270,10,"E-waste recycling (avoided-burden credit) [SYNTHETIC]",2.07,"kg mass processed",-1170.4,CITED,-2.423
SYNTHETIC,271,1,"Aluminium casing [SYNTHETIC]",1.193,"kg aluminium",14800,CITED,17.656
SYNTHETIC,271,2,"Circuit board (PCB, populated) [SYNTHETIC]",0.418,"kg populated board",185714,DERIVED_FROM_CITED,77.628
SYNTHETIC,271,3,"Battery (Li-ion cell production) [SYNTHETIC]",0.0601,"kWh cell capacity",74000,CITED,4.447
SYNTHETIC,271,4,"Screen (LCD module) [SYNTHETIC]",0.0589,"m2 panel area",222000,CITED,13.076
SYNTHETIC,271,5,"Assembly electricity [SYNTHETIC]",19.7,"kWh factory electricity",445,CITED,8.767
SYNTHETIC,271,6,"Packaging (cardboard) [SYNTHETIC]",0.8,"kg packaging material",1199.73,CITED,0.96
SYNTHETIC,271,7,"International shipping (sea, container) [SYNTHETIC]",63.9,"tonne-km",16.12,CITED,1.03
SYNTHETIC,271,8,"Use-phase electricity [SYNTHETIC]",200,"kWh lifetime electricity",445,CITED,89
SYNTHETIC,271,9,"Repair (replacement battery) [SYNTHETIC]",0.0587,"kWh replacement-battery capacity",74000,CITED,4.344
SYNTHETIC,271,10,"E-waste recycling (avoided-burden credit) [SYNTHETIC]",1.76,"kg mass processed",-1170.4,CITED,-2.06
SYNTHETIC,272,1,"Aluminium casing [SYNTHETIC]",1.128,"kg aluminium",14800,CITED,16.694
SYNTHETIC,272,2,"Circuit board (PCB, populated) [SYNTHETIC]",0.283,"kg populated board",185714,DERIVED_FROM_CITED,52.557
SYNTHETIC,272,3,"Battery (Li-ion cell production) [SYNTHETIC]",0.0634,"kWh cell capacity",74000,CITED,4.692
SYNTHETIC,272,4,"Screen (LCD module) [SYNTHETIC]",0.0687,"m2 panel area",222000,CITED,15.251
SYNTHETIC,272,5,"Assembly electricity [SYNTHETIC]",27.5,"kWh factory electricity",445,CITED,12.238
SYNTHETIC,272,6,"Packaging (cardboard) [SYNTHETIC]",1.13,"kg packaging material",1199.73,CITED,1.356
SYNTHETIC,272,7,"International shipping (sea, container) [SYNTHETIC]",73.4,"tonne-km",16.12,CITED,1.183
SYNTHETIC,272,8,"Use-phase electricity [SYNTHETIC]",201,"kWh lifetime electricity",445,CITED,89.445
SYNTHETIC,272,9,"Repair (replacement battery) [SYNTHETIC]",0.0665,"kWh replacement-battery capacity",74000,CITED,4.921
SYNTHETIC,272,10,"E-waste recycling (avoided-burden credit) [SYNTHETIC]",1.94,"kg mass processed",-1170.4,CITED,-2.271
SYNTHETIC,273,1,"Aluminium casing [SYNTHETIC]",0.992,"kg aluminium",14800,CITED,14.682
SYNTHETIC,273,2,"Circuit board (PCB, populated) [SYNTHETIC]",0.413,"kg populated board",185714,DERIVED_FROM_CITED,76.7
SYNTHETIC,273,3,"Battery (Li-ion cell production) [SYNTHETIC]",0.0587,"kWh cell capacity",74000,CITED,4.344
SYNTHETIC,273,4,"Screen (LCD module) [SYNTHETIC]",0.0481,"m2 panel area",222000,CITED,10.678
SYNTHETIC,273,5,"Assembly electricity [SYNTHETIC]",18.4,"kWh factory electricity",445,CITED,8.188
SYNTHETIC,273,6,"Packaging (cardboard) [SYNTHETIC]",0.9,"kg packaging material",1199.73,CITED,1.08
SYNTHETIC,273,7,"International shipping (sea, container) [SYNTHETIC]",72,"tonne-km",16.12,CITED,1.161
SYNTHETIC,273,8,"Use-phase electricity [SYNTHETIC]",162,"kWh lifetime electricity",445,CITED,72.09
SYNTHETIC,273,9,"Repair (replacement battery) [SYNTHETIC]",0.0737,"kWh replacement-battery capacity",74000,CITED,5.454
SYNTHETIC,273,10,"E-waste recycling (avoided-burden credit) [SYNTHETIC]",2.35,"kg mass processed",-1170.4,CITED,-2.75
SYNTHETIC,274,1,"Aluminium casing [SYNTHETIC]",0.921,"kg aluminium",14800,CITED,13.631
SYNTHETIC,274,2,"Circuit board (PCB, populated) [SYNTHETIC]",0.314,"kg populated board",185714,DERIVED_FROM_CITED,58.314
SYNTHETIC,274,3,"Battery (Li-ion cell production) [SYNTHETIC]",0.0495,"kWh cell capacity",74000,CITED,3.663
SYNTHETIC,274,4,"Screen (LCD module) [SYNTHETIC]",0.0555,"m2 panel area",222000,CITED,12.321
SYNTHETIC,274,5,"Assembly electricity [SYNTHETIC]",29.8,"kWh factory electricity",445,CITED,13.261
SYNTHETIC,274,6,"Packaging (cardboard) [SYNTHETIC]",0.74,"kg packaging material",1199.73,CITED,0.888
SYNTHETIC,274,7,"International shipping (sea, container) [SYNTHETIC]",54.6,"tonne-km",16.12,CITED,0.88
SYNTHETIC,274,8,"Use-phase electricity [SYNTHETIC]",102,"kWh lifetime electricity",445,CITED,45.39
SYNTHETIC,274,9,"Repair (replacement battery) [SYNTHETIC]",0.0555,"kWh replacement-battery capacity",74000,CITED,4.107
SYNTHETIC,274,10,"E-waste recycling (avoided-burden credit) [SYNTHETIC]",2.24,"kg mass processed",-1170.4,CITED,-2.622
SYNTHETIC,275,1,"Aluminium casing [SYNTHETIC]",1.233,"kg aluminium",14800,CITED,18.248
SYNTHETIC,275,2,"Circuit board (PCB, populated) [SYNTHETIC]",0.285,"kg populated board",185714,DERIVED_FROM_CITED,52.928
SYNTHETIC,275,3,"Battery (Li-ion cell production) [SYNTHETIC]",0.0581,"kWh cell capacity",74000,CITED,4.299
SYNTHETIC,275,4,"Screen (LCD module) [SYNTHETIC]",0.0643,"m2 panel area",222000,CITED,14.275
SYNTHETIC,275,5,"Assembly electricity [SYNTHETIC]",26.3,"kWh factory electricity",445,CITED,11.704
SYNTHETIC,275,6,"Packaging (cardboard) [SYNTHETIC]",0.87,"kg packaging material",1199.73,CITED,1.044
SYNTHETIC,275,7,"International shipping (sea, container) [SYNTHETIC]",79.2,"tonne-km",16.12,CITED,1.277
SYNTHETIC,275,8,"Use-phase electricity [SYNTHETIC]",179,"kWh lifetime electricity",445,CITED,79.655
SYNTHETIC,275,9,"Repair (replacement battery) [SYNTHETIC]",0.0586,"kWh replacement-battery capacity",74000,CITED,4.336
SYNTHETIC,275,10,"E-waste recycling (avoided-burden credit) [SYNTHETIC]",1.66,"kg mass processed",-1170.4,CITED,-1.943
SYNTHETIC,276,1,"Aluminium casing [SYNTHETIC]",1.264,"kg aluminium",14800,CITED,18.707
SYNTHETIC,276,2,"Circuit board (PCB, populated) [SYNTHETIC]",0.354,"kg populated board",185714,DERIVED_FROM_CITED,65.743
SYNTHETIC,276,3,"Battery (Li-ion cell production) [SYNTHETIC]",0.0601,"kWh cell capacity",74000,CITED,4.447
SYNTHETIC,276,4,"Screen (LCD module) [SYNTHETIC]",0.0607,"m2 panel area",222000,CITED,13.475
SYNTHETIC,276,5,"Assembly electricity [SYNTHETIC]",32.5,"kWh factory electricity",445,CITED,14.463
SYNTHETIC,276,6,"Packaging (cardboard) [SYNTHETIC]",1.03,"kg packaging material",1199.73,CITED,1.236
SYNTHETIC,276,7,"International shipping (sea, container) [SYNTHETIC]",52,"tonne-km",16.12,CITED,0.838
SYNTHETIC,276,8,"Use-phase electricity [SYNTHETIC]",168,"kWh lifetime electricity",445,CITED,74.76
SYNTHETIC,276,9,"Repair (replacement battery) [SYNTHETIC]",0.053,"kWh replacement-battery capacity",74000,CITED,3.922
SYNTHETIC,276,10,"E-waste recycling (avoided-burden credit) [SYNTHETIC]",1.87,"kg mass processed",-1170.4,CITED,-2.189
SYNTHETIC,277,1,"Aluminium casing [SYNTHETIC]",1.031,"kg aluminium",14800,CITED,15.259
SYNTHETIC,277,2,"Circuit board (PCB, populated) [SYNTHETIC]",0.367,"kg populated board",185714,DERIVED_FROM_CITED,68.157
SYNTHETIC,277,3,"Battery (Li-ion cell production) [SYNTHETIC]",0.0572,"kWh cell capacity",74000,CITED,4.233
SYNTHETIC,277,4,"Screen (LCD module) [SYNTHETIC]",0.062,"m2 panel area",222000,CITED,13.764
SYNTHETIC,277,5,"Assembly electricity [SYNTHETIC]",32.7,"kWh factory electricity",445,CITED,14.552
SYNTHETIC,277,6,"Packaging (cardboard) [SYNTHETIC]",0.82,"kg packaging material",1199.73,CITED,0.984
SYNTHETIC,277,7,"International shipping (sea, container) [SYNTHETIC]",55.2,"tonne-km",16.12,CITED,0.89
SYNTHETIC,277,8,"Use-phase electricity [SYNTHETIC]",186,"kWh lifetime electricity",445,CITED,82.77
SYNTHETIC,277,9,"Repair (replacement battery) [SYNTHETIC]",0.0567,"kWh replacement-battery capacity",74000,CITED,4.196
SYNTHETIC,277,10,"E-waste recycling (avoided-burden credit) [SYNTHETIC]",1.88,"kg mass processed",-1170.4,CITED,-2.2
SYNTHETIC,278,1,"Aluminium casing [SYNTHETIC]",1.216,"kg aluminium",14800,CITED,17.997
SYNTHETIC,278,2,"Circuit board (PCB, populated) [SYNTHETIC]",0.311,"kg populated board",185714,DERIVED_FROM_CITED,57.757
SYNTHETIC,278,3,"Battery (Li-ion cell production) [SYNTHETIC]",0.0588,"kWh cell capacity",74000,CITED,4.351
SYNTHETIC,278,4,"Screen (LCD module) [SYNTHETIC]",0.0603,"m2 panel area",222000,CITED,13.387
SYNTHETIC,278,5,"Assembly electricity [SYNTHETIC]",27.4,"kWh factory electricity",445,CITED,12.193
SYNTHETIC,278,6,"Packaging (cardboard) [SYNTHETIC]",1.02,"kg packaging material",1199.73,CITED,1.224
SYNTHETIC,278,7,"International shipping (sea, container) [SYNTHETIC]",72.1,"tonne-km",16.12,CITED,1.162
SYNTHETIC,278,8,"Use-phase electricity [SYNTHETIC]",159,"kWh lifetime electricity",445,CITED,70.755
SYNTHETIC,278,9,"Repair (replacement battery) [SYNTHETIC]",0.0677,"kWh replacement-battery capacity",74000,CITED,5.01
SYNTHETIC,278,10,"E-waste recycling (avoided-burden credit) [SYNTHETIC]",1.7,"kg mass processed",-1170.4,CITED,-1.99
SYNTHETIC,279,1,"Aluminium casing [SYNTHETIC]",1.209,"kg aluminium",14800,CITED,17.893
SYNTHETIC,279,2,"Circuit board (PCB, populated) [SYNTHETIC]",0.364,"kg populated board",185714,DERIVED_FROM_CITED,67.6
SYNTHETIC,279,3,"Battery (Li-ion cell production) [SYNTHETIC]",0.0568,"kWh cell capacity",74000,CITED,4.203
SYNTHETIC,279,4,"Screen (LCD module) [SYNTHETIC]",0.0625,"m2 panel area",222000,CITED,13.875
SYNTHETIC,279,5,"Assembly electricity [SYNTHETIC]",24,"kWh factory electricity",445,CITED,10.68
SYNTHETIC,279,6,"Packaging (cardboard) [SYNTHETIC]",1.29,"kg packaging material",1199.73,CITED,1.548
SYNTHETIC,279,7,"International shipping (sea, container) [SYNTHETIC]",57,"tonne-km",16.12,CITED,0.919
SYNTHETIC,279,8,"Use-phase electricity [SYNTHETIC]",131,"kWh lifetime electricity",445,CITED,58.295
SYNTHETIC,279,9,"Repair (replacement battery) [SYNTHETIC]",0.0686,"kWh replacement-battery capacity",74000,CITED,5.076
SYNTHETIC,279,10,"E-waste recycling (avoided-burden credit) [SYNTHETIC]",2.13,"kg mass processed",-1170.4,CITED,-2.493
SYNTHETIC,280,1,"Aluminium casing [SYNTHETIC]",1.115,"kg aluminium",14800,CITED,16.502
SYNTHETIC,280,2,"Circuit board (PCB, populated) [SYNTHETIC]",0.281,"kg populated board",185714,DERIVED_FROM_CITED,52.186
SYNTHETIC,280,3,"Battery (Li-ion cell production) [SYNTHETIC]",0.0692,"kWh cell capacity",74000,CITED,5.121
SYNTHETIC,280,4,"Screen (LCD module) [SYNTHETIC]",0.0619,"m2 panel area",222000,CITED,13.742
SYNTHETIC,280,5,"Assembly electricity [SYNTHETIC]",29.1,"kWh factory electricity",445,CITED,12.95
SYNTHETIC,280,6,"Packaging (cardboard) [SYNTHETIC]",0.82,"kg packaging material",1199.73,CITED,0.984
SYNTHETIC,280,7,"International shipping (sea, container) [SYNTHETIC]",67.9,"tonne-km",16.12,CITED,1.095
SYNTHETIC,280,8,"Use-phase electricity [SYNTHETIC]",179,"kWh lifetime electricity",445,CITED,79.655
SYNTHETIC,280,9,"Repair (replacement battery) [SYNTHETIC]",0.0588,"kWh replacement-battery capacity",74000,CITED,4.351
SYNTHETIC,280,10,"E-waste recycling (avoided-burden credit) [SYNTHETIC]",1.87,"kg mass processed",-1170.4,CITED,-2.189
SYNTHETIC,281,1,"Aluminium casing [SYNTHETIC]",1.231,"kg aluminium",14800,CITED,18.219
SYNTHETIC,281,2,"Circuit board (PCB, populated) [SYNTHETIC]",0.427,"kg populated board",185714,DERIVED_FROM_CITED,79.3
SYNTHETIC,281,3,"Battery (Li-ion cell production) [SYNTHETIC]",0.0641,"kWh cell capacity",74000,CITED,4.743
SYNTHETIC,281,4,"Screen (LCD module) [SYNTHETIC]",0.056,"m2 panel area",222000,CITED,12.432
SYNTHETIC,281,5,"Assembly electricity [SYNTHETIC]",32.9,"kWh factory electricity",445,CITED,14.64
SYNTHETIC,281,6,"Packaging (cardboard) [SYNTHETIC]",0.9,"kg packaging material",1199.73,CITED,1.08
SYNTHETIC,281,7,"International shipping (sea, container) [SYNTHETIC]",74.1,"tonne-km",16.12,CITED,1.194
SYNTHETIC,281,8,"Use-phase electricity [SYNTHETIC]",163,"kWh lifetime electricity",445,CITED,72.535
SYNTHETIC,281,9,"Repair (replacement battery) [SYNTHETIC]",0.0653,"kWh replacement-battery capacity",74000,CITED,4.832
SYNTHETIC,281,10,"E-waste recycling (avoided-burden credit) [SYNTHETIC]",1.68,"kg mass processed",-1170.4,CITED,-1.966
SYNTHETIC,282,1,"Aluminium casing [SYNTHETIC]",1.186,"kg aluminium",14800,CITED,17.553
SYNTHETIC,282,2,"Circuit board (PCB, populated) [SYNTHETIC]",0.4,"kg populated board",185714,DERIVED_FROM_CITED,74.286
SYNTHETIC,282,3,"Battery (Li-ion cell production) [SYNTHETIC]",0.0628,"kWh cell capacity",74000,CITED,4.647
SYNTHETIC,282,4,"Screen (LCD module) [SYNTHETIC]",0.0565,"m2 panel area",222000,CITED,12.543
SYNTHETIC,282,5,"Assembly electricity [SYNTHETIC]",22.5,"kWh factory electricity",445,CITED,10.012
SYNTHETIC,282,6,"Packaging (cardboard) [SYNTHETIC]",0.99,"kg packaging material",1199.73,CITED,1.188
SYNTHETIC,282,7,"International shipping (sea, container) [SYNTHETIC]",72.4,"tonne-km",16.12,CITED,1.167
SYNTHETIC,282,8,"Use-phase electricity [SYNTHETIC]",171,"kWh lifetime electricity",445,CITED,76.095
SYNTHETIC,282,9,"Repair (replacement battery) [SYNTHETIC]",0.07,"kWh replacement-battery capacity",74000,CITED,5.18
SYNTHETIC,282,10,"E-waste recycling (avoided-burden credit) [SYNTHETIC]",1.66,"kg mass processed",-1170.4,CITED,-1.943
SYNTHETIC,283,1,"Aluminium casing [SYNTHETIC]",1.193,"kg aluminium",14800,CITED,17.656
SYNTHETIC,283,2,"Circuit board (PCB, populated) [SYNTHETIC]",0.424,"kg populated board",185714,DERIVED_FROM_CITED,78.743
SYNTHETIC,283,3,"Battery (Li-ion cell production) [SYNTHETIC]",0.0557,"kWh cell capacity",74000,CITED,4.122
SYNTHETIC,283,4,"Screen (LCD module) [SYNTHETIC]",0.0524,"m2 panel area",222000,CITED,11.633
SYNTHETIC,283,5,"Assembly electricity [SYNTHETIC]",22.7,"kWh factory electricity",445,CITED,10.101
SYNTHETIC,283,6,"Packaging (cardboard) [SYNTHETIC]",0.96,"kg packaging material",1199.73,CITED,1.152
SYNTHETIC,283,7,"International shipping (sea, container) [SYNTHETIC]",55.8,"tonne-km",16.12,CITED,0.899
SYNTHETIC,283,8,"Use-phase electricity [SYNTHETIC]",243,"kWh lifetime electricity",445,CITED,108.135
SYNTHETIC,283,9,"Repair (replacement battery) [SYNTHETIC]",0.0526,"kWh replacement-battery capacity",74000,CITED,3.892
SYNTHETIC,283,10,"E-waste recycling (avoided-burden credit) [SYNTHETIC]",2.06,"kg mass processed",-1170.4,CITED,-2.411
SYNTHETIC,284,1,"Aluminium casing [SYNTHETIC]",0.884,"kg aluminium",14800,CITED,13.083
SYNTHETIC,284,2,"Circuit board (PCB, populated) [SYNTHETIC]",0.383,"kg populated board",185714,DERIVED_FROM_CITED,71.128
SYNTHETIC,284,3,"Battery (Li-ion cell production) [SYNTHETIC]",0.062,"kWh cell capacity",74000,CITED,4.588
SYNTHETIC,284,4,"Screen (LCD module) [SYNTHETIC]",0.0545,"m2 panel area",222000,CITED,12.099
SYNTHETIC,284,5,"Assembly electricity [SYNTHETIC]",19.3,"kWh factory electricity",445,CITED,8.588
SYNTHETIC,284,6,"Packaging (cardboard) [SYNTHETIC]",0.79,"kg packaging material",1199.73,CITED,0.948
SYNTHETIC,284,7,"International shipping (sea, container) [SYNTHETIC]",76.4,"tonne-km",16.12,CITED,1.232
SYNTHETIC,284,8,"Use-phase electricity [SYNTHETIC]",176,"kWh lifetime electricity",445,CITED,78.32
SYNTHETIC,284,9,"Repair (replacement battery) [SYNTHETIC]",0.0543,"kWh replacement-battery capacity",74000,CITED,4.018
SYNTHETIC,284,10,"E-waste recycling (avoided-burden credit) [SYNTHETIC]",1.96,"kg mass processed",-1170.4,CITED,-2.294
SYNTHETIC,285,1,"Aluminium casing [SYNTHETIC]",1.481,"kg aluminium",14800,CITED,21.919
SYNTHETIC,285,2,"Circuit board (PCB, populated) [SYNTHETIC]",0.298,"kg populated board",185714,DERIVED_FROM_CITED,55.343
SYNTHETIC,285,3,"Battery (Li-ion cell production) [SYNTHETIC]",0.0714,"kWh cell capacity",74000,CITED,5.284
SYNTHETIC,285,4,"Screen (LCD module) [SYNTHETIC]",0.0698,"m2 panel area",222000,CITED,15.496
SYNTHETIC,285,5,"Assembly electricity [SYNTHETIC]",22.5,"kWh factory electricity",445,CITED,10.012
SYNTHETIC,285,6,"Packaging (cardboard) [SYNTHETIC]",0.95,"kg packaging material",1199.73,CITED,1.14
SYNTHETIC,285,7,"International shipping (sea, container) [SYNTHETIC]",58.8,"tonne-km",16.12,CITED,0.948
SYNTHETIC,285,8,"Use-phase electricity [SYNTHETIC]",219,"kWh lifetime electricity",445,CITED,97.455
SYNTHETIC,285,9,"Repair (replacement battery) [SYNTHETIC]",0.071,"kWh replacement-battery capacity",74000,CITED,5.254
SYNTHETIC,285,10,"E-waste recycling (avoided-burden credit) [SYNTHETIC]",2.07,"kg mass processed",-1170.4,CITED,-2.423
SYNTHETIC,286,1,"Aluminium casing [SYNTHETIC]",1.287,"kg aluminium",14800,CITED,19.048
SYNTHETIC,286,2,"Circuit board (PCB, populated) [SYNTHETIC]",0.309,"kg populated board",185714,DERIVED_FROM_CITED,57.386
SYNTHETIC,286,3,"Battery (Li-ion cell production) [SYNTHETIC]",0.0577,"kWh cell capacity",74000,CITED,4.27
SYNTHETIC,286,4,"Screen (LCD module) [SYNTHETIC]",0.0538,"m2 panel area",222000,CITED,11.944
SYNTHETIC,286,5,"Assembly electricity [SYNTHETIC]",24.2,"kWh factory electricity",445,CITED,10.769
SYNTHETIC,286,6,"Packaging (cardboard) [SYNTHETIC]",0.74,"kg packaging material",1199.73,CITED,0.888
SYNTHETIC,286,7,"International shipping (sea, container) [SYNTHETIC]",39.2,"tonne-km",16.12,CITED,0.632
SYNTHETIC,286,8,"Use-phase electricity [SYNTHETIC]",182,"kWh lifetime electricity",445,CITED,80.99
SYNTHETIC,286,9,"Repair (replacement battery) [SYNTHETIC]",0.0639,"kWh replacement-battery capacity",74000,CITED,4.729
SYNTHETIC,286,10,"E-waste recycling (avoided-burden credit) [SYNTHETIC]",2.17,"kg mass processed",-1170.4,CITED,-2.54
SYNTHETIC,287,1,"Aluminium casing [SYNTHETIC]",1.19,"kg aluminium",14800,CITED,17.612
SYNTHETIC,287,2,"Circuit board (PCB, populated) [SYNTHETIC]",0.355,"kg populated board",185714,DERIVED_FROM_CITED,65.928
SYNTHETIC,287,3,"Battery (Li-ion cell production) [SYNTHETIC]",0.0616,"kWh cell capacity",74000,CITED,4.558
SYNTHETIC,287,4,"Screen (LCD module) [SYNTHETIC]",0.0538,"m2 panel area",222000,CITED,11.944
SYNTHETIC,287,5,"Assembly electricity [SYNTHETIC]",21.3,"kWh factory electricity",445,CITED,9.479
SYNTHETIC,287,6,"Packaging (cardboard) [SYNTHETIC]",0.64,"kg packaging material",1199.73,CITED,0.768
SYNTHETIC,287,7,"International shipping (sea, container) [SYNTHETIC]",78.2,"tonne-km",16.12,CITED,1.261
SYNTHETIC,287,8,"Use-phase electricity [SYNTHETIC]",154,"kWh lifetime electricity",445,CITED,68.53
SYNTHETIC,287,9,"Repair (replacement battery) [SYNTHETIC]",0.0661,"kWh replacement-battery capacity",74000,CITED,4.891
SYNTHETIC,287,10,"E-waste recycling (avoided-burden credit) [SYNTHETIC]",2,"kg mass processed",-1170.4,CITED,-2.341
SYNTHETIC,288,1,"Aluminium casing [SYNTHETIC]",1.07,"kg aluminium",14800,CITED,15.836
SYNTHETIC,288,2,"Circuit board (PCB, populated) [SYNTHETIC]",0.406,"kg populated board",185714,DERIVED_FROM_CITED,75.4
SYNTHETIC,288,3,"Battery (Li-ion cell production) [SYNTHETIC]",0.0643,"kWh cell capacity",74000,CITED,4.758
SYNTHETIC,288,4,"Screen (LCD module) [SYNTHETIC]",0.0568,"m2 panel area",222000,CITED,12.61
SYNTHETIC,288,5,"Assembly electricity [SYNTHETIC]",33.5,"kWh factory electricity",445,CITED,14.908
SYNTHETIC,288,6,"Packaging (cardboard) [SYNTHETIC]",0.7,"kg packaging material",1199.73,CITED,0.84
SYNTHETIC,288,7,"International shipping (sea, container) [SYNTHETIC]",70.6,"tonne-km",16.12,CITED,1.138
SYNTHETIC,288,8,"Use-phase electricity [SYNTHETIC]",216,"kWh lifetime electricity",445,CITED,96.12
SYNTHETIC,288,9,"Repair (replacement battery) [SYNTHETIC]",0.0595,"kWh replacement-battery capacity",74000,CITED,4.403
SYNTHETIC,288,10,"E-waste recycling (avoided-burden credit) [SYNTHETIC]",1.9,"kg mass processed",-1170.4,CITED,-2.224
SYNTHETIC,289,1,"Aluminium casing [SYNTHETIC]",1.164,"kg aluminium",14800,CITED,17.227
SYNTHETIC,289,2,"Circuit board (PCB, populated) [SYNTHETIC]",0.439,"kg populated board",185714,DERIVED_FROM_CITED,81.528
SYNTHETIC,289,3,"Battery (Li-ion cell production) [SYNTHETIC]",0.0617,"kWh cell capacity",74000,CITED,4.566
SYNTHETIC,289,4,"Screen (LCD module) [SYNTHETIC]",0.0571,"m2 panel area",222000,CITED,12.676
SYNTHETIC,289,5,"Assembly electricity [SYNTHETIC]",27.8,"kWh factory electricity",445,CITED,12.371
SYNTHETIC,289,6,"Packaging (cardboard) [SYNTHETIC]",0.86,"kg packaging material",1199.73,CITED,1.032
SYNTHETIC,289,7,"International shipping (sea, container) [SYNTHETIC]",67.7,"tonne-km",16.12,CITED,1.091
SYNTHETIC,289,8,"Use-phase electricity [SYNTHETIC]",140,"kWh lifetime electricity",445,CITED,62.3
SYNTHETIC,289,9,"Repair (replacement battery) [SYNTHETIC]",0.0605,"kWh replacement-battery capacity",74000,CITED,4.477
SYNTHETIC,289,10,"E-waste recycling (avoided-burden credit) [SYNTHETIC]",2.01,"kg mass processed",-1170.4,CITED,-2.353
SYNTHETIC,290,1,"Aluminium casing [SYNTHETIC]",0.938,"kg aluminium",14800,CITED,13.882
SYNTHETIC,290,2,"Circuit board (PCB, populated) [SYNTHETIC]",0.307,"kg populated board",185714,DERIVED_FROM_CITED,57.014
SYNTHETIC,290,3,"Battery (Li-ion cell production) [SYNTHETIC]",0.0454,"kWh cell capacity",74000,CITED,3.36
SYNTHETIC,290,4,"Screen (LCD module) [SYNTHETIC]",0.0541,"m2 panel area",222000,CITED,12.01
SYNTHETIC,290,5,"Assembly electricity [SYNTHETIC]",27.8,"kWh factory electricity",445,CITED,12.371
SYNTHETIC,290,6,"Packaging (cardboard) [SYNTHETIC]",0.97,"kg packaging material",1199.73,CITED,1.164
SYNTHETIC,290,7,"International shipping (sea, container) [SYNTHETIC]",69.2,"tonne-km",16.12,CITED,1.116
SYNTHETIC,290,8,"Use-phase electricity [SYNTHETIC]",165,"kWh lifetime electricity",445,CITED,73.425
SYNTHETIC,290,9,"Repair (replacement battery) [SYNTHETIC]",0.0664,"kWh replacement-battery capacity",74000,CITED,4.914
SYNTHETIC,290,10,"E-waste recycling (avoided-burden credit) [SYNTHETIC]",1.7,"kg mass processed",-1170.4,CITED,-1.99
SYNTHETIC,291,1,"Aluminium casing [SYNTHETIC]",1.181,"kg aluminium",14800,CITED,17.479
SYNTHETIC,291,2,"Circuit board (PCB, populated) [SYNTHETIC]",0.323,"kg populated board",185714,DERIVED_FROM_CITED,59.986
SYNTHETIC,291,3,"Battery (Li-ion cell production) [SYNTHETIC]",0.071,"kWh cell capacity",74000,CITED,5.254
SYNTHETIC,291,4,"Screen (LCD module) [SYNTHETIC]",0.0674,"m2 panel area",222000,CITED,14.963
SYNTHETIC,291,5,"Assembly electricity [SYNTHETIC]",24.4,"kWh factory electricity",445,CITED,10.858
SYNTHETIC,291,6,"Packaging (cardboard) [SYNTHETIC]",0.92,"kg packaging material",1199.73,CITED,1.104
SYNTHETIC,291,7,"International shipping (sea, container) [SYNTHETIC]",65,"tonne-km",16.12,CITED,1.048
SYNTHETIC,291,8,"Use-phase electricity [SYNTHETIC]",163,"kWh lifetime electricity",445,CITED,72.535
SYNTHETIC,291,9,"Repair (replacement battery) [SYNTHETIC]",0.0578,"kWh replacement-battery capacity",74000,CITED,4.277
SYNTHETIC,291,10,"E-waste recycling (avoided-burden credit) [SYNTHETIC]",2.01,"kg mass processed",-1170.4,CITED,-2.353
SYNTHETIC,292,1,"Aluminium casing [SYNTHETIC]",1.169,"kg aluminium",14800,CITED,17.301
SYNTHETIC,292,2,"Circuit board (PCB, populated) [SYNTHETIC]",0.323,"kg populated board",185714,DERIVED_FROM_CITED,59.986
SYNTHETIC,292,3,"Battery (Li-ion cell production) [SYNTHETIC]",0.0633,"kWh cell capacity",74000,CITED,4.684
SYNTHETIC,292,4,"Screen (LCD module) [SYNTHETIC]",0.0625,"m2 panel area",222000,CITED,13.875
SYNTHETIC,292,5,"Assembly electricity [SYNTHETIC]",17.8,"kWh factory electricity",445,CITED,7.921
SYNTHETIC,292,6,"Packaging (cardboard) [SYNTHETIC]",0.85,"kg packaging material",1199.73,CITED,1.02
SYNTHETIC,292,7,"International shipping (sea, container) [SYNTHETIC]",65.1,"tonne-km",16.12,CITED,1.049
SYNTHETIC,292,8,"Use-phase electricity [SYNTHETIC]",173,"kWh lifetime electricity",445,CITED,76.985
SYNTHETIC,292,9,"Repair (replacement battery) [SYNTHETIC]",0.0586,"kWh replacement-battery capacity",74000,CITED,4.336
SYNTHETIC,292,10,"E-waste recycling (avoided-burden credit) [SYNTHETIC]",1.92,"kg mass processed",-1170.4,CITED,-2.247
SYNTHETIC,293,1,"Aluminium casing [SYNTHETIC]",1.082,"kg aluminium",14800,CITED,16.014
SYNTHETIC,293,2,"Circuit board (PCB, populated) [SYNTHETIC]",0.346,"kg populated board",185714,DERIVED_FROM_CITED,64.257
SYNTHETIC,293,3,"Battery (Li-ion cell production) [SYNTHETIC]",0.0537,"kWh cell capacity",74000,CITED,3.974
SYNTHETIC,293,4,"Screen (LCD module) [SYNTHETIC]",0.0569,"m2 panel area",222000,CITED,12.632
SYNTHETIC,293,5,"Assembly electricity [SYNTHETIC]",24.5,"kWh factory electricity",445,CITED,10.902
SYNTHETIC,293,6,"Packaging (cardboard) [SYNTHETIC]",0.92,"kg packaging material",1199.73,CITED,1.104
SYNTHETIC,293,7,"International shipping (sea, container) [SYNTHETIC]",60.8,"tonne-km",16.12,CITED,0.98
SYNTHETIC,293,8,"Use-phase electricity [SYNTHETIC]",163,"kWh lifetime electricity",445,CITED,72.535
SYNTHETIC,293,9,"Repair (replacement battery) [SYNTHETIC]",0.0709,"kWh replacement-battery capacity",74000,CITED,5.247
SYNTHETIC,293,10,"E-waste recycling (avoided-burden credit) [SYNTHETIC]",1.51,"kg mass processed",-1170.4,CITED,-1.767
SYNTHETIC,294,1,"Aluminium casing [SYNTHETIC]",0.861,"kg aluminium",14800,CITED,12.743
SYNTHETIC,294,2,"Circuit board (PCB, populated) [SYNTHETIC]",0.437,"kg populated board",185714,DERIVED_FROM_CITED,81.157
SYNTHETIC,294,3,"Battery (Li-ion cell production) [SYNTHETIC]",0.0538,"kWh cell capacity",74000,CITED,3.981
SYNTHETIC,294,4,"Screen (LCD module) [SYNTHETIC]",0.0518,"m2 panel area",222000,CITED,11.5
SYNTHETIC,294,5,"Assembly electricity [SYNTHETIC]",24,"kWh factory electricity",445,CITED,10.68
SYNTHETIC,294,6,"Packaging (cardboard) [SYNTHETIC]",1.08,"kg packaging material",1199.73,CITED,1.296
SYNTHETIC,294,7,"International shipping (sea, container) [SYNTHETIC]",76.1,"tonne-km",16.12,CITED,1.227
SYNTHETIC,294,8,"Use-phase electricity [SYNTHETIC]",258,"kWh lifetime electricity",445,CITED,114.81
SYNTHETIC,294,9,"Repair (replacement battery) [SYNTHETIC]",0.0492,"kWh replacement-battery capacity",74000,CITED,3.641
SYNTHETIC,294,10,"E-waste recycling (avoided-burden credit) [SYNTHETIC]",2.16,"kg mass processed",-1170.4,CITED,-2.528
SYNTHETIC,295,1,"Aluminium casing [SYNTHETIC]",1.311,"kg aluminium",14800,CITED,19.403
SYNTHETIC,295,2,"Circuit board (PCB, populated) [SYNTHETIC]",0.265,"kg populated board",185714,DERIVED_FROM_CITED,49.214
SYNTHETIC,295,3,"Battery (Li-ion cell production) [SYNTHETIC]",0.0502,"kWh cell capacity",74000,CITED,3.715
SYNTHETIC,295,4,"Screen (LCD module) [SYNTHETIC]",0.0547,"m2 panel area",222000,CITED,12.143
SYNTHETIC,295,5,"Assembly electricity [SYNTHETIC]",28.8,"kWh factory electricity",445,CITED,12.816
SYNTHETIC,295,6,"Packaging (cardboard) [SYNTHETIC]",0.92,"kg packaging material",1199.73,CITED,1.104
SYNTHETIC,295,7,"International shipping (sea, container) [SYNTHETIC]",59.2,"tonne-km",16.12,CITED,0.954
SYNTHETIC,295,8,"Use-phase electricity [SYNTHETIC]",175,"kWh lifetime electricity",445,CITED,77.875
SYNTHETIC,295,9,"Repair (replacement battery) [SYNTHETIC]",0.0629,"kWh replacement-battery capacity",74000,CITED,4.655
SYNTHETIC,295,10,"E-waste recycling (avoided-burden credit) [SYNTHETIC]",1.87,"kg mass processed",-1170.4,CITED,-2.189
SYNTHETIC,296,1,"Aluminium casing [SYNTHETIC]",1.359,"kg aluminium",14800,CITED,20.113
SYNTHETIC,296,2,"Circuit board (PCB, populated) [SYNTHETIC]",0.306,"kg populated board",185714,DERIVED_FROM_CITED,56.828
SYNTHETIC,296,3,"Battery (Li-ion cell production) [SYNTHETIC]",0.0501,"kWh cell capacity",74000,CITED,3.707
SYNTHETIC,296,4,"Screen (LCD module) [SYNTHETIC]",0.0625,"m2 panel area",222000,CITED,13.875
SYNTHETIC,296,5,"Assembly electricity [SYNTHETIC]",24.7,"kWh factory electricity",445,CITED,10.992
SYNTHETIC,296,6,"Packaging (cardboard) [SYNTHETIC]",0.65,"kg packaging material",1199.73,CITED,0.78
SYNTHETIC,296,7,"International shipping (sea, container) [SYNTHETIC]",61.9,"tonne-km",16.12,CITED,0.998
SYNTHETIC,296,8,"Use-phase electricity [SYNTHETIC]",140,"kWh lifetime electricity",445,CITED,62.3
SYNTHETIC,296,9,"Repair (replacement battery) [SYNTHETIC]",0.0625,"kWh replacement-battery capacity",74000,CITED,4.625
SYNTHETIC,296,10,"E-waste recycling (avoided-burden credit) [SYNTHETIC]",2.36,"kg mass processed",-1170.4,CITED,-2.762
SYNTHETIC,297,1,"Aluminium casing [SYNTHETIC]",1.408,"kg aluminium",14800,CITED,20.838
SYNTHETIC,297,2,"Circuit board (PCB, populated) [SYNTHETIC]",0.412,"kg populated board",185714,DERIVED_FROM_CITED,76.514
SYNTHETIC,297,3,"Battery (Li-ion cell production) [SYNTHETIC]",0.0608,"kWh cell capacity",74000,CITED,4.499
SYNTHETIC,297,4,"Screen (LCD module) [SYNTHETIC]",0.0618,"m2 panel area",222000,CITED,13.72
SYNTHETIC,297,5,"Assembly electricity [SYNTHETIC]",23.2,"kWh factory electricity",445,CITED,10.324
SYNTHETIC,297,6,"Packaging (cardboard) [SYNTHETIC]",1.03,"kg packaging material",1199.73,CITED,1.236
SYNTHETIC,297,7,"International shipping (sea, container) [SYNTHETIC]",58.4,"tonne-km",16.12,CITED,0.941
SYNTHETIC,297,8,"Use-phase electricity [SYNTHETIC]",95,"kWh lifetime electricity",445,CITED,42.275
SYNTHETIC,297,9,"Repair (replacement battery) [SYNTHETIC]",0.0629,"kWh replacement-battery capacity",74000,CITED,4.655
SYNTHETIC,297,10,"E-waste recycling (avoided-burden credit) [SYNTHETIC]",2.39,"kg mass processed",-1170.4,CITED,-2.797
SYNTHETIC,298,1,"Aluminium casing [SYNTHETIC]",1.175,"kg aluminium",14800,CITED,17.39
SYNTHETIC,298,2,"Circuit board (PCB, populated) [SYNTHETIC]",0.37,"kg populated board",185714,DERIVED_FROM_CITED,68.714
SYNTHETIC,298,3,"Battery (Li-ion cell production) [SYNTHETIC]",0.0509,"kWh cell capacity",74000,CITED,3.767
SYNTHETIC,298,4,"Screen (LCD module) [SYNTHETIC]",0.0605,"m2 panel area",222000,CITED,13.431
SYNTHETIC,298,5,"Assembly electricity [SYNTHETIC]",29.4,"kWh factory electricity",445,CITED,13.083
SYNTHETIC,298,6,"Packaging (cardboard) [SYNTHETIC]",0.88,"kg packaging material",1199.73,CITED,1.056
SYNTHETIC,298,7,"International shipping (sea, container) [SYNTHETIC]",55.9,"tonne-km",16.12,CITED,0.901
SYNTHETIC,298,8,"Use-phase electricity [SYNTHETIC]",204,"kWh lifetime electricity",445,CITED,90.78
SYNTHETIC,298,9,"Repair (replacement battery) [SYNTHETIC]",0.0635,"kWh replacement-battery capacity",74000,CITED,4.699
SYNTHETIC,298,10,"E-waste recycling (avoided-burden credit) [SYNTHETIC]",2.09,"kg mass processed",-1170.4,CITED,-2.446
SYNTHETIC,299,1,"Aluminium casing [SYNTHETIC]",1.068,"kg aluminium",14800,CITED,15.806
SYNTHETIC,299,2,"Circuit board (PCB, populated) [SYNTHETIC]",0.404,"kg populated board",185714,DERIVED_FROM_CITED,75.028
SYNTHETIC,299,3,"Battery (Li-ion cell production) [SYNTHETIC]",0.0718,"kWh cell capacity",74000,CITED,5.313
SYNTHETIC,299,4,"Screen (LCD module) [SYNTHETIC]",0.0504,"m2 panel area",222000,CITED,11.189
SYNTHETIC,299,5,"Assembly electricity [SYNTHETIC]",25.9,"kWh factory electricity",445,CITED,11.525
SYNTHETIC,299,6,"Packaging (cardboard) [SYNTHETIC]",0.88,"kg packaging material",1199.73,CITED,1.056
SYNTHETIC,299,7,"International shipping (sea, container) [SYNTHETIC]",66,"tonne-km",16.12,CITED,1.064
SYNTHETIC,299,8,"Use-phase electricity [SYNTHETIC]",167,"kWh lifetime electricity",445,CITED,74.315
SYNTHETIC,299,9,"Repair (replacement battery) [SYNTHETIC]",0.0643,"kWh replacement-battery capacity",74000,CITED,4.758
SYNTHETIC,299,10,"E-waste recycling (avoided-burden credit) [SYNTHETIC]",2.16,"kg mass processed",-1170.4,CITED,-2.528
SYNTHETIC,300,1,"Aluminium casing [SYNTHETIC]",1.013,"kg aluminium",14800,CITED,14.992
SYNTHETIC,300,2,"Circuit board (PCB, populated) [SYNTHETIC]",0.296,"kg populated board",185714,DERIVED_FROM_CITED,54.971
SYNTHETIC,300,3,"Battery (Li-ion cell production) [SYNTHETIC]",0.0531,"kWh cell capacity",74000,CITED,3.929
SYNTHETIC,300,4,"Screen (LCD module) [SYNTHETIC]",0.0502,"m2 panel area",222000,CITED,11.144
SYNTHETIC,300,5,"Assembly electricity [SYNTHETIC]",25.1,"kWh factory electricity",445,CITED,11.169
SYNTHETIC,300,6,"Packaging (cardboard) [SYNTHETIC]",0.82,"kg packaging material",1199.73,CITED,0.984
SYNTHETIC,300,7,"International shipping (sea, container) [SYNTHETIC]",60,"tonne-km",16.12,CITED,0.967
SYNTHETIC,300,8,"Use-phase electricity [SYNTHETIC]",185,"kWh lifetime electricity",445,CITED,82.325
SYNTHETIC,300,9,"Repair (replacement battery) [SYNTHETIC]",0.0668,"kWh replacement-battery capacity",74000,CITED,4.943
SYNTHETIC,300,10,"E-waste recycling (avoided-burden credit) [SYNTHETIC]",1.77,"kg mass processed",-1170.4,CITED,-2.072
